WARNING - 2025-06-14 04:46:50 --> [DEPRECATED] Passing lowercase HTTP method "get" is deprecated. Use uppercase HTTP method like "GET". in SYSTEMPATH\Router\RouteCollection.php on line 1029.
 1 SYSTEMPATH\Router\RouteCollection.php(1029): trigger_error('Passing lowercase HTTP method "get" is deprecated. Use uppercase HTTP method like "GET".', 16384)
 2 APPPATH\Config\Routes.php(14): CodeIgniter\Router\RouteCollection->match([...], 'user/login', 'User::login')
 3 SYSTEMPATH\Router\RouteCollection.php(339): require('C:\\xampp\\htdocs\\lab7web\\ci4\\app\\Config\\Routes.php')
 4 SYSTEMPATH\CodeIgniter.php(821): CodeIgniter\Router\RouteCollection->loadRoutes()
 5 SYSTEMPATH\CodeIgniter.php(455): CodeIgniter\CodeIgniter->tryToRouteIt(null)
 6 SYSTEMPATH\CodeIgniter.php(354): CodeIgniter\CodeIgniter->handleRequest(null, Object(Config\Cache), false)
 7 SYSTEMPATH\Boot.php(334): CodeIgniter\CodeIgniter->run()
 8 SYSTEMPATH\Boot.php(67): CodeIgniter\Boot::runCodeIgniter(Object(CodeIgniter\CodeIgniter))
 9 FCPATH\index.php(56): CodeIgniter\Boot::bootWeb(Object(Config\Paths))
WARNING - 2025-06-14 04:46:50 --> [DEPRECATED] Passing lowercase HTTP method "post" is deprecated. Use uppercase HTTP method like "POST". in SYSTEMPATH\Router\RouteCollection.php on line 1029.
 1 SYSTEMPATH\Router\RouteCollection.php(1029): trigger_error('Passing lowercase HTTP method "post" is deprecated. Use uppercase HTTP method like "POST".', 16384)
 2 APPPATH\Config\Routes.php(14): CodeIgniter\Router\RouteCollection->match([...], 'user/login', 'User::login')
 3 SYSTEMPATH\Router\RouteCollection.php(339): require('C:\\xampp\\htdocs\\lab7web\\ci4\\app\\Config\\Routes.php')
 4 SYSTEMPATH\CodeIgniter.php(821): CodeIgniter\Router\RouteCollection->loadRoutes()
 5 SYSTEMPATH\CodeIgniter.php(455): CodeIgniter\CodeIgniter->tryToRouteIt(null)
 6 SYSTEMPATH\CodeIgniter.php(354): CodeIgniter\CodeIgniter->handleRequest(null, Object(Config\Cache), false)
 7 SYSTEMPATH\Boot.php(334): CodeIgniter\CodeIgniter->run()
 8 SYSTEMPATH\Boot.php(67): CodeIgniter\Boot::runCodeIgniter(Object(CodeIgniter\CodeIgniter))
 9 FCPATH\index.php(56): CodeIgniter\Boot::bootWeb(Object(Config\Paths))
WARNING - 2025-06-14 04:46:55 --> [DEPRECATED] Passing lowercase HTTP method "get" is deprecated. Use uppercase HTTP method like "GET". in SYSTEMPATH\Router\RouteCollection.php on line 1029.
 1 SYSTEMPATH\Router\RouteCollection.php(1029): trigger_error('Passing lowercase HTTP method "get" is deprecated. Use uppercase HTTP method like "GET".', 16384)
 2 APPPATH\Config\Routes.php(14): CodeIgniter\Router\RouteCollection->match([...], 'user/login', 'User::login')
 3 SYSTEMPATH\Router\RouteCollection.php(339): require('C:\\xampp\\htdocs\\lab7web\\ci4\\app\\Config\\Routes.php')
 4 SYSTEMPATH\CodeIgniter.php(821): CodeIgniter\Router\RouteCollection->loadRoutes()
 5 SYSTEMPATH\CodeIgniter.php(455): CodeIgniter\CodeIgniter->tryToRouteIt(null)
 6 SYSTEMPATH\CodeIgniter.php(354): CodeIgniter\CodeIgniter->handleRequest(null, Object(Config\Cache), false)
 7 SYSTEMPATH\Boot.php(334): CodeIgniter\CodeIgniter->run()
 8 SYSTEMPATH\Boot.php(67): CodeIgniter\Boot::runCodeIgniter(Object(CodeIgniter\CodeIgniter))
 9 FCPATH\index.php(56): CodeIgniter\Boot::bootWeb(Object(Config\Paths))
WARNING - 2025-06-14 04:46:55 --> [DEPRECATED] Passing lowercase HTTP method "post" is deprecated. Use uppercase HTTP method like "POST". in SYSTEMPATH\Router\RouteCollection.php on line 1029.
 1 SYSTEMPATH\Router\RouteCollection.php(1029): trigger_error('Passing lowercase HTTP method "post" is deprecated. Use uppercase HTTP method like "POST".', 16384)
 2 APPPATH\Config\Routes.php(14): CodeIgniter\Router\RouteCollection->match([...], 'user/login', 'User::login')
 3 SYSTEMPATH\Router\RouteCollection.php(339): require('C:\\xampp\\htdocs\\lab7web\\ci4\\app\\Config\\Routes.php')
 4 SYSTEMPATH\CodeIgniter.php(821): CodeIgniter\Router\RouteCollection->loadRoutes()
 5 SYSTEMPATH\CodeIgniter.php(455): CodeIgniter\CodeIgniter->tryToRouteIt(null)
 6 SYSTEMPATH\CodeIgniter.php(354): CodeIgniter\CodeIgniter->handleRequest(null, Object(Config\Cache), false)
 7 SYSTEMPATH\Boot.php(334): CodeIgniter\CodeIgniter->run()
 8 SYSTEMPATH\Boot.php(67): CodeIgniter\Boot::runCodeIgniter(Object(CodeIgniter\CodeIgniter))
 9 FCPATH\index.php(56): CodeIgniter\Boot::bootWeb(Object(Config\Paths))
CRITICAL - 2025-06-14 04:46:56 --> ErrorException: Undefined array key "gambar"
[Method: GET, Route: artikel]
in APPPATH\Views\artikel\index.php on line 10.
 1 APPPATH\Views\artikel\index.php(10): CodeIgniter\Debug\Exceptions->errorHandler(2, 'Undefined array key "gambar"', 'C:\\xampp\\htdocs\\lab7web\\ci4\\app\\Views\\artikel\\index.php', 10)
 2 SYSTEMPATH\View\View.php(224): include('C:\\xampp\\htdocs\\lab7web\\ci4\\app\\Views\\artikel\\index.php')
 3 SYSTEMPATH\View\View.php(227): CodeIgniter\View\View->CodeIgniter\View\{closure}()
 4 SYSTEMPATH\Common.php(1173): CodeIgniter\View\View->render('artikel/index', [], true)
 5 APPPATH\Controllers\Artikel.php(15): view('artikel/index', [...])
 6 SYSTEMPATH\CodeIgniter.php(933): App\Controllers\Artikel->index()
 7 SYSTEMPATH\CodeIgniter.php(507): CodeIgniter\CodeIgniter->runController(Object(App\Controllers\Artikel))
 8 SYSTEMPATH\CodeIgniter.php(354): CodeIgniter\CodeIgniter->handleRequest(null, Object(Config\Cache), false)
 9 SYSTEMPATH\Boot.php(334): CodeIgniter\CodeIgniter->run()
10 SYSTEMPATH\Boot.php(67): CodeIgniter\Boot::runCodeIgniter(Object(CodeIgniter\CodeIgniter))
11 FCPATH\index.php(56): CodeIgniter\Boot::bootWeb(Object(Config\Paths))
WARNING - 2025-06-14 04:47:33 --> [DEPRECATED] Passing lowercase HTTP method "get" is deprecated. Use uppercase HTTP method like "GET". in SYSTEMPATH\Router\RouteCollection.php on line 1029.
 1 SYSTEMPATH\Router\RouteCollection.php(1029): trigger_error('Passing lowercase HTTP method "get" is deprecated. Use uppercase HTTP method like "GET".', 16384)
 2 APPPATH\Config\Routes.php(14): CodeIgniter\Router\RouteCollection->match([...], 'user/login', 'User::login')
 3 SYSTEMPATH\Router\RouteCollection.php(339): require('C:\\xampp\\htdocs\\lab7web\\ci4\\app\\Config\\Routes.php')
 4 SYSTEMPATH\CodeIgniter.php(821): CodeIgniter\Router\RouteCollection->loadRoutes()
 5 SYSTEMPATH\CodeIgniter.php(455): CodeIgniter\CodeIgniter->tryToRouteIt(null)
 6 SYSTEMPATH\CodeIgniter.php(354): CodeIgniter\CodeIgniter->handleRequest(null, Object(Config\Cache), false)
 7 SYSTEMPATH\Boot.php(334): CodeIgniter\CodeIgniter->run()
 8 SYSTEMPATH\Boot.php(67): CodeIgniter\Boot::runCodeIgniter(Object(CodeIgniter\CodeIgniter))
 9 FCPATH\index.php(56): CodeIgniter\Boot::bootWeb(Object(Config\Paths))
WARNING - 2025-06-14 04:47:33 --> [DEPRECATED] Passing lowercase HTTP method "post" is deprecated. Use uppercase HTTP method like "POST". in SYSTEMPATH\Router\RouteCollection.php on line 1029.
 1 SYSTEMPATH\Router\RouteCollection.php(1029): trigger_error('Passing lowercase HTTP method "post" is deprecated. Use uppercase HTTP method like "POST".', 16384)
 2 APPPATH\Config\Routes.php(14): CodeIgniter\Router\RouteCollection->match([...], 'user/login', 'User::login')
 3 SYSTEMPATH\Router\RouteCollection.php(339): require('C:\\xampp\\htdocs\\lab7web\\ci4\\app\\Config\\Routes.php')
 4 SYSTEMPATH\CodeIgniter.php(821): CodeIgniter\Router\RouteCollection->loadRoutes()
 5 SYSTEMPATH\CodeIgniter.php(455): CodeIgniter\CodeIgniter->tryToRouteIt(null)
 6 SYSTEMPATH\CodeIgniter.php(354): CodeIgniter\CodeIgniter->handleRequest(null, Object(Config\Cache), false)
 7 SYSTEMPATH\Boot.php(334): CodeIgniter\CodeIgniter->run()
 8 SYSTEMPATH\Boot.php(67): CodeIgniter\Boot::runCodeIgniter(Object(CodeIgniter\CodeIgniter))
 9 FCPATH\index.php(56): CodeIgniter\Boot::bootWeb(Object(Config\Paths))
CRITICAL - 2025-06-14 04:47:33 --> ErrorException: Undefined array key "gambar"
[Method: GET, Route: artikel]
in APPPATH\Views\artikel\index.php on line 10.
 1 APPPATH\Views\artikel\index.php(10): CodeIgniter\Debug\Exceptions->errorHandler(2, 'Undefined array key "gambar"', 'C:\\xampp\\htdocs\\lab7web\\ci4\\app\\Views\\artikel\\index.php', 10)
 2 SYSTEMPATH\View\View.php(224): include('C:\\xampp\\htdocs\\lab7web\\ci4\\app\\Views\\artikel\\index.php')
 3 SYSTEMPATH\View\View.php(227): CodeIgniter\View\View->CodeIgniter\View\{closure}()
 4 SYSTEMPATH\Common.php(1173): CodeIgniter\View\View->render('artikel/index', [], true)
 5 APPPATH\Controllers\Artikel.php(15): view('artikel/index', [...])
 6 SYSTEMPATH\CodeIgniter.php(933): App\Controllers\Artikel->index()
 7 SYSTEMPATH\CodeIgniter.php(507): CodeIgniter\CodeIgniter->runController(Object(App\Controllers\Artikel))
 8 SYSTEMPATH\CodeIgniter.php(354): CodeIgniter\CodeIgniter->handleRequest(null, Object(Config\Cache), false)
 9 SYSTEMPATH\Boot.php(334): CodeIgniter\CodeIgniter->run()
10 SYSTEMPATH\Boot.php(67): CodeIgniter\Boot::runCodeIgniter(Object(CodeIgniter\CodeIgniter))
11 FCPATH\index.php(56): CodeIgniter\Boot::bootWeb(Object(Config\Paths))
WARNING - 2025-06-14 04:48:35 --> [DEPRECATED] Passing lowercase HTTP method "get" is deprecated. Use uppercase HTTP method like "GET". in SYSTEMPATH\Router\RouteCollection.php on line 1029.
 1 SYSTEMPATH\Router\RouteCollection.php(1029): trigger_error('Passing lowercase HTTP method "get" is deprecated. Use uppercase HTTP method like "GET".', 16384)
 2 APPPATH\Config\Routes.php(14): CodeIgniter\Router\RouteCollection->match([...], 'user/login', 'User::login')
 3 SYSTEMPATH\Router\RouteCollection.php(339): require('C:\\xampp\\htdocs\\lab7web\\ci4\\app\\Config\\Routes.php')
 4 SYSTEMPATH\CodeIgniter.php(821): CodeIgniter\Router\RouteCollection->loadRoutes()
 5 SYSTEMPATH\CodeIgniter.php(455): CodeIgniter\CodeIgniter->tryToRouteIt(null)
 6 SYSTEMPATH\CodeIgniter.php(354): CodeIgniter\CodeIgniter->handleRequest(null, Object(Config\Cache), false)
 7 SYSTEMPATH\Boot.php(334): CodeIgniter\CodeIgniter->run()
 8 SYSTEMPATH\Boot.php(67): CodeIgniter\Boot::runCodeIgniter(Object(CodeIgniter\CodeIgniter))
 9 FCPATH\index.php(56): CodeIgniter\Boot::bootWeb(Object(Config\Paths))
WARNING - 2025-06-14 04:48:35 --> [DEPRECATED] Passing lowercase HTTP method "post" is deprecated. Use uppercase HTTP method like "POST". in SYSTEMPATH\Router\RouteCollection.php on line 1029.
 1 SYSTEMPATH\Router\RouteCollection.php(1029): trigger_error('Passing lowercase HTTP method "post" is deprecated. Use uppercase HTTP method like "POST".', 16384)
 2 APPPATH\Config\Routes.php(14): CodeIgniter\Router\RouteCollection->match([...], 'user/login', 'User::login')
 3 SYSTEMPATH\Router\RouteCollection.php(339): require('C:\\xampp\\htdocs\\lab7web\\ci4\\app\\Config\\Routes.php')
 4 SYSTEMPATH\CodeIgniter.php(821): CodeIgniter\Router\RouteCollection->loadRoutes()
 5 SYSTEMPATH\CodeIgniter.php(455): CodeIgniter\CodeIgniter->tryToRouteIt(null)
 6 SYSTEMPATH\CodeIgniter.php(354): CodeIgniter\CodeIgniter->handleRequest(null, Object(Config\Cache), false)
 7 SYSTEMPATH\Boot.php(334): CodeIgniter\CodeIgniter->run()
 8 SYSTEMPATH\Boot.php(67): CodeIgniter\Boot::runCodeIgniter(Object(CodeIgniter\CodeIgniter))
 9 FCPATH\index.php(56): CodeIgniter\Boot::bootWeb(Object(Config\Paths))
CRITICAL - 2025-06-14 04:48:35 --> ErrorException: Undefined array key "gambar"
[Method: GET, Route: artikel]
in APPPATH\Views\artikel\index.php on line 10.
 1 APPPATH\Views\artikel\index.php(10): CodeIgniter\Debug\Exceptions->errorHandler(2, 'Undefined array key "gambar"', 'C:\\xampp\\htdocs\\lab7web\\ci4\\app\\Views\\artikel\\index.php', 10)
 2 SYSTEMPATH\View\View.php(224): include('C:\\xampp\\htdocs\\lab7web\\ci4\\app\\Views\\artikel\\index.php')
 3 SYSTEMPATH\View\View.php(227): CodeIgniter\View\View->CodeIgniter\View\{closure}()
 4 SYSTEMPATH\Common.php(1173): CodeIgniter\View\View->render('artikel/index', [], true)
 5 APPPATH\Controllers\Artikel.php(15): view('artikel/index', [...])
 6 SYSTEMPATH\CodeIgniter.php(933): App\Controllers\Artikel->index()
 7 SYSTEMPATH\CodeIgniter.php(507): CodeIgniter\CodeIgniter->runController(Object(App\Controllers\Artikel))
 8 SYSTEMPATH\CodeIgniter.php(354): CodeIgniter\CodeIgniter->handleRequest(null, Object(Config\Cache), false)
 9 SYSTEMPATH\Boot.php(334): CodeIgniter\CodeIgniter->run()
10 SYSTEMPATH\Boot.php(67): CodeIgniter\Boot::runCodeIgniter(Object(CodeIgniter\CodeIgniter))
11 FCPATH\index.php(56): CodeIgniter\Boot::bootWeb(Object(Config\Paths))
WARNING - 2025-06-14 04:48:39 --> [DEPRECATED] Passing lowercase HTTP method "get" is deprecated. Use uppercase HTTP method like "GET". in SYSTEMPATH\Router\RouteCollection.php on line 1029.
 1 SYSTEMPATH\Router\RouteCollection.php(1029): trigger_error('Passing lowercase HTTP method "get" is deprecated. Use uppercase HTTP method like "GET".', 16384)
 2 APPPATH\Config\Routes.php(14): CodeIgniter\Router\RouteCollection->match([...], 'user/login', 'User::login')
 3 SYSTEMPATH\Router\RouteCollection.php(339): require('C:\\xampp\\htdocs\\lab7web\\ci4\\app\\Config\\Routes.php')
 4 SYSTEMPATH\CodeIgniter.php(821): CodeIgniter\Router\RouteCollection->loadRoutes()
 5 SYSTEMPATH\CodeIgniter.php(455): CodeIgniter\CodeIgniter->tryToRouteIt(null)
 6 SYSTEMPATH\CodeIgniter.php(354): CodeIgniter\CodeIgniter->handleRequest(null, Object(Config\Cache), false)
 7 SYSTEMPATH\Boot.php(334): CodeIgniter\CodeIgniter->run()
 8 SYSTEMPATH\Boot.php(67): CodeIgniter\Boot::runCodeIgniter(Object(CodeIgniter\CodeIgniter))
 9 FCPATH\index.php(56): CodeIgniter\Boot::bootWeb(Object(Config\Paths))
WARNING - 2025-06-14 04:48:39 --> [DEPRECATED] Passing lowercase HTTP method "post" is deprecated. Use uppercase HTTP method like "POST". in SYSTEMPATH\Router\RouteCollection.php on line 1029.
 1 SYSTEMPATH\Router\RouteCollection.php(1029): trigger_error('Passing lowercase HTTP method "post" is deprecated. Use uppercase HTTP method like "POST".', 16384)
 2 APPPATH\Config\Routes.php(14): CodeIgniter\Router\RouteCollection->match([...], 'user/login', 'User::login')
 3 SYSTEMPATH\Router\RouteCollection.php(339): require('C:\\xampp\\htdocs\\lab7web\\ci4\\app\\Config\\Routes.php')
 4 SYSTEMPATH\CodeIgniter.php(821): CodeIgniter\Router\RouteCollection->loadRoutes()
 5 SYSTEMPATH\CodeIgniter.php(455): CodeIgniter\CodeIgniter->tryToRouteIt(null)
 6 SYSTEMPATH\CodeIgniter.php(354): CodeIgniter\CodeIgniter->handleRequest(null, Object(Config\Cache), false)
 7 SYSTEMPATH\Boot.php(334): CodeIgniter\CodeIgniter->run()
 8 SYSTEMPATH\Boot.php(67): CodeIgniter\Boot::runCodeIgniter(Object(CodeIgniter\CodeIgniter))
 9 FCPATH\index.php(56): CodeIgniter\Boot::bootWeb(Object(Config\Paths))
CRITICAL - 2025-06-14 04:48:39 --> ErrorException: Undefined array key "gambar"
[Method: GET, Route: artikel]
in APPPATH\Views\artikel\index.php on line 10.
 1 APPPATH\Views\artikel\index.php(10): CodeIgniter\Debug\Exceptions->errorHandler(2, 'Undefined array key "gambar"', 'C:\\xampp\\htdocs\\lab7web\\ci4\\app\\Views\\artikel\\index.php', 10)
 2 SYSTEMPATH\View\View.php(224): include('C:\\xampp\\htdocs\\lab7web\\ci4\\app\\Views\\artikel\\index.php')
 3 SYSTEMPATH\View\View.php(227): CodeIgniter\View\View->CodeIgniter\View\{closure}()
 4 SYSTEMPATH\Common.php(1173): CodeIgniter\View\View->render('artikel/index', [], true)
 5 APPPATH\Controllers\Artikel.php(15): view('artikel/index', [...])
 6 SYSTEMPATH\CodeIgniter.php(933): App\Controllers\Artikel->index()
 7 SYSTEMPATH\CodeIgniter.php(507): CodeIgniter\CodeIgniter->runController(Object(App\Controllers\Artikel))
 8 SYSTEMPATH\CodeIgniter.php(354): CodeIgniter\CodeIgniter->handleRequest(null, Object(Config\Cache), false)
 9 SYSTEMPATH\Boot.php(334): CodeIgniter\CodeIgniter->run()
10 SYSTEMPATH\Boot.php(67): CodeIgniter\Boot::runCodeIgniter(Object(CodeIgniter\CodeIgniter))
11 FCPATH\index.php(56): CodeIgniter\Boot::bootWeb(Object(Config\Paths))
WARNING - 2025-06-14 04:49:51 --> [DEPRECATED] Passing lowercase HTTP method "get" is deprecated. Use uppercase HTTP method like "GET". in SYSTEMPATH\Router\RouteCollection.php on line 1029.
 1 SYSTEMPATH\Router\RouteCollection.php(1029): trigger_error('Passing lowercase HTTP method "get" is deprecated. Use uppercase HTTP method like "GET".', 16384)
 2 APPPATH\Config\Routes.php(14): CodeIgniter\Router\RouteCollection->match([...], 'user/login', 'User::login')
 3 SYSTEMPATH\Router\RouteCollection.php(339): require('C:\\xampp\\htdocs\\lab7web\\ci4\\app\\Config\\Routes.php')
 4 SYSTEMPATH\CodeIgniter.php(821): CodeIgniter\Router\RouteCollection->loadRoutes()
 5 SYSTEMPATH\CodeIgniter.php(455): CodeIgniter\CodeIgniter->tryToRouteIt(null)
 6 SYSTEMPATH\CodeIgniter.php(354): CodeIgniter\CodeIgniter->handleRequest(null, Object(Config\Cache), false)
 7 SYSTEMPATH\Boot.php(334): CodeIgniter\CodeIgniter->run()
 8 SYSTEMPATH\Boot.php(67): CodeIgniter\Boot::runCodeIgniter(Object(CodeIgniter\CodeIgniter))
 9 FCPATH\index.php(56): CodeIgniter\Boot::bootWeb(Object(Config\Paths))
WARNING - 2025-06-14 04:49:51 --> [DEPRECATED] Passing lowercase HTTP method "post" is deprecated. Use uppercase HTTP method like "POST". in SYSTEMPATH\Router\RouteCollection.php on line 1029.
 1 SYSTEMPATH\Router\RouteCollection.php(1029): trigger_error('Passing lowercase HTTP method "post" is deprecated. Use uppercase HTTP method like "POST".', 16384)
 2 APPPATH\Config\Routes.php(14): CodeIgniter\Router\RouteCollection->match([...], 'user/login', 'User::login')
 3 SYSTEMPATH\Router\RouteCollection.php(339): require('C:\\xampp\\htdocs\\lab7web\\ci4\\app\\Config\\Routes.php')
 4 SYSTEMPATH\CodeIgniter.php(821): CodeIgniter\Router\RouteCollection->loadRoutes()
 5 SYSTEMPATH\CodeIgniter.php(455): CodeIgniter\CodeIgniter->tryToRouteIt(null)
 6 SYSTEMPATH\CodeIgniter.php(354): CodeIgniter\CodeIgniter->handleRequest(null, Object(Config\Cache), false)
 7 SYSTEMPATH\Boot.php(334): CodeIgniter\CodeIgniter->run()
 8 SYSTEMPATH\Boot.php(67): CodeIgniter\Boot::runCodeIgniter(Object(CodeIgniter\CodeIgniter))
 9 FCPATH\index.php(56): CodeIgniter\Boot::bootWeb(Object(Config\Paths))
CRITICAL - 2025-06-14 04:49:51 --> ErrorException: Undefined array key "gambar"
[Method: GET, Route: artikel]
in APPPATH\Views\artikel\index.php on line 10.
 1 APPPATH\Views\artikel\index.php(10): CodeIgniter\Debug\Exceptions->errorHandler(2, 'Undefined array key "gambar"', 'C:\\xampp\\htdocs\\lab7web\\ci4\\app\\Views\\artikel\\index.php', 10)
 2 SYSTEMPATH\View\View.php(224): include('C:\\xampp\\htdocs\\lab7web\\ci4\\app\\Views\\artikel\\index.php')
 3 SYSTEMPATH\View\View.php(227): CodeIgniter\View\View->CodeIgniter\View\{closure}()
 4 SYSTEMPATH\Common.php(1173): CodeIgniter\View\View->render('artikel/index', [], true)
 5 APPPATH\Controllers\Artikel.php(15): view('artikel/index', [...])
 6 SYSTEMPATH\CodeIgniter.php(933): App\Controllers\Artikel->index()
 7 SYSTEMPATH\CodeIgniter.php(507): CodeIgniter\CodeIgniter->runController(Object(App\Controllers\Artikel))
 8 SYSTEMPATH\CodeIgniter.php(354): CodeIgniter\CodeIgniter->handleRequest(null, Object(Config\Cache), false)
 9 SYSTEMPATH\Boot.php(334): CodeIgniter\CodeIgniter->run()
10 SYSTEMPATH\Boot.php(67): CodeIgniter\Boot::runCodeIgniter(Object(CodeIgniter\CodeIgniter))
11 FCPATH\index.php(56): CodeIgniter\Boot::bootWeb(Object(Config\Paths))
WARNING - 2025-06-14 04:49:52 --> [DEPRECATED] Passing lowercase HTTP method "get" is deprecated. Use uppercase HTTP method like "GET". in SYSTEMPATH\Router\RouteCollection.php on line 1029.
 1 SYSTEMPATH\Router\RouteCollection.php(1029): trigger_error('Passing lowercase HTTP method "get" is deprecated. Use uppercase HTTP method like "GET".', 16384)
 2 APPPATH\Config\Routes.php(14): CodeIgniter\Router\RouteCollection->match([...], 'user/login', 'User::login')
 3 SYSTEMPATH\Router\RouteCollection.php(339): require('C:\\xampp\\htdocs\\lab7web\\ci4\\app\\Config\\Routes.php')
 4 SYSTEMPATH\CodeIgniter.php(821): CodeIgniter\Router\RouteCollection->loadRoutes()
 5 SYSTEMPATH\CodeIgniter.php(455): CodeIgniter\CodeIgniter->tryToRouteIt(null)
 6 SYSTEMPATH\CodeIgniter.php(354): CodeIgniter\CodeIgniter->handleRequest(null, Object(Config\Cache), false)
 7 SYSTEMPATH\Boot.php(334): CodeIgniter\CodeIgniter->run()
 8 SYSTEMPATH\Boot.php(67): CodeIgniter\Boot::runCodeIgniter(Object(CodeIgniter\CodeIgniter))
 9 FCPATH\index.php(56): CodeIgniter\Boot::bootWeb(Object(Config\Paths))
WARNING - 2025-06-14 04:49:52 --> [DEPRECATED] Passing lowercase HTTP method "post" is deprecated. Use uppercase HTTP method like "POST". in SYSTEMPATH\Router\RouteCollection.php on line 1029.
 1 SYSTEMPATH\Router\RouteCollection.php(1029): trigger_error('Passing lowercase HTTP method "post" is deprecated. Use uppercase HTTP method like "POST".', 16384)
 2 APPPATH\Config\Routes.php(14): CodeIgniter\Router\RouteCollection->match([...], 'user/login', 'User::login')
 3 SYSTEMPATH\Router\RouteCollection.php(339): require('C:\\xampp\\htdocs\\lab7web\\ci4\\app\\Config\\Routes.php')
 4 SYSTEMPATH\CodeIgniter.php(821): CodeIgniter\Router\RouteCollection->loadRoutes()
 5 SYSTEMPATH\CodeIgniter.php(455): CodeIgniter\CodeIgniter->tryToRouteIt(null)
 6 SYSTEMPATH\CodeIgniter.php(354): CodeIgniter\CodeIgniter->handleRequest(null, Object(Config\Cache), false)
 7 SYSTEMPATH\Boot.php(334): CodeIgniter\CodeIgniter->run()
 8 SYSTEMPATH\Boot.php(67): CodeIgniter\Boot::runCodeIgniter(Object(CodeIgniter\CodeIgniter))
 9 FCPATH\index.php(56): CodeIgniter\Boot::bootWeb(Object(Config\Paths))
CRITICAL - 2025-06-14 04:49:52 --> ErrorException: Undefined array key "gambar"
[Method: GET, Route: artikel]
in APPPATH\Views\artikel\index.php on line 10.
 1 APPPATH\Views\artikel\index.php(10): CodeIgniter\Debug\Exceptions->errorHandler(2, 'Undefined array key "gambar"', 'C:\\xampp\\htdocs\\lab7web\\ci4\\app\\Views\\artikel\\index.php', 10)
 2 SYSTEMPATH\View\View.php(224): include('C:\\xampp\\htdocs\\lab7web\\ci4\\app\\Views\\artikel\\index.php')
 3 SYSTEMPATH\View\View.php(227): CodeIgniter\View\View->CodeIgniter\View\{closure}()
 4 SYSTEMPATH\Common.php(1173): CodeIgniter\View\View->render('artikel/index', [], true)
 5 APPPATH\Controllers\Artikel.php(15): view('artikel/index', [...])
 6 SYSTEMPATH\CodeIgniter.php(933): App\Controllers\Artikel->index()
 7 SYSTEMPATH\CodeIgniter.php(507): CodeIgniter\CodeIgniter->runController(Object(App\Controllers\Artikel))
 8 SYSTEMPATH\CodeIgniter.php(354): CodeIgniter\CodeIgniter->handleRequest(null, Object(Config\Cache), false)
 9 SYSTEMPATH\Boot.php(334): CodeIgniter\CodeIgniter->run()
10 SYSTEMPATH\Boot.php(67): CodeIgniter\Boot::runCodeIgniter(Object(CodeIgniter\CodeIgniter))
11 FCPATH\index.php(56): CodeIgniter\Boot::bootWeb(Object(Config\Paths))
WARNING - 2025-06-14 04:53:18 --> [DEPRECATED] Passing lowercase HTTP method "get" is deprecated. Use uppercase HTTP method like "GET". in SYSTEMPATH\Router\RouteCollection.php on line 1029.
 1 SYSTEMPATH\Router\RouteCollection.php(1029): trigger_error('Passing lowercase HTTP method "get" is deprecated. Use uppercase HTTP method like "GET".', 16384)
 2 APPPATH\Config\Routes.php(14): CodeIgniter\Router\RouteCollection->match([...], 'user/login', 'User::login')
 3 SYSTEMPATH\Router\RouteCollection.php(339): require('C:\\xampp\\htdocs\\lab7web\\ci4\\app\\Config\\Routes.php')
 4 SYSTEMPATH\CodeIgniter.php(821): CodeIgniter\Router\RouteCollection->loadRoutes()
 5 SYSTEMPATH\CodeIgniter.php(455): CodeIgniter\CodeIgniter->tryToRouteIt(null)
 6 SYSTEMPATH\CodeIgniter.php(354): CodeIgniter\CodeIgniter->handleRequest(null, Object(Config\Cache), false)
 7 SYSTEMPATH\Boot.php(334): CodeIgniter\CodeIgniter->run()
 8 SYSTEMPATH\Boot.php(67): CodeIgniter\Boot::runCodeIgniter(Object(CodeIgniter\CodeIgniter))
 9 FCPATH\index.php(56): CodeIgniter\Boot::bootWeb(Object(Config\Paths))
WARNING - 2025-06-14 04:53:18 --> [DEPRECATED] Passing lowercase HTTP method "post" is deprecated. Use uppercase HTTP method like "POST". in SYSTEMPATH\Router\RouteCollection.php on line 1029.
 1 SYSTEMPATH\Router\RouteCollection.php(1029): trigger_error('Passing lowercase HTTP method "post" is deprecated. Use uppercase HTTP method like "POST".', 16384)
 2 APPPATH\Config\Routes.php(14): CodeIgniter\Router\RouteCollection->match([...], 'user/login', 'User::login')
 3 SYSTEMPATH\Router\RouteCollection.php(339): require('C:\\xampp\\htdocs\\lab7web\\ci4\\app\\Config\\Routes.php')
 4 SYSTEMPATH\CodeIgniter.php(821): CodeIgniter\Router\RouteCollection->loadRoutes()
 5 SYSTEMPATH\CodeIgniter.php(455): CodeIgniter\CodeIgniter->tryToRouteIt(null)
 6 SYSTEMPATH\CodeIgniter.php(354): CodeIgniter\CodeIgniter->handleRequest(null, Object(Config\Cache), false)
 7 SYSTEMPATH\Boot.php(334): CodeIgniter\CodeIgniter->run()
 8 SYSTEMPATH\Boot.php(67): CodeIgniter\Boot::runCodeIgniter(Object(CodeIgniter\CodeIgniter))
 9 FCPATH\index.php(56): CodeIgniter\Boot::bootWeb(Object(Config\Paths))
ERROR - 2025-06-14 04:53:18 --> mysqli_sql_exception: You have an error in your SQL syntax; check the manual that corresponds to your MariaDB server version for the right syntax to use near ')
ORDER BY `created_at` DESC
 LIMIT 5' at line 3 in C:\xampp\htdocs\lab7web\ci4\system\Database\MySQLi\Connection.php:327
Stack trace:
#0 C:\xampp\htdocs\lab7web\ci4\system\Database\MySQLi\Connection.php(327): mysqli->query('SELECT *\nFROM `...', 0)
#1 C:\xampp\htdocs\lab7web\ci4\system\Database\BaseConnection.php(738): CodeIgniter\Database\MySQLi\Connection->execute('SELECT *\nFROM `...')
#2 C:\xampp\htdocs\lab7web\ci4\system\Database\BaseConnection.php(652): CodeIgniter\Database\BaseConnection->simpleQuery('SELECT *\nFROM `...')
#3 C:\xampp\htdocs\lab7web\ci4\system\Database\BaseBuilder.php(1649): CodeIgniter\Database\BaseConnection->query('SELECT *\nFROM `...', Array, false)
#4 C:\xampp\htdocs\lab7web\ci4\system\Model.php(286): CodeIgniter\Database\BaseBuilder->get()
#5 C:\xampp\htdocs\lab7web\ci4\system\BaseModel.php(675): CodeIgniter\Model->doFindAll(0, 0)
#6 C:\xampp\htdocs\lab7web\ci4\app\Cells\ArtikelTerkini.php(19): CodeIgniter\BaseModel->findAll()
#7 C:\xampp\htdocs\lab7web\ci4\system\View\Cell.php(289): App\Cells\ArtikelTerkini->render(Array)
#8 C:\xampp\htdocs\lab7web\ci4\system\View\Cell.php(104): CodeIgniter\View\Cell->renderSimpleClass(Object(App\Cells\ArtikelTerkini), 'render', Array, 'App\\Cells\\Artik...')
#9 C:\xampp\htdocs\lab7web\ci4\system\Common.php(1189): CodeIgniter\View\Cell->render('\\App\\Cells\\Arti...', Array, 0, 'AppCellsArtikel...')
#10 C:\xampp\htdocs\lab7web\ci4\app\Views\layout\main.php(24): view_cell('\\App\\Cells\\Arti...')
#11 C:\xampp\htdocs\lab7web\ci4\system\View\View.php(224): include('C:\\xampp\\htdocs...')
#12 C:\xampp\htdocs\lab7web\ci4\system\View\View.php(227): CodeIgniter\View\View->CodeIgniter\View\{closure}()
#13 C:\xampp\htdocs\lab7web\ci4\system\View\View.php(240): CodeIgniter\View\View->render('layout/main', Array, true)
#14 C:\xampp\htdocs\lab7web\ci4\system\Common.php(1173): CodeIgniter\View\View->render('artikel/index', Array, true)
#15 C:\xampp\htdocs\lab7web\ci4\app\Controllers\Artikel.php(15): view('artikel/index', Array)
#16 C:\xampp\htdocs\lab7web\ci4\system\CodeIgniter.php(933): App\Controllers\Artikel->index()
#17 C:\xampp\htdocs\lab7web\ci4\system\CodeIgniter.php(507): CodeIgniter\CodeIgniter->runController(Object(App\Controllers\Artikel))
#18 C:\xampp\htdocs\lab7web\ci4\system\CodeIgniter.php(354): CodeIgniter\CodeIgniter->handleRequest(NULL, Object(Config\Cache), false)
#19 C:\xampp\htdocs\lab7web\ci4\system\Boot.php(334): CodeIgniter\CodeIgniter->run()
#20 C:\xampp\htdocs\lab7web\ci4\system\Boot.php(67): CodeIgniter\Boot::runCodeIgniter(Object(CodeIgniter\CodeIgniter))
#21 C:\xampp\htdocs\lab7web\ci4\public\index.php(56): CodeIgniter\Boot::bootWeb(Object(Config\Paths))
#22 {main}
ERROR - 2025-06-14 04:53:18 --> Error di ArtikelTerkini: You have an error in your SQL syntax; check the manual that corresponds to your MariaDB server version for the right syntax to use near ')
ORDER BY `created_at` DESC
 LIMIT 5' at line 3
ERROR - 2025-06-14 04:53:18 --> mysqli_sql_exception: Unknown column 'kategori' in 'where clause' in C:\xampp\htdocs\lab7web\ci4\system\Database\MySQLi\Connection.php:327
Stack trace:
#0 C:\xampp\htdocs\lab7web\ci4\system\Database\MySQLi\Connection.php(327): mysqli->query('SELECT *\nFROM `...', 0)
#1 C:\xampp\htdocs\lab7web\ci4\system\Database\BaseConnection.php(738): CodeIgniter\Database\MySQLi\Connection->execute('SELECT *\nFROM `...')
#2 C:\xampp\htdocs\lab7web\ci4\system\Database\BaseConnection.php(652): CodeIgniter\Database\BaseConnection->simpleQuery('SELECT *\nFROM `...')
#3 C:\xampp\htdocs\lab7web\ci4\system\Database\BaseBuilder.php(1649): CodeIgniter\Database\BaseConnection->query('SELECT *\nFROM `...', Array, false)
#4 C:\xampp\htdocs\lab7web\ci4\system\Model.php(286): CodeIgniter\Database\BaseBuilder->get()
#5 C:\xampp\htdocs\lab7web\ci4\system\BaseModel.php(675): CodeIgniter\Model->doFindAll(0, 0)
#6 C:\xampp\htdocs\lab7web\ci4\app\Cells\ArtikelTerkini.php(19): CodeIgniter\BaseModel->findAll()
#7 C:\xampp\htdocs\lab7web\ci4\system\View\Cell.php(307): App\Cells\ArtikelTerkini->render('Teknologi')
#8 C:\xampp\htdocs\lab7web\ci4\system\View\Cell.php(104): CodeIgniter\View\Cell->renderSimpleClass(Object(App\Cells\ArtikelTerkini), 'render', Array, 'App\\Cells\\Artik...')
#9 C:\xampp\htdocs\lab7web\ci4\system\Common.php(1189): CodeIgniter\View\Cell->render('\\App\\Cells\\Arti...', Array, 0, 'AppCellsArtikel...')
#10 C:\xampp\htdocs\lab7web\ci4\app\Views\layout\main.php(25): view_cell('\\App\\Cells\\Arti...', Array)
#11 C:\xampp\htdocs\lab7web\ci4\system\View\View.php(224): include('C:\\xampp\\htdocs...')
#12 C:\xampp\htdocs\lab7web\ci4\system\View\View.php(227): CodeIgniter\View\View->CodeIgniter\View\{closure}()
#13 C:\xampp\htdocs\lab7web\ci4\system\View\View.php(240): CodeIgniter\View\View->render('layout/main', Array, true)
#14 C:\xampp\htdocs\lab7web\ci4\system\Common.php(1173): CodeIgniter\View\View->render('artikel/index', Array, true)
#15 C:\xampp\htdocs\lab7web\ci4\app\Controllers\Artikel.php(15): view('artikel/index', Array)
#16 C:\xampp\htdocs\lab7web\ci4\system\CodeIgniter.php(933): App\Controllers\Artikel->index()
#17 C:\xampp\htdocs\lab7web\ci4\system\CodeIgniter.php(507): CodeIgniter\CodeIgniter->runController(Object(App\Controllers\Artikel))
#18 C:\xampp\htdocs\lab7web\ci4\system\CodeIgniter.php(354): CodeIgniter\CodeIgniter->handleRequest(NULL, Object(Config\Cache), false)
#19 C:\xampp\htdocs\lab7web\ci4\system\Boot.php(334): CodeIgniter\CodeIgniter->run()
#20 C:\xampp\htdocs\lab7web\ci4\system\Boot.php(67): CodeIgniter\Boot::runCodeIgniter(Object(CodeIgniter\CodeIgniter))
#21 C:\xampp\htdocs\lab7web\ci4\public\index.php(56): CodeIgniter\Boot::bootWeb(Object(Config\Paths))
#22 {main}
ERROR - 2025-06-14 04:53:18 --> Error di ArtikelTerkini: Unknown column 'kategori' in 'where clause'
WARNING - 2025-06-14 04:53:47 --> [DEPRECATED] Passing lowercase HTTP method "get" is deprecated. Use uppercase HTTP method like "GET". in SYSTEMPATH\Router\RouteCollection.php on line 1029.
 1 SYSTEMPATH\Router\RouteCollection.php(1029): trigger_error('Passing lowercase HTTP method "get" is deprecated. Use uppercase HTTP method like "GET".', 16384)
 2 APPPATH\Config\Routes.php(14): CodeIgniter\Router\RouteCollection->match([...], 'user/login', 'User::login')
 3 SYSTEMPATH\Router\RouteCollection.php(339): require('C:\\xampp\\htdocs\\lab7web\\ci4\\app\\Config\\Routes.php')
 4 SYSTEMPATH\CodeIgniter.php(821): CodeIgniter\Router\RouteCollection->loadRoutes()
 5 SYSTEMPATH\CodeIgniter.php(455): CodeIgniter\CodeIgniter->tryToRouteIt(null)
 6 SYSTEMPATH\CodeIgniter.php(354): CodeIgniter\CodeIgniter->handleRequest(null, Object(Config\Cache), false)
 7 SYSTEMPATH\Boot.php(334): CodeIgniter\CodeIgniter->run()
 8 SYSTEMPATH\Boot.php(67): CodeIgniter\Boot::runCodeIgniter(Object(CodeIgniter\CodeIgniter))
 9 FCPATH\index.php(56): CodeIgniter\Boot::bootWeb(Object(Config\Paths))
WARNING - 2025-06-14 04:53:47 --> [DEPRECATED] Passing lowercase HTTP method "post" is deprecated. Use uppercase HTTP method like "POST". in SYSTEMPATH\Router\RouteCollection.php on line 1029.
 1 SYSTEMPATH\Router\RouteCollection.php(1029): trigger_error('Passing lowercase HTTP method "post" is deprecated. Use uppercase HTTP method like "POST".', 16384)
 2 APPPATH\Config\Routes.php(14): CodeIgniter\Router\RouteCollection->match([...], 'user/login', 'User::login')
 3 SYSTEMPATH\Router\RouteCollection.php(339): require('C:\\xampp\\htdocs\\lab7web\\ci4\\app\\Config\\Routes.php')
 4 SYSTEMPATH\CodeIgniter.php(821): CodeIgniter\Router\RouteCollection->loadRoutes()
 5 SYSTEMPATH\CodeIgniter.php(455): CodeIgniter\CodeIgniter->tryToRouteIt(null)
 6 SYSTEMPATH\CodeIgniter.php(354): CodeIgniter\CodeIgniter->handleRequest(null, Object(Config\Cache), false)
 7 SYSTEMPATH\Boot.php(334): CodeIgniter\CodeIgniter->run()
 8 SYSTEMPATH\Boot.php(67): CodeIgniter\Boot::runCodeIgniter(Object(CodeIgniter\CodeIgniter))
 9 FCPATH\index.php(56): CodeIgniter\Boot::bootWeb(Object(Config\Paths))
DEBUG - 2025-06-14 04:53:47 --> Session: Class initialized using 'CodeIgniter\Session\Handlers\FileHandler' driver.
WARNING - 2025-06-14 04:53:48 --> [DEPRECATED] Passing lowercase HTTP method "get" is deprecated. Use uppercase HTTP method like "GET". in SYSTEMPATH\Router\RouteCollection.php on line 1029.
 1 SYSTEMPATH\Router\RouteCollection.php(1029): trigger_error('Passing lowercase HTTP method "get" is deprecated. Use uppercase HTTP method like "GET".', 16384)
 2 APPPATH\Config\Routes.php(14): CodeIgniter\Router\RouteCollection->match([...], 'user/login', 'User::login')
 3 SYSTEMPATH\Router\RouteCollection.php(339): require('C:\\xampp\\htdocs\\lab7web\\ci4\\app\\Config\\Routes.php')
 4 SYSTEMPATH\CodeIgniter.php(821): CodeIgniter\Router\RouteCollection->loadRoutes()
 5 SYSTEMPATH\CodeIgniter.php(455): CodeIgniter\CodeIgniter->tryToRouteIt(null)
 6 SYSTEMPATH\CodeIgniter.php(354): CodeIgniter\CodeIgniter->handleRequest(null, Object(Config\Cache), false)
 7 SYSTEMPATH\Boot.php(334): CodeIgniter\CodeIgniter->run()
 8 SYSTEMPATH\Boot.php(67): CodeIgniter\Boot::runCodeIgniter(Object(CodeIgniter\CodeIgniter))
 9 FCPATH\index.php(56): CodeIgniter\Boot::bootWeb(Object(Config\Paths))
WARNING - 2025-06-14 04:53:48 --> [DEPRECATED] Passing lowercase HTTP method "post" is deprecated. Use uppercase HTTP method like "POST". in SYSTEMPATH\Router\RouteCollection.php on line 1029.
 1 SYSTEMPATH\Router\RouteCollection.php(1029): trigger_error('Passing lowercase HTTP method "post" is deprecated. Use uppercase HTTP method like "POST".', 16384)
 2 APPPATH\Config\Routes.php(14): CodeIgniter\Router\RouteCollection->match([...], 'user/login', 'User::login')
 3 SYSTEMPATH\Router\RouteCollection.php(339): require('C:\\xampp\\htdocs\\lab7web\\ci4\\app\\Config\\Routes.php')
 4 SYSTEMPATH\CodeIgniter.php(821): CodeIgniter\Router\RouteCollection->loadRoutes()
 5 SYSTEMPATH\CodeIgniter.php(455): CodeIgniter\CodeIgniter->tryToRouteIt(null)
 6 SYSTEMPATH\CodeIgniter.php(354): CodeIgniter\CodeIgniter->handleRequest(null, Object(Config\Cache), false)
 7 SYSTEMPATH\Boot.php(334): CodeIgniter\CodeIgniter->run()
 8 SYSTEMPATH\Boot.php(67): CodeIgniter\Boot::runCodeIgniter(Object(CodeIgniter\CodeIgniter))
 9 FCPATH\index.php(56): CodeIgniter\Boot::bootWeb(Object(Config\Paths))
DEBUG - 2025-06-14 04:53:48 --> Session: Class initialized using 'CodeIgniter\Session\Handlers\FileHandler' driver.
WARNING - 2025-06-14 04:54:00 --> [DEPRECATED] Passing lowercase HTTP method "get" is deprecated. Use uppercase HTTP method like "GET". in SYSTEMPATH\Router\RouteCollection.php on line 1029.
 1 SYSTEMPATH\Router\RouteCollection.php(1029): trigger_error('Passing lowercase HTTP method "get" is deprecated. Use uppercase HTTP method like "GET".', 16384)
 2 APPPATH\Config\Routes.php(14): CodeIgniter\Router\RouteCollection->match([...], 'user/login', 'User::login')
 3 SYSTEMPATH\Router\RouteCollection.php(339): require('C:\\xampp\\htdocs\\lab7web\\ci4\\app\\Config\\Routes.php')
 4 SYSTEMPATH\CodeIgniter.php(821): CodeIgniter\Router\RouteCollection->loadRoutes()
 5 SYSTEMPATH\CodeIgniter.php(455): CodeIgniter\CodeIgniter->tryToRouteIt(null)
 6 SYSTEMPATH\CodeIgniter.php(354): CodeIgniter\CodeIgniter->handleRequest(null, Object(Config\Cache), false)
 7 SYSTEMPATH\Boot.php(334): CodeIgniter\CodeIgniter->run()
 8 SYSTEMPATH\Boot.php(67): CodeIgniter\Boot::runCodeIgniter(Object(CodeIgniter\CodeIgniter))
 9 FCPATH\index.php(56): CodeIgniter\Boot::bootWeb(Object(Config\Paths))
WARNING - 2025-06-14 04:54:00 --> [DEPRECATED] Passing lowercase HTTP method "post" is deprecated. Use uppercase HTTP method like "POST". in SYSTEMPATH\Router\RouteCollection.php on line 1029.
 1 SYSTEMPATH\Router\RouteCollection.php(1029): trigger_error('Passing lowercase HTTP method "post" is deprecated. Use uppercase HTTP method like "POST".', 16384)
 2 APPPATH\Config\Routes.php(14): CodeIgniter\Router\RouteCollection->match([...], 'user/login', 'User::login')
 3 SYSTEMPATH\Router\RouteCollection.php(339): require('C:\\xampp\\htdocs\\lab7web\\ci4\\app\\Config\\Routes.php')
 4 SYSTEMPATH\CodeIgniter.php(821): CodeIgniter\Router\RouteCollection->loadRoutes()
 5 SYSTEMPATH\CodeIgniter.php(455): CodeIgniter\CodeIgniter->tryToRouteIt(null)
 6 SYSTEMPATH\CodeIgniter.php(354): CodeIgniter\CodeIgniter->handleRequest(null, Object(Config\Cache), false)
 7 SYSTEMPATH\Boot.php(334): CodeIgniter\CodeIgniter->run()
 8 SYSTEMPATH\Boot.php(67): CodeIgniter\Boot::runCodeIgniter(Object(CodeIgniter\CodeIgniter))
 9 FCPATH\index.php(56): CodeIgniter\Boot::bootWeb(Object(Config\Paths))
DEBUG - 2025-06-14 04:54:00 --> Session: Class initialized using 'CodeIgniter\Session\Handlers\FileHandler' driver.
WARNING - 2025-06-14 04:54:01 --> [DEPRECATED] Passing lowercase HTTP method "get" is deprecated. Use uppercase HTTP method like "GET". in SYSTEMPATH\Router\RouteCollection.php on line 1029.
 1 SYSTEMPATH\Router\RouteCollection.php(1029): trigger_error('Passing lowercase HTTP method "get" is deprecated. Use uppercase HTTP method like "GET".', 16384)
 2 APPPATH\Config\Routes.php(14): CodeIgniter\Router\RouteCollection->match([...], 'user/login', 'User::login')
 3 SYSTEMPATH\Router\RouteCollection.php(339): require('C:\\xampp\\htdocs\\lab7web\\ci4\\app\\Config\\Routes.php')
 4 SYSTEMPATH\CodeIgniter.php(821): CodeIgniter\Router\RouteCollection->loadRoutes()
 5 SYSTEMPATH\CodeIgniter.php(455): CodeIgniter\CodeIgniter->tryToRouteIt(null)
 6 SYSTEMPATH\CodeIgniter.php(354): CodeIgniter\CodeIgniter->handleRequest(null, Object(Config\Cache), false)
 7 SYSTEMPATH\Boot.php(334): CodeIgniter\CodeIgniter->run()
 8 SYSTEMPATH\Boot.php(67): CodeIgniter\Boot::runCodeIgniter(Object(CodeIgniter\CodeIgniter))
 9 FCPATH\index.php(56): CodeIgniter\Boot::bootWeb(Object(Config\Paths))
WARNING - 2025-06-14 04:54:01 --> [DEPRECATED] Passing lowercase HTTP method "post" is deprecated. Use uppercase HTTP method like "POST". in SYSTEMPATH\Router\RouteCollection.php on line 1029.
 1 SYSTEMPATH\Router\RouteCollection.php(1029): trigger_error('Passing lowercase HTTP method "post" is deprecated. Use uppercase HTTP method like "POST".', 16384)
 2 APPPATH\Config\Routes.php(14): CodeIgniter\Router\RouteCollection->match([...], 'user/login', 'User::login')
 3 SYSTEMPATH\Router\RouteCollection.php(339): require('C:\\xampp\\htdocs\\lab7web\\ci4\\app\\Config\\Routes.php')
 4 SYSTEMPATH\CodeIgniter.php(821): CodeIgniter\Router\RouteCollection->loadRoutes()
 5 SYSTEMPATH\CodeIgniter.php(455): CodeIgniter\CodeIgniter->tryToRouteIt(null)
 6 SYSTEMPATH\CodeIgniter.php(354): CodeIgniter\CodeIgniter->handleRequest(null, Object(Config\Cache), false)
 7 SYSTEMPATH\Boot.php(334): CodeIgniter\CodeIgniter->run()
 8 SYSTEMPATH\Boot.php(67): CodeIgniter\Boot::runCodeIgniter(Object(CodeIgniter\CodeIgniter))
 9 FCPATH\index.php(56): CodeIgniter\Boot::bootWeb(Object(Config\Paths))
DEBUG - 2025-06-14 04:54:01 --> Session: Class initialized using 'CodeIgniter\Session\Handlers\FileHandler' driver.
ERROR - 2025-06-14 04:54:01 --> mysqli_sql_exception: Unknown column 'kategori' in 'field list' in C:\xampp\htdocs\lab7web\ci4\system\Database\MySQLi\Connection.php:327
Stack trace:
#0 C:\xampp\htdocs\lab7web\ci4\system\Database\MySQLi\Connection.php(327): mysqli->query('SELECT DISTINCT...', 0)
#1 C:\xampp\htdocs\lab7web\ci4\system\Database\BaseConnection.php(738): CodeIgniter\Database\MySQLi\Connection->execute('SELECT DISTINCT...')
#2 C:\xampp\htdocs\lab7web\ci4\system\Database\BaseConnection.php(652): CodeIgniter\Database\BaseConnection->simpleQuery('SELECT DISTINCT...')
#3 C:\xampp\htdocs\lab7web\ci4\system\Database\BaseBuilder.php(1649): CodeIgniter\Database\BaseConnection->query('SELECT DISTINCT...', Array, false)
#4 C:\xampp\htdocs\lab7web\ci4\system\Model.php(286): CodeIgniter\Database\BaseBuilder->get()
#5 C:\xampp\htdocs\lab7web\ci4\system\BaseModel.php(675): CodeIgniter\Model->doFindAll(0, 0)
#6 C:\xampp\htdocs\lab7web\ci4\app\Controllers\Artikel.php(55): CodeIgniter\BaseModel->findAll()
#7 C:\xampp\htdocs\lab7web\ci4\system\CodeIgniter.php(933): App\Controllers\Artikel->admin_index()
#8 C:\xampp\htdocs\lab7web\ci4\system\CodeIgniter.php(507): CodeIgniter\CodeIgniter->runController(Object(App\Controllers\Artikel))
#9 C:\xampp\htdocs\lab7web\ci4\system\CodeIgniter.php(354): CodeIgniter\CodeIgniter->handleRequest(NULL, Object(Config\Cache), false)
#10 C:\xampp\htdocs\lab7web\ci4\system\Boot.php(334): CodeIgniter\CodeIgniter->run()
#11 C:\xampp\htdocs\lab7web\ci4\system\Boot.php(67): CodeIgniter\Boot::runCodeIgniter(Object(CodeIgniter\CodeIgniter))
#12 C:\xampp\htdocs\lab7web\ci4\public\index.php(56): CodeIgniter\Boot::bootWeb(Object(Config\Paths))
#13 {main}
CRITICAL - 2025-06-14 04:54:01 --> CodeIgniter\Database\Exceptions\DatabaseException: Unknown column 'kategori' in 'field list'
[Method: GET, Route: admin/artikel]
in SYSTEMPATH\Database\BaseConnection.php on line 692.
 1 SYSTEMPATH\Database\BaseBuilder.php(1649): CodeIgniter\Database\BaseConnection->query('SELECT DISTINCT `kategori`
FROM `artikel`', [], false)
 2 SYSTEMPATH\Model.php(286): CodeIgniter\Database\BaseBuilder->get()
 3 SYSTEMPATH\BaseModel.php(675): CodeIgniter\Model->doFindAll(0, 0)
 4 APPPATH\Controllers\Artikel.php(55): CodeIgniter\BaseModel->findAll()
 5 SYSTEMPATH\CodeIgniter.php(933): App\Controllers\Artikel->admin_index()
 6 SYSTEMPATH\CodeIgniter.php(507): CodeIgniter\CodeIgniter->runController(Object(App\Controllers\Artikel))
 7 SYSTEMPATH\CodeIgniter.php(354): CodeIgniter\CodeIgniter->handleRequest(null, Object(Config\Cache), false)
 8 SYSTEMPATH\Boot.php(334): CodeIgniter\CodeIgniter->run()
 9 SYSTEMPATH\Boot.php(67): CodeIgniter\Boot::runCodeIgniter(Object(CodeIgniter\CodeIgniter))
10 FCPATH\index.php(56): CodeIgniter\Boot::bootWeb(Object(Config\Paths))
CRITICAL - 2025-06-14 04:54:01 --> [Caused by] CodeIgniter\Database\Exceptions\DatabaseException: Unknown column 'kategori' in 'field list'
in SYSTEMPATH\Database\MySQLi\Connection.php on line 332.
 1 SYSTEMPATH\Database\BaseConnection.php(738): CodeIgniter\Database\MySQLi\Connection->execute('SELECT DISTINCT `kategori`
FROM `artikel`')
 2 SYSTEMPATH\Database\BaseConnection.php(652): CodeIgniter\Database\BaseConnection->simpleQuery('SELECT DISTINCT `kategori`
FROM `artikel`')
 3 SYSTEMPATH\Database\BaseBuilder.php(1649): CodeIgniter\Database\BaseConnection->query('SELECT DISTINCT `kategori`
FROM `artikel`', [], false)
 4 SYSTEMPATH\Model.php(286): CodeIgniter\Database\BaseBuilder->get()
 5 SYSTEMPATH\BaseModel.php(675): CodeIgniter\Model->doFindAll(0, 0)
 6 APPPATH\Controllers\Artikel.php(55): CodeIgniter\BaseModel->findAll()
 7 SYSTEMPATH\CodeIgniter.php(933): App\Controllers\Artikel->admin_index()
 8 SYSTEMPATH\CodeIgniter.php(507): CodeIgniter\CodeIgniter->runController(Object(App\Controllers\Artikel))
 9 SYSTEMPATH\CodeIgniter.php(354): CodeIgniter\CodeIgniter->handleRequest(null, Object(Config\Cache), false)
10 SYSTEMPATH\Boot.php(334): CodeIgniter\CodeIgniter->run()
11 SYSTEMPATH\Boot.php(67): CodeIgniter\Boot::runCodeIgniter(Object(CodeIgniter\CodeIgniter))
12 FCPATH\index.php(56): CodeIgniter\Boot::bootWeb(Object(Config\Paths))
CRITICAL - 2025-06-14 04:54:01 --> [Caused by] mysqli_sql_exception: Unknown column 'kategori' in 'field list'
in SYSTEMPATH\Database\MySQLi\Connection.php on line 327.
 1 SYSTEMPATH\Database\MySQLi\Connection.php(327): mysqli->query('SELECT DISTINCT `kategori`
FROM `artikel`', 0)
 2 SYSTEMPATH\Database\BaseConnection.php(738): CodeIgniter\Database\MySQLi\Connection->execute('SELECT DISTINCT `kategori`
FROM `artikel`')
 3 SYSTEMPATH\Database\BaseConnection.php(652): CodeIgniter\Database\BaseConnection->simpleQuery('SELECT DISTINCT `kategori`
FROM `artikel`')
 4 SYSTEMPATH\Database\BaseBuilder.php(1649): CodeIgniter\Database\BaseConnection->query('SELECT DISTINCT `kategori`
FROM `artikel`', [], false)
 5 SYSTEMPATH\Model.php(286): CodeIgniter\Database\BaseBuilder->get()
 6 SYSTEMPATH\BaseModel.php(675): CodeIgniter\Model->doFindAll(0, 0)
 7 APPPATH\Controllers\Artikel.php(55): CodeIgniter\BaseModel->findAll()
 8 SYSTEMPATH\CodeIgniter.php(933): App\Controllers\Artikel->admin_index()
 9 SYSTEMPATH\CodeIgniter.php(507): CodeIgniter\CodeIgniter->runController(Object(App\Controllers\Artikel))
10 SYSTEMPATH\CodeIgniter.php(354): CodeIgniter\CodeIgniter->handleRequest(null, Object(Config\Cache), false)
11 SYSTEMPATH\Boot.php(334): CodeIgniter\CodeIgniter->run()
12 SYSTEMPATH\Boot.php(67): CodeIgniter\Boot::runCodeIgniter(Object(CodeIgniter\CodeIgniter))
13 FCPATH\index.php(56): CodeIgniter\Boot::bootWeb(Object(Config\Paths))
WARNING - 2025-06-14 05:04:21 --> [DEPRECATED] Passing lowercase HTTP method "get" is deprecated. Use uppercase HTTP method like "GET". in SYSTEMPATH\Router\RouteCollection.php on line 1029.
 1 SYSTEMPATH\Router\RouteCollection.php(1029): trigger_error('Passing lowercase HTTP method "get" is deprecated. Use uppercase HTTP method like "GET".', 16384)
 2 APPPATH\Config\Routes.php(14): CodeIgniter\Router\RouteCollection->match([...], 'user/login', 'User::login')
 3 SYSTEMPATH\Router\RouteCollection.php(339): require('C:\\xampp\\htdocs\\lab7web\\ci4\\app\\Config\\Routes.php')
 4 SYSTEMPATH\CodeIgniter.php(821): CodeIgniter\Router\RouteCollection->loadRoutes()
 5 SYSTEMPATH\CodeIgniter.php(455): CodeIgniter\CodeIgniter->tryToRouteIt(null)
 6 SYSTEMPATH\CodeIgniter.php(354): CodeIgniter\CodeIgniter->handleRequest(null, Object(Config\Cache), false)
 7 SYSTEMPATH\Boot.php(334): CodeIgniter\CodeIgniter->run()
 8 SYSTEMPATH\Boot.php(67): CodeIgniter\Boot::runCodeIgniter(Object(CodeIgniter\CodeIgniter))
 9 FCPATH\index.php(56): CodeIgniter\Boot::bootWeb(Object(Config\Paths))
WARNING - 2025-06-14 05:04:21 --> [DEPRECATED] Passing lowercase HTTP method "post" is deprecated. Use uppercase HTTP method like "POST". in SYSTEMPATH\Router\RouteCollection.php on line 1029.
 1 SYSTEMPATH\Router\RouteCollection.php(1029): trigger_error('Passing lowercase HTTP method "post" is deprecated. Use uppercase HTTP method like "POST".', 16384)
 2 APPPATH\Config\Routes.php(14): CodeIgniter\Router\RouteCollection->match([...], 'user/login', 'User::login')
 3 SYSTEMPATH\Router\RouteCollection.php(339): require('C:\\xampp\\htdocs\\lab7web\\ci4\\app\\Config\\Routes.php')
 4 SYSTEMPATH\CodeIgniter.php(821): CodeIgniter\Router\RouteCollection->loadRoutes()
 5 SYSTEMPATH\CodeIgniter.php(455): CodeIgniter\CodeIgniter->tryToRouteIt(null)
 6 SYSTEMPATH\CodeIgniter.php(354): CodeIgniter\CodeIgniter->handleRequest(null, Object(Config\Cache), false)
 7 SYSTEMPATH\Boot.php(334): CodeIgniter\CodeIgniter->run()
 8 SYSTEMPATH\Boot.php(67): CodeIgniter\Boot::runCodeIgniter(Object(CodeIgniter\CodeIgniter))
 9 FCPATH\index.php(56): CodeIgniter\Boot::bootWeb(Object(Config\Paths))
DEBUG - 2025-06-14 05:04:22 --> Session: Class initialized using 'CodeIgniter\Session\Handlers\FileHandler' driver.
CRITICAL - 2025-06-14 05:04:22 --> CodeIgniter\View\Exceptions\ViewException: Invalid file: "C:\xampp\htdocs\lab7web\ci4\app\template\admin_header.php"
[Method: GET, Route: admin/artikel]
in SYSTEMPATH\Exceptions\FrameworkException.php on line 39.
 1 SYSTEMPATH\View\View.php(212): CodeIgniter\Exceptions\FrameworkException::forInvalidFile('C:\\xampp\\htdocs\\lab7web\\ci4\\app\\template\\admin_header.php')
 2 SYSTEMPATH\View\View.php(475): CodeIgniter\View\View->render('C:\\xampp\\htdocs\\lab7web\\ci4\\app\\template\\admin_header', null, true)
 3 APPPATH\Views\artikel\admin_index.php(1): CodeIgniter\View\View->include('C:\\xampp\\htdocs\\lab7web\\ci4\\app\\template\\admin_header')
 4 SYSTEMPATH\View\View.php(224): include('C:\\xampp\\htdocs\\lab7web\\ci4\\app\\Views\\artikel\\admin_index.php')
 5 SYSTEMPATH\View\View.php(227): CodeIgniter\View\View->CodeIgniter\View\{closure}()
 6 SYSTEMPATH\Common.php(1173): CodeIgniter\View\View->render('artikel/admin_index', [], true)
 7 APPPATH\Controllers\Artikel.php(58): view('artikel/admin_index', [...])
 8 SYSTEMPATH\CodeIgniter.php(933): App\Controllers\Artikel->admin_index()
 9 SYSTEMPATH\CodeIgniter.php(507): CodeIgniter\CodeIgniter->runController(Object(App\Controllers\Artikel))
10 SYSTEMPATH\CodeIgniter.php(354): CodeIgniter\CodeIgniter->handleRequest(null, Object(Config\Cache), false)
11 SYSTEMPATH\Boot.php(334): CodeIgniter\CodeIgniter->run()
12 SYSTEMPATH\Boot.php(67): CodeIgniter\Boot::runCodeIgniter(Object(CodeIgniter\CodeIgniter))
13 FCPATH\index.php(56): CodeIgniter\Boot::bootWeb(Object(Config\Paths))
DEBUG - 2025-06-14 05:10:04 --> Session: Class initialized using 'CodeIgniter\Session\Handlers\FileHandler' driver.
CRITICAL - 2025-06-14 05:10:04 --> CodeIgniter\View\Exceptions\ViewException: Invalid file: "C:\xampp\htdocs\lab7web\ci4\app\template\admin_header.php"
[Method: GET, Route: admin/artikel]
in SYSTEMPATH\Exceptions\FrameworkException.php on line 39.
 1 SYSTEMPATH\View\View.php(212): CodeIgniter\Exceptions\FrameworkException::forInvalidFile('C:\\xampp\\htdocs\\lab7web\\ci4\\app\\template\\admin_header.php')
 2 SYSTEMPATH\View\View.php(475): CodeIgniter\View\View->render('C:\\xampp\\htdocs\\lab7web\\ci4\\app\\template\\admin_header', null, true)
 3 APPPATH\Views\artikel\admin_index.php(1): CodeIgniter\View\View->include('C:\\xampp\\htdocs\\lab7web\\ci4\\app\\template\\admin_header')
 4 SYSTEMPATH\View\View.php(224): include('C:\\xampp\\htdocs\\lab7web\\ci4\\app\\Views\\artikel\\admin_index.php')
 5 SYSTEMPATH\View\View.php(227): CodeIgniter\View\View->CodeIgniter\View\{closure}()
 6 SYSTEMPATH\Common.php(1173): CodeIgniter\View\View->render('artikel/admin_index', [], true)
 7 APPPATH\Controllers\Artikel.php(58): view('artikel/admin_index', [...])
 8 SYSTEMPATH\CodeIgniter.php(933): App\Controllers\Artikel->admin_index()
 9 SYSTEMPATH\CodeIgniter.php(507): CodeIgniter\CodeIgniter->runController(Object(App\Controllers\Artikel))
10 SYSTEMPATH\CodeIgniter.php(354): CodeIgniter\CodeIgniter->handleRequest(null, Object(Config\Cache), false)
11 SYSTEMPATH\Boot.php(334): CodeIgniter\CodeIgniter->run()
12 SYSTEMPATH\Boot.php(67): CodeIgniter\Boot::runCodeIgniter(Object(CodeIgniter\CodeIgniter))
13 FCPATH\index.php(56): CodeIgniter\Boot::bootWeb(Object(Config\Paths))
DEBUG - 2025-06-14 05:10:05 --> Session: Class initialized using 'CodeIgniter\Session\Handlers\FileHandler' driver.
CRITICAL - 2025-06-14 05:10:05 --> CodeIgniter\View\Exceptions\ViewException: Invalid file: "C:\xampp\htdocs\lab7web\ci4\app\template\admin_header.php"
[Method: GET, Route: admin/artikel]
in SYSTEMPATH\Exceptions\FrameworkException.php on line 39.
 1 SYSTEMPATH\View\View.php(212): CodeIgniter\Exceptions\FrameworkException::forInvalidFile('C:\\xampp\\htdocs\\lab7web\\ci4\\app\\template\\admin_header.php')
 2 SYSTEMPATH\View\View.php(475): CodeIgniter\View\View->render('C:\\xampp\\htdocs\\lab7web\\ci4\\app\\template\\admin_header', null, true)
 3 APPPATH\Views\artikel\admin_index.php(1): CodeIgniter\View\View->include('C:\\xampp\\htdocs\\lab7web\\ci4\\app\\template\\admin_header')
 4 SYSTEMPATH\View\View.php(224): include('C:\\xampp\\htdocs\\lab7web\\ci4\\app\\Views\\artikel\\admin_index.php')
 5 SYSTEMPATH\View\View.php(227): CodeIgniter\View\View->CodeIgniter\View\{closure}()
 6 SYSTEMPATH\Common.php(1173): CodeIgniter\View\View->render('artikel/admin_index', [], true)
 7 APPPATH\Controllers\Artikel.php(58): view('artikel/admin_index', [...])
 8 SYSTEMPATH\CodeIgniter.php(933): App\Controllers\Artikel->admin_index()
 9 SYSTEMPATH\CodeIgniter.php(507): CodeIgniter\CodeIgniter->runController(Object(App\Controllers\Artikel))
10 SYSTEMPATH\CodeIgniter.php(354): CodeIgniter\CodeIgniter->handleRequest(null, Object(Config\Cache), false)
11 SYSTEMPATH\Boot.php(334): CodeIgniter\CodeIgniter->run()
12 SYSTEMPATH\Boot.php(67): CodeIgniter\Boot::runCodeIgniter(Object(CodeIgniter\CodeIgniter))
13 FCPATH\index.php(56): CodeIgniter\Boot::bootWeb(Object(Config\Paths))
DEBUG - 2025-06-14 05:10:06 --> Session: Class initialized using 'CodeIgniter\Session\Handlers\FileHandler' driver.
CRITICAL - 2025-06-14 05:10:06 --> CodeIgniter\View\Exceptions\ViewException: Invalid file: "C:\xampp\htdocs\lab7web\ci4\app\template\admin_header.php"
[Method: GET, Route: admin/artikel]
in SYSTEMPATH\Exceptions\FrameworkException.php on line 39.
 1 SYSTEMPATH\View\View.php(212): CodeIgniter\Exceptions\FrameworkException::forInvalidFile('C:\\xampp\\htdocs\\lab7web\\ci4\\app\\template\\admin_header.php')
 2 SYSTEMPATH\View\View.php(475): CodeIgniter\View\View->render('C:\\xampp\\htdocs\\lab7web\\ci4\\app\\template\\admin_header', null, true)
 3 APPPATH\Views\artikel\admin_index.php(1): CodeIgniter\View\View->include('C:\\xampp\\htdocs\\lab7web\\ci4\\app\\template\\admin_header')
 4 SYSTEMPATH\View\View.php(224): include('C:\\xampp\\htdocs\\lab7web\\ci4\\app\\Views\\artikel\\admin_index.php')
 5 SYSTEMPATH\View\View.php(227): CodeIgniter\View\View->CodeIgniter\View\{closure}()
 6 SYSTEMPATH\Common.php(1173): CodeIgniter\View\View->render('artikel/admin_index', [], true)
 7 APPPATH\Controllers\Artikel.php(58): view('artikel/admin_index', [...])
 8 SYSTEMPATH\CodeIgniter.php(933): App\Controllers\Artikel->admin_index()
 9 SYSTEMPATH\CodeIgniter.php(507): CodeIgniter\CodeIgniter->runController(Object(App\Controllers\Artikel))
10 SYSTEMPATH\CodeIgniter.php(354): CodeIgniter\CodeIgniter->handleRequest(null, Object(Config\Cache), false)
11 SYSTEMPATH\Boot.php(334): CodeIgniter\CodeIgniter->run()
12 SYSTEMPATH\Boot.php(67): CodeIgniter\Boot::runCodeIgniter(Object(CodeIgniter\CodeIgniter))
13 FCPATH\index.php(56): CodeIgniter\Boot::bootWeb(Object(Config\Paths))
DEBUG - 2025-06-14 05:10:07 --> Session: Class initialized using 'CodeIgniter\Session\Handlers\FileHandler' driver.
CRITICAL - 2025-06-14 05:10:07 --> CodeIgniter\View\Exceptions\ViewException: Invalid file: "C:\xampp\htdocs\lab7web\ci4\app\template\admin_header.php"
[Method: GET, Route: admin/artikel]
in SYSTEMPATH\Exceptions\FrameworkException.php on line 39.
 1 SYSTEMPATH\View\View.php(212): CodeIgniter\Exceptions\FrameworkException::forInvalidFile('C:\\xampp\\htdocs\\lab7web\\ci4\\app\\template\\admin_header.php')
 2 SYSTEMPATH\View\View.php(475): CodeIgniter\View\View->render('C:\\xampp\\htdocs\\lab7web\\ci4\\app\\template\\admin_header', null, true)
 3 APPPATH\Views\artikel\admin_index.php(1): CodeIgniter\View\View->include('C:\\xampp\\htdocs\\lab7web\\ci4\\app\\template\\admin_header')
 4 SYSTEMPATH\View\View.php(224): include('C:\\xampp\\htdocs\\lab7web\\ci4\\app\\Views\\artikel\\admin_index.php')
 5 SYSTEMPATH\View\View.php(227): CodeIgniter\View\View->CodeIgniter\View\{closure}()
 6 SYSTEMPATH\Common.php(1173): CodeIgniter\View\View->render('artikel/admin_index', [], true)
 7 APPPATH\Controllers\Artikel.php(58): view('artikel/admin_index', [...])
 8 SYSTEMPATH\CodeIgniter.php(933): App\Controllers\Artikel->admin_index()
 9 SYSTEMPATH\CodeIgniter.php(507): CodeIgniter\CodeIgniter->runController(Object(App\Controllers\Artikel))
10 SYSTEMPATH\CodeIgniter.php(354): CodeIgniter\CodeIgniter->handleRequest(null, Object(Config\Cache), false)
11 SYSTEMPATH\Boot.php(334): CodeIgniter\CodeIgniter->run()
12 SYSTEMPATH\Boot.php(67): CodeIgniter\Boot::runCodeIgniter(Object(CodeIgniter\CodeIgniter))
13 FCPATH\index.php(56): CodeIgniter\Boot::bootWeb(Object(Config\Paths))
DEBUG - 2025-06-14 05:10:08 --> Session: Class initialized using 'CodeIgniter\Session\Handlers\FileHandler' driver.
CRITICAL - 2025-06-14 05:10:08 --> CodeIgniter\View\Exceptions\ViewException: Invalid file: "C:\xampp\htdocs\lab7web\ci4\app\template\admin_header.php"
[Method: GET, Route: admin/artikel]
in SYSTEMPATH\Exceptions\FrameworkException.php on line 39.
 1 SYSTEMPATH\View\View.php(212): CodeIgniter\Exceptions\FrameworkException::forInvalidFile('C:\\xampp\\htdocs\\lab7web\\ci4\\app\\template\\admin_header.php')
 2 SYSTEMPATH\View\View.php(475): CodeIgniter\View\View->render('C:\\xampp\\htdocs\\lab7web\\ci4\\app\\template\\admin_header', null, true)
 3 APPPATH\Views\artikel\admin_index.php(1): CodeIgniter\View\View->include('C:\\xampp\\htdocs\\lab7web\\ci4\\app\\template\\admin_header')
 4 SYSTEMPATH\View\View.php(224): include('C:\\xampp\\htdocs\\lab7web\\ci4\\app\\Views\\artikel\\admin_index.php')
 5 SYSTEMPATH\View\View.php(227): CodeIgniter\View\View->CodeIgniter\View\{closure}()
 6 SYSTEMPATH\Common.php(1173): CodeIgniter\View\View->render('artikel/admin_index', [], true)
 7 APPPATH\Controllers\Artikel.php(58): view('artikel/admin_index', [...])
 8 SYSTEMPATH\CodeIgniter.php(933): App\Controllers\Artikel->admin_index()
 9 SYSTEMPATH\CodeIgniter.php(507): CodeIgniter\CodeIgniter->runController(Object(App\Controllers\Artikel))
10 SYSTEMPATH\CodeIgniter.php(354): CodeIgniter\CodeIgniter->handleRequest(null, Object(Config\Cache), false)
11 SYSTEMPATH\Boot.php(334): CodeIgniter\CodeIgniter->run()
12 SYSTEMPATH\Boot.php(67): CodeIgniter\Boot::runCodeIgniter(Object(CodeIgniter\CodeIgniter))
13 FCPATH\index.php(56): CodeIgniter\Boot::bootWeb(Object(Config\Paths))
DEBUG - 2025-06-14 05:29:49 --> Session: Class initialized using 'CodeIgniter\Session\Handlers\FileHandler' driver.
CRITICAL - 2025-06-14 05:29:49 --> CodeIgniter\View\Exceptions\ViewException: Invalid file: "C:\xampp\htdocs\lab7web\ci4\app\template/admin_header.php"
[Method: GET, Route: admin/artikel]
in SYSTEMPATH\Exceptions\FrameworkException.php on line 39.
 1 SYSTEMPATH\View\View.php(212): CodeIgniter\Exceptions\FrameworkException::forInvalidFile('C:\\xampp\\htdocs\\lab7web\\ci4\\app\\template/admin_header.php')
 2 SYSTEMPATH\View\View.php(475): CodeIgniter\View\View->render('C:\\xampp\\htdocs\\lab7web\\ci4\\app\\template/admin_header', null, true)
 3 APPPATH\Views\artikel\admin_index.php(1): CodeIgniter\View\View->include('C:\\xampp\\htdocs\\lab7web\\ci4\\app\\template/admin_header')
 4 SYSTEMPATH\View\View.php(224): include('C:\\xampp\\htdocs\\lab7web\\ci4\\app\\Views\\artikel\\admin_index.php')
 5 SYSTEMPATH\View\View.php(227): CodeIgniter\View\View->CodeIgniter\View\{closure}()
 6 SYSTEMPATH\Common.php(1173): CodeIgniter\View\View->render('artikel/admin_index', [], true)
 7 APPPATH\Controllers\Artikel.php(58): view('artikel/admin_index', [...])
 8 SYSTEMPATH\CodeIgniter.php(933): App\Controllers\Artikel->admin_index()
 9 SYSTEMPATH\CodeIgniter.php(507): CodeIgniter\CodeIgniter->runController(Object(App\Controllers\Artikel))
10 SYSTEMPATH\CodeIgniter.php(354): CodeIgniter\CodeIgniter->handleRequest(null, Object(Config\Cache), false)
11 SYSTEMPATH\Boot.php(334): CodeIgniter\CodeIgniter->run()
12 SYSTEMPATH\Boot.php(67): CodeIgniter\Boot::runCodeIgniter(Object(CodeIgniter\CodeIgniter))
13 FCPATH\index.php(56): CodeIgniter\Boot::bootWeb(Object(Config\Paths))
DEBUG - 2025-06-14 05:29:51 --> Session: Class initialized using 'CodeIgniter\Session\Handlers\FileHandler' driver.
CRITICAL - 2025-06-14 05:29:51 --> CodeIgniter\View\Exceptions\ViewException: Invalid file: "C:\xampp\htdocs\lab7web\ci4\app\template/admin_header.php"
[Method: GET, Route: admin/artikel]
in SYSTEMPATH\Exceptions\FrameworkException.php on line 39.
 1 SYSTEMPATH\View\View.php(212): CodeIgniter\Exceptions\FrameworkException::forInvalidFile('C:\\xampp\\htdocs\\lab7web\\ci4\\app\\template/admin_header.php')
 2 SYSTEMPATH\View\View.php(475): CodeIgniter\View\View->render('C:\\xampp\\htdocs\\lab7web\\ci4\\app\\template/admin_header', null, true)
 3 APPPATH\Views\artikel\admin_index.php(1): CodeIgniter\View\View->include('C:\\xampp\\htdocs\\lab7web\\ci4\\app\\template/admin_header')
 4 SYSTEMPATH\View\View.php(224): include('C:\\xampp\\htdocs\\lab7web\\ci4\\app\\Views\\artikel\\admin_index.php')
 5 SYSTEMPATH\View\View.php(227): CodeIgniter\View\View->CodeIgniter\View\{closure}()
 6 SYSTEMPATH\Common.php(1173): CodeIgniter\View\View->render('artikel/admin_index', [], true)
 7 APPPATH\Controllers\Artikel.php(58): view('artikel/admin_index', [...])
 8 SYSTEMPATH\CodeIgniter.php(933): App\Controllers\Artikel->admin_index()
 9 SYSTEMPATH\CodeIgniter.php(507): CodeIgniter\CodeIgniter->runController(Object(App\Controllers\Artikel))
10 SYSTEMPATH\CodeIgniter.php(354): CodeIgniter\CodeIgniter->handleRequest(null, Object(Config\Cache), false)
11 SYSTEMPATH\Boot.php(334): CodeIgniter\CodeIgniter->run()
12 SYSTEMPATH\Boot.php(67): CodeIgniter\Boot::runCodeIgniter(Object(CodeIgniter\CodeIgniter))
13 FCPATH\index.php(56): CodeIgniter\Boot::bootWeb(Object(Config\Paths))
DEBUG - 2025-06-14 05:29:51 --> Session: Class initialized using 'CodeIgniter\Session\Handlers\FileHandler' driver.
CRITICAL - 2025-06-14 05:29:51 --> CodeIgniter\View\Exceptions\ViewException: Invalid file: "C:\xampp\htdocs\lab7web\ci4\app\template/admin_header.php"
[Method: GET, Route: admin/artikel]
in SYSTEMPATH\Exceptions\FrameworkException.php on line 39.
 1 SYSTEMPATH\View\View.php(212): CodeIgniter\Exceptions\FrameworkException::forInvalidFile('C:\\xampp\\htdocs\\lab7web\\ci4\\app\\template/admin_header.php')
 2 SYSTEMPATH\View\View.php(475): CodeIgniter\View\View->render('C:\\xampp\\htdocs\\lab7web\\ci4\\app\\template/admin_header', null, true)
 3 APPPATH\Views\artikel\admin_index.php(1): CodeIgniter\View\View->include('C:\\xampp\\htdocs\\lab7web\\ci4\\app\\template/admin_header')
 4 SYSTEMPATH\View\View.php(224): include('C:\\xampp\\htdocs\\lab7web\\ci4\\app\\Views\\artikel\\admin_index.php')
 5 SYSTEMPATH\View\View.php(227): CodeIgniter\View\View->CodeIgniter\View\{closure}()
 6 SYSTEMPATH\Common.php(1173): CodeIgniter\View\View->render('artikel/admin_index', [], true)
 7 APPPATH\Controllers\Artikel.php(58): view('artikel/admin_index', [...])
 8 SYSTEMPATH\CodeIgniter.php(933): App\Controllers\Artikel->admin_index()
 9 SYSTEMPATH\CodeIgniter.php(507): CodeIgniter\CodeIgniter->runController(Object(App\Controllers\Artikel))
10 SYSTEMPATH\CodeIgniter.php(354): CodeIgniter\CodeIgniter->handleRequest(null, Object(Config\Cache), false)
11 SYSTEMPATH\Boot.php(334): CodeIgniter\CodeIgniter->run()
12 SYSTEMPATH\Boot.php(67): CodeIgniter\Boot::runCodeIgniter(Object(CodeIgniter\CodeIgniter))
13 FCPATH\index.php(56): CodeIgniter\Boot::bootWeb(Object(Config\Paths))
DEBUG - 2025-06-14 05:29:52 --> Session: Class initialized using 'CodeIgniter\Session\Handlers\FileHandler' driver.
CRITICAL - 2025-06-14 05:29:52 --> CodeIgniter\View\Exceptions\ViewException: Invalid file: "C:\xampp\htdocs\lab7web\ci4\app\template/admin_header.php"
[Method: GET, Route: admin/artikel]
in SYSTEMPATH\Exceptions\FrameworkException.php on line 39.
 1 SYSTEMPATH\View\View.php(212): CodeIgniter\Exceptions\FrameworkException::forInvalidFile('C:\\xampp\\htdocs\\lab7web\\ci4\\app\\template/admin_header.php')
 2 SYSTEMPATH\View\View.php(475): CodeIgniter\View\View->render('C:\\xampp\\htdocs\\lab7web\\ci4\\app\\template/admin_header', null, true)
 3 APPPATH\Views\artikel\admin_index.php(1): CodeIgniter\View\View->include('C:\\xampp\\htdocs\\lab7web\\ci4\\app\\template/admin_header')
 4 SYSTEMPATH\View\View.php(224): include('C:\\xampp\\htdocs\\lab7web\\ci4\\app\\Views\\artikel\\admin_index.php')
 5 SYSTEMPATH\View\View.php(227): CodeIgniter\View\View->CodeIgniter\View\{closure}()
 6 SYSTEMPATH\Common.php(1173): CodeIgniter\View\View->render('artikel/admin_index', [], true)
 7 APPPATH\Controllers\Artikel.php(58): view('artikel/admin_index', [...])
 8 SYSTEMPATH\CodeIgniter.php(933): App\Controllers\Artikel->admin_index()
 9 SYSTEMPATH\CodeIgniter.php(507): CodeIgniter\CodeIgniter->runController(Object(App\Controllers\Artikel))
10 SYSTEMPATH\CodeIgniter.php(354): CodeIgniter\CodeIgniter->handleRequest(null, Object(Config\Cache), false)
11 SYSTEMPATH\Boot.php(334): CodeIgniter\CodeIgniter->run()
12 SYSTEMPATH\Boot.php(67): CodeIgniter\Boot::runCodeIgniter(Object(CodeIgniter\CodeIgniter))
13 FCPATH\index.php(56): CodeIgniter\Boot::bootWeb(Object(Config\Paths))
DEBUG - 2025-06-14 05:29:53 --> Session: Class initialized using 'CodeIgniter\Session\Handlers\FileHandler' driver.
CRITICAL - 2025-06-14 05:29:53 --> CodeIgniter\View\Exceptions\ViewException: Invalid file: "C:\xampp\htdocs\lab7web\ci4\app\template/admin_header.php"
[Method: GET, Route: admin/artikel]
in SYSTEMPATH\Exceptions\FrameworkException.php on line 39.
 1 SYSTEMPATH\View\View.php(212): CodeIgniter\Exceptions\FrameworkException::forInvalidFile('C:\\xampp\\htdocs\\lab7web\\ci4\\app\\template/admin_header.php')
 2 SYSTEMPATH\View\View.php(475): CodeIgniter\View\View->render('C:\\xampp\\htdocs\\lab7web\\ci4\\app\\template/admin_header', null, true)
 3 APPPATH\Views\artikel\admin_index.php(1): CodeIgniter\View\View->include('C:\\xampp\\htdocs\\lab7web\\ci4\\app\\template/admin_header')
 4 SYSTEMPATH\View\View.php(224): include('C:\\xampp\\htdocs\\lab7web\\ci4\\app\\Views\\artikel\\admin_index.php')
 5 SYSTEMPATH\View\View.php(227): CodeIgniter\View\View->CodeIgniter\View\{closure}()
 6 SYSTEMPATH\Common.php(1173): CodeIgniter\View\View->render('artikel/admin_index', [], true)
 7 APPPATH\Controllers\Artikel.php(58): view('artikel/admin_index', [...])
 8 SYSTEMPATH\CodeIgniter.php(933): App\Controllers\Artikel->admin_index()
 9 SYSTEMPATH\CodeIgniter.php(507): CodeIgniter\CodeIgniter->runController(Object(App\Controllers\Artikel))
10 SYSTEMPATH\CodeIgniter.php(354): CodeIgniter\CodeIgniter->handleRequest(null, Object(Config\Cache), false)
11 SYSTEMPATH\Boot.php(334): CodeIgniter\CodeIgniter->run()
12 SYSTEMPATH\Boot.php(67): CodeIgniter\Boot::runCodeIgniter(Object(CodeIgniter\CodeIgniter))
13 FCPATH\index.php(56): CodeIgniter\Boot::bootWeb(Object(Config\Paths))
DEBUG - 2025-06-14 05:35:35 --> Session: Class initialized using 'CodeIgniter\Session\Handlers\FileHandler' driver.
DEBUG - 2025-06-14 05:38:13 --> Session: Class initialized using 'CodeIgniter\Session\Handlers\FileHandler' driver.
ERROR - 2025-06-14 05:38:15 --> mysqli_sql_exception: You have an error in your SQL syntax; check the manual that corresponds to your MariaDB server version for the right syntax to use near ')
ORDER BY `created_at` DESC
 LIMIT 5' at line 3 in C:\xampp\htdocs\lab7web\ci4\system\Database\MySQLi\Connection.php:327
Stack trace:
#0 C:\xampp\htdocs\lab7web\ci4\system\Database\MySQLi\Connection.php(327): mysqli->query('SELECT *\nFROM `...', 0)
#1 C:\xampp\htdocs\lab7web\ci4\system\Database\BaseConnection.php(738): CodeIgniter\Database\MySQLi\Connection->execute('SELECT *\nFROM `...')
#2 C:\xampp\htdocs\lab7web\ci4\system\Database\BaseConnection.php(652): CodeIgniter\Database\BaseConnection->simpleQuery('SELECT *\nFROM `...')
#3 C:\xampp\htdocs\lab7web\ci4\system\Database\BaseBuilder.php(1649): CodeIgniter\Database\BaseConnection->query('SELECT *\nFROM `...', Array, false)
#4 C:\xampp\htdocs\lab7web\ci4\system\Model.php(286): CodeIgniter\Database\BaseBuilder->get()
#5 C:\xampp\htdocs\lab7web\ci4\system\BaseModel.php(675): CodeIgniter\Model->doFindAll(0, 0)
#6 C:\xampp\htdocs\lab7web\ci4\app\Cells\ArtikelTerkini.php(19): CodeIgniter\BaseModel->findAll()
#7 C:\xampp\htdocs\lab7web\ci4\system\View\Cell.php(289): App\Cells\ArtikelTerkini->render(Array)
#8 C:\xampp\htdocs\lab7web\ci4\system\View\Cell.php(104): CodeIgniter\View\Cell->renderSimpleClass(Object(App\Cells\ArtikelTerkini), 'render', Array, 'App\\Cells\\Artik...')
#9 C:\xampp\htdocs\lab7web\ci4\system\Common.php(1189): CodeIgniter\View\Cell->render('\\App\\Cells\\Arti...', Array, 0, 'AppCellsArtikel...')
#10 C:\xampp\htdocs\lab7web\ci4\app\Views\layout\main.php(24): view_cell('\\App\\Cells\\Arti...')
#11 C:\xampp\htdocs\lab7web\ci4\system\View\View.php(224): include('C:\\xampp\\htdocs...')
#12 C:\xampp\htdocs\lab7web\ci4\system\View\View.php(227): CodeIgniter\View\View->CodeIgniter\View\{closure}()
#13 C:\xampp\htdocs\lab7web\ci4\system\View\View.php(240): CodeIgniter\View\View->render('layout/main', Array, true)
#14 C:\xampp\htdocs\lab7web\ci4\system\Common.php(1173): CodeIgniter\View\View->render('artikel/index', Array, true)
#15 C:\xampp\htdocs\lab7web\ci4\app\Controllers\Artikel.php(15): view('artikel/index', Array)
#16 C:\xampp\htdocs\lab7web\ci4\system\CodeIgniter.php(933): App\Controllers\Artikel->index()
#17 C:\xampp\htdocs\lab7web\ci4\system\CodeIgniter.php(507): CodeIgniter\CodeIgniter->runController(Object(App\Controllers\Artikel))
#18 C:\xampp\htdocs\lab7web\ci4\system\CodeIgniter.php(354): CodeIgniter\CodeIgniter->handleRequest(NULL, Object(Config\Cache), false)
#19 C:\xampp\htdocs\lab7web\ci4\system\Boot.php(334): CodeIgniter\CodeIgniter->run()
#20 C:\xampp\htdocs\lab7web\ci4\system\Boot.php(67): CodeIgniter\Boot::runCodeIgniter(Object(CodeIgniter\CodeIgniter))
#21 C:\xampp\htdocs\lab7web\ci4\public\index.php(56): CodeIgniter\Boot::bootWeb(Object(Config\Paths))
#22 {main}
ERROR - 2025-06-14 05:38:15 --> Error di ArtikelTerkini: You have an error in your SQL syntax; check the manual that corresponds to your MariaDB server version for the right syntax to use near ')
ORDER BY `created_at` DESC
 LIMIT 5' at line 3
ERROR - 2025-06-14 05:38:15 --> mysqli_sql_exception: Unknown column 'created_at' in 'order clause' in C:\xampp\htdocs\lab7web\ci4\system\Database\MySQLi\Connection.php:327
Stack trace:
#0 C:\xampp\htdocs\lab7web\ci4\system\Database\MySQLi\Connection.php(327): mysqli->query('SELECT *\nFROM `...', 0)
#1 C:\xampp\htdocs\lab7web\ci4\system\Database\BaseConnection.php(738): CodeIgniter\Database\MySQLi\Connection->execute('SELECT *\nFROM `...')
#2 C:\xampp\htdocs\lab7web\ci4\system\Database\BaseConnection.php(652): CodeIgniter\Database\BaseConnection->simpleQuery('SELECT *\nFROM `...')
#3 C:\xampp\htdocs\lab7web\ci4\system\Database\BaseBuilder.php(1649): CodeIgniter\Database\BaseConnection->query('SELECT *\nFROM `...', Array, false)
#4 C:\xampp\htdocs\lab7web\ci4\system\Model.php(286): CodeIgniter\Database\BaseBuilder->get()
#5 C:\xampp\htdocs\lab7web\ci4\system\BaseModel.php(675): CodeIgniter\Model->doFindAll(0, 0)
#6 C:\xampp\htdocs\lab7web\ci4\app\Cells\ArtikelTerkini.php(19): CodeIgniter\BaseModel->findAll()
#7 C:\xampp\htdocs\lab7web\ci4\system\View\Cell.php(307): App\Cells\ArtikelTerkini->render('Teknologi')
#8 C:\xampp\htdocs\lab7web\ci4\system\View\Cell.php(104): CodeIgniter\View\Cell->renderSimpleClass(Object(App\Cells\ArtikelTerkini), 'render', Array, 'App\\Cells\\Artik...')
#9 C:\xampp\htdocs\lab7web\ci4\system\Common.php(1189): CodeIgniter\View\Cell->render('\\App\\Cells\\Arti...', Array, 0, 'AppCellsArtikel...')
#10 C:\xampp\htdocs\lab7web\ci4\app\Views\layout\main.php(25): view_cell('\\App\\Cells\\Arti...', Array)
#11 C:\xampp\htdocs\lab7web\ci4\system\View\View.php(224): include('C:\\xampp\\htdocs...')
#12 C:\xampp\htdocs\lab7web\ci4\system\View\View.php(227): CodeIgniter\View\View->CodeIgniter\View\{closure}()
#13 C:\xampp\htdocs\lab7web\ci4\system\View\View.php(240): CodeIgniter\View\View->render('layout/main', Array, true)
#14 C:\xampp\htdocs\lab7web\ci4\system\Common.php(1173): CodeIgniter\View\View->render('artikel/index', Array, true)
#15 C:\xampp\htdocs\lab7web\ci4\app\Controllers\Artikel.php(15): view('artikel/index', Array)
#16 C:\xampp\htdocs\lab7web\ci4\system\CodeIgniter.php(933): App\Controllers\Artikel->index()
#17 C:\xampp\htdocs\lab7web\ci4\system\CodeIgniter.php(507): CodeIgniter\CodeIgniter->runController(Object(App\Controllers\Artikel))
#18 C:\xampp\htdocs\lab7web\ci4\system\CodeIgniter.php(354): CodeIgniter\CodeIgniter->handleRequest(NULL, Object(Config\Cache), false)
#19 C:\xampp\htdocs\lab7web\ci4\system\Boot.php(334): CodeIgniter\CodeIgniter->run()
#20 C:\xampp\htdocs\lab7web\ci4\system\Boot.php(67): CodeIgniter\Boot::runCodeIgniter(Object(CodeIgniter\CodeIgniter))
#21 C:\xampp\htdocs\lab7web\ci4\public\index.php(56): CodeIgniter\Boot::bootWeb(Object(Config\Paths))
#22 {main}
ERROR - 2025-06-14 05:38:15 --> Error di ArtikelTerkini: Unknown column 'created_at' in 'order clause'
DEBUG - 2025-06-14 05:38:28 --> Session: Class initialized using 'CodeIgniter\Session\Handlers\FileHandler' driver.
DEBUG - 2025-06-14 05:39:36 --> Session: Class initialized using 'CodeIgniter\Session\Handlers\FileHandler' driver.
DEBUG - 2025-06-14 05:39:41 --> Session: Class initialized using 'CodeIgniter\Session\Handlers\FileHandler' driver.
DEBUG - 2025-06-14 05:39:45 --> Session: Class initialized using 'CodeIgniter\Session\Handlers\FileHandler' driver.
ERROR - 2025-06-14 05:39:47 --> mysqli_sql_exception: You have an error in your SQL syntax; check the manual that corresponds to your MariaDB server version for the right syntax to use near ')
ORDER BY `created_at` DESC
 LIMIT 5' at line 3 in C:\xampp\htdocs\lab7web\ci4\system\Database\MySQLi\Connection.php:327
Stack trace:
#0 C:\xampp\htdocs\lab7web\ci4\system\Database\MySQLi\Connection.php(327): mysqli->query('SELECT *\nFROM `...', 0)
#1 C:\xampp\htdocs\lab7web\ci4\system\Database\BaseConnection.php(738): CodeIgniter\Database\MySQLi\Connection->execute('SELECT *\nFROM `...')
#2 C:\xampp\htdocs\lab7web\ci4\system\Database\BaseConnection.php(652): CodeIgniter\Database\BaseConnection->simpleQuery('SELECT *\nFROM `...')
#3 C:\xampp\htdocs\lab7web\ci4\system\Database\BaseBuilder.php(1649): CodeIgniter\Database\BaseConnection->query('SELECT *\nFROM `...', Array, false)
#4 C:\xampp\htdocs\lab7web\ci4\system\Model.php(286): CodeIgniter\Database\BaseBuilder->get()
#5 C:\xampp\htdocs\lab7web\ci4\system\BaseModel.php(675): CodeIgniter\Model->doFindAll(0, 0)
#6 C:\xampp\htdocs\lab7web\ci4\app\Cells\ArtikelTerkini.php(19): CodeIgniter\BaseModel->findAll()
#7 C:\xampp\htdocs\lab7web\ci4\system\View\Cell.php(289): App\Cells\ArtikelTerkini->render(Array)
#8 C:\xampp\htdocs\lab7web\ci4\system\View\Cell.php(104): CodeIgniter\View\Cell->renderSimpleClass(Object(App\Cells\ArtikelTerkini), 'render', Array, 'App\\Cells\\Artik...')
#9 C:\xampp\htdocs\lab7web\ci4\system\Common.php(1189): CodeIgniter\View\Cell->render('\\App\\Cells\\Arti...', Array, 0, 'AppCellsArtikel...')
#10 C:\xampp\htdocs\lab7web\ci4\app\Views\layout\main.php(24): view_cell('\\App\\Cells\\Arti...')
#11 C:\xampp\htdocs\lab7web\ci4\system\View\View.php(224): include('C:\\xampp\\htdocs...')
#12 C:\xampp\htdocs\lab7web\ci4\system\View\View.php(227): CodeIgniter\View\View->CodeIgniter\View\{closure}()
#13 C:\xampp\htdocs\lab7web\ci4\system\View\View.php(240): CodeIgniter\View\View->render('layout/main', Array, true)
#14 C:\xampp\htdocs\lab7web\ci4\system\Common.php(1173): CodeIgniter\View\View->render('artikel/index', Array, true)
#15 C:\xampp\htdocs\lab7web\ci4\app\Controllers\Artikel.php(15): view('artikel/index', Array)
#16 C:\xampp\htdocs\lab7web\ci4\system\CodeIgniter.php(933): App\Controllers\Artikel->index()
#17 C:\xampp\htdocs\lab7web\ci4\system\CodeIgniter.php(507): CodeIgniter\CodeIgniter->runController(Object(App\Controllers\Artikel))
#18 C:\xampp\htdocs\lab7web\ci4\system\CodeIgniter.php(354): CodeIgniter\CodeIgniter->handleRequest(NULL, Object(Config\Cache), false)
#19 C:\xampp\htdocs\lab7web\ci4\system\Boot.php(334): CodeIgniter\CodeIgniter->run()
#20 C:\xampp\htdocs\lab7web\ci4\system\Boot.php(67): CodeIgniter\Boot::runCodeIgniter(Object(CodeIgniter\CodeIgniter))
#21 C:\xampp\htdocs\lab7web\ci4\public\index.php(56): CodeIgniter\Boot::bootWeb(Object(Config\Paths))
#22 {main}
ERROR - 2025-06-14 05:39:47 --> Error di ArtikelTerkini: You have an error in your SQL syntax; check the manual that corresponds to your MariaDB server version for the right syntax to use near ')
ORDER BY `created_at` DESC
 LIMIT 5' at line 3
ERROR - 2025-06-14 05:39:47 --> mysqli_sql_exception: Unknown column 'created_at' in 'order clause' in C:\xampp\htdocs\lab7web\ci4\system\Database\MySQLi\Connection.php:327
Stack trace:
#0 C:\xampp\htdocs\lab7web\ci4\system\Database\MySQLi\Connection.php(327): mysqli->query('SELECT *\nFROM `...', 0)
#1 C:\xampp\htdocs\lab7web\ci4\system\Database\BaseConnection.php(738): CodeIgniter\Database\MySQLi\Connection->execute('SELECT *\nFROM `...')
#2 C:\xampp\htdocs\lab7web\ci4\system\Database\BaseConnection.php(652): CodeIgniter\Database\BaseConnection->simpleQuery('SELECT *\nFROM `...')
#3 C:\xampp\htdocs\lab7web\ci4\system\Database\BaseBuilder.php(1649): CodeIgniter\Database\BaseConnection->query('SELECT *\nFROM `...', Array, false)
#4 C:\xampp\htdocs\lab7web\ci4\system\Model.php(286): CodeIgniter\Database\BaseBuilder->get()
#5 C:\xampp\htdocs\lab7web\ci4\system\BaseModel.php(675): CodeIgniter\Model->doFindAll(0, 0)
#6 C:\xampp\htdocs\lab7web\ci4\app\Cells\ArtikelTerkini.php(19): CodeIgniter\BaseModel->findAll()
#7 C:\xampp\htdocs\lab7web\ci4\system\View\Cell.php(307): App\Cells\ArtikelTerkini->render('Teknologi')
#8 C:\xampp\htdocs\lab7web\ci4\system\View\Cell.php(104): CodeIgniter\View\Cell->renderSimpleClass(Object(App\Cells\ArtikelTerkini), 'render', Array, 'App\\Cells\\Artik...')
#9 C:\xampp\htdocs\lab7web\ci4\system\Common.php(1189): CodeIgniter\View\Cell->render('\\App\\Cells\\Arti...', Array, 0, 'AppCellsArtikel...')
#10 C:\xampp\htdocs\lab7web\ci4\app\Views\layout\main.php(25): view_cell('\\App\\Cells\\Arti...', Array)
#11 C:\xampp\htdocs\lab7web\ci4\system\View\View.php(224): include('C:\\xampp\\htdocs...')
#12 C:\xampp\htdocs\lab7web\ci4\system\View\View.php(227): CodeIgniter\View\View->CodeIgniter\View\{closure}()
#13 C:\xampp\htdocs\lab7web\ci4\system\View\View.php(240): CodeIgniter\View\View->render('layout/main', Array, true)
#14 C:\xampp\htdocs\lab7web\ci4\system\Common.php(1173): CodeIgniter\View\View->render('artikel/index', Array, true)
#15 C:\xampp\htdocs\lab7web\ci4\app\Controllers\Artikel.php(15): view('artikel/index', Array)
#16 C:\xampp\htdocs\lab7web\ci4\system\CodeIgniter.php(933): App\Controllers\Artikel->index()
#17 C:\xampp\htdocs\lab7web\ci4\system\CodeIgniter.php(507): CodeIgniter\CodeIgniter->runController(Object(App\Controllers\Artikel))
#18 C:\xampp\htdocs\lab7web\ci4\system\CodeIgniter.php(354): CodeIgniter\CodeIgniter->handleRequest(NULL, Object(Config\Cache), false)
#19 C:\xampp\htdocs\lab7web\ci4\system\Boot.php(334): CodeIgniter\CodeIgniter->run()
#20 C:\xampp\htdocs\lab7web\ci4\system\Boot.php(67): CodeIgniter\Boot::runCodeIgniter(Object(CodeIgniter\CodeIgniter))
#21 C:\xampp\htdocs\lab7web\ci4\public\index.php(56): CodeIgniter\Boot::bootWeb(Object(Config\Paths))
#22 {main}
ERROR - 2025-06-14 05:39:47 --> Error di ArtikelTerkini: Unknown column 'created_at' in 'order clause'
DEBUG - 2025-06-14 05:41:34 --> Session: Class initialized using 'CodeIgniter\Session\Handlers\FileHandler' driver.
CRITICAL - 2025-06-14 05:41:34 --> CodeIgniter\HTTP\Exceptions\HTTPException: The original file is not a valid file.
[Method: POST, Route: admin/artikel/add]
in SYSTEMPATH\HTTP\Files\UploadedFile.php on line 142.
 1 SYSTEMPATH\HTTP\Files\UploadedFile.php(142): CodeIgniter\HTTP\Exceptions\HTTPException::forInvalidFile()
 2 APPPATH\Controllers\Artikel.php(71): CodeIgniter\HTTP\Files\UploadedFile->move('C:\\xampp\\htdocs\\lab7web\\ci4\\public/gambar/')
 3 SYSTEMPATH\CodeIgniter.php(933): App\Controllers\Artikel->add()
 4 SYSTEMPATH\CodeIgniter.php(507): CodeIgniter\CodeIgniter->runController(Object(App\Controllers\Artikel))
 5 SYSTEMPATH\CodeIgniter.php(354): CodeIgniter\CodeIgniter->handleRequest(null, Object(Config\Cache), false)
 6 SYSTEMPATH\Boot.php(334): CodeIgniter\CodeIgniter->run()
 7 SYSTEMPATH\Boot.php(67): CodeIgniter\Boot::runCodeIgniter(Object(CodeIgniter\CodeIgniter))
 8 FCPATH\index.php(56): CodeIgniter\Boot::bootWeb(Object(Config\Paths))
DEBUG - 2025-06-14 05:43:45 --> Session: Class initialized using 'CodeIgniter\Session\Handlers\FileHandler' driver.
DEBUG - 2025-06-14 05:44:12 --> Session: Class initialized using 'CodeIgniter\Session\Handlers\FileHandler' driver.
ERROR - 2025-06-14 05:44:12 --> mysqli_sql_exception: Field 'kategori' doesn't have a default value in C:\xampp\htdocs\lab7web\ci4\system\Database\MySQLi\Connection.php:327
Stack trace:
#0 C:\xampp\htdocs\lab7web\ci4\system\Database\MySQLi\Connection.php(327): mysqli->query('INSERT INTO `ar...', 0)
#1 C:\xampp\htdocs\lab7web\ci4\system\Database\BaseConnection.php(738): CodeIgniter\Database\MySQLi\Connection->execute('INSERT INTO `ar...')
#2 C:\xampp\htdocs\lab7web\ci4\system\Database\BaseConnection.php(652): CodeIgniter\Database\BaseConnection->simpleQuery('INSERT INTO `ar...')
#3 C:\xampp\htdocs\lab7web\ci4\system\Database\BaseBuilder.php(2345): CodeIgniter\Database\BaseConnection->query('INSERT INTO `ar...', Array, false)
#4 C:\xampp\htdocs\lab7web\ci4\system\Model.php(394): CodeIgniter\Database\BaseBuilder->insert()
#5 C:\xampp\htdocs\lab7web\ci4\system\BaseModel.php(839): CodeIgniter\Model->doInsert(Array)
#6 C:\xampp\htdocs\lab7web\ci4\system\Model.php(800): CodeIgniter\BaseModel->insert(Array, true)
#7 C:\xampp\htdocs\lab7web\ci4\app\Controllers\Artikel.php(77): CodeIgniter\Model->insert(Array)
#8 C:\xampp\htdocs\lab7web\ci4\system\CodeIgniter.php(933): App\Controllers\Artikel->add()
#9 C:\xampp\htdocs\lab7web\ci4\system\CodeIgniter.php(507): CodeIgniter\CodeIgniter->runController(Object(App\Controllers\Artikel))
#10 C:\xampp\htdocs\lab7web\ci4\system\CodeIgniter.php(354): CodeIgniter\CodeIgniter->handleRequest(NULL, Object(Config\Cache), false)
#11 C:\xampp\htdocs\lab7web\ci4\system\Boot.php(334): CodeIgniter\CodeIgniter->run()
#12 C:\xampp\htdocs\lab7web\ci4\system\Boot.php(67): CodeIgniter\Boot::runCodeIgniter(Object(CodeIgniter\CodeIgniter))
#13 C:\xampp\htdocs\lab7web\ci4\public\index.php(56): CodeIgniter\Boot::bootWeb(Object(Config\Paths))
#14 {main}
CRITICAL - 2025-06-14 05:44:12 --> CodeIgniter\Database\Exceptions\DatabaseException: Field 'kategori' doesn't have a default value
[Method: POST, Route: admin/artikel/add]
in SYSTEMPATH\Database\BaseConnection.php on line 692.
 1 SYSTEMPATH\Database\BaseBuilder.php(2345): CodeIgniter\Database\BaseConnection->query('INSERT INTO `artikel` (`judul`, `isi`, `slug`, `gambar`) VALUES (:judul:, :isi:, :slug:, :gambar:)', [...], false)
 2 SYSTEMPATH\Model.php(394): CodeIgniter\Database\BaseBuilder->insert()
 3 SYSTEMPATH\BaseModel.php(839): CodeIgniter\Model->doInsert([...])
 4 SYSTEMPATH\Model.php(800): CodeIgniter\BaseModel->insert([...], true)
 5 APPPATH\Controllers\Artikel.php(77): CodeIgniter\Model->insert([...])
 6 SYSTEMPATH\CodeIgniter.php(933): App\Controllers\Artikel->add()
 7 SYSTEMPATH\CodeIgniter.php(507): CodeIgniter\CodeIgniter->runController(Object(App\Controllers\Artikel))
 8 SYSTEMPATH\CodeIgniter.php(354): CodeIgniter\CodeIgniter->handleRequest(null, Object(Config\Cache), false)
 9 SYSTEMPATH\Boot.php(334): CodeIgniter\CodeIgniter->run()
10 SYSTEMPATH\Boot.php(67): CodeIgniter\Boot::runCodeIgniter(Object(CodeIgniter\CodeIgniter))
11 FCPATH\index.php(56): CodeIgniter\Boot::bootWeb(Object(Config\Paths))
CRITICAL - 2025-06-14 05:44:12 --> [Caused by] CodeIgniter\Database\Exceptions\DatabaseException: Field 'kategori' doesn't have a default value
in SYSTEMPATH\Database\MySQLi\Connection.php on line 332.
 1 SYSTEMPATH\Database\BaseConnection.php(738): CodeIgniter\Database\MySQLi\Connection->execute('INSERT INTO `artikel` (`judul`, `isi`, `slug`, `gambar`) VALUES (\'buku saya\', \'\', \'buku-saya\', \'Screenshot (244).png\')')
 2 SYSTEMPATH\Database\BaseConnection.php(652): CodeIgniter\Database\BaseConnection->simpleQuery('INSERT INTO `artikel` (`judul`, `isi`, `slug`, `gambar`) VALUES (\'buku saya\', \'\', \'buku-saya\', \'Screenshot (244).png\')')
 3 SYSTEMPATH\Database\BaseBuilder.php(2345): CodeIgniter\Database\BaseConnection->query('INSERT INTO `artikel` (`judul`, `isi`, `slug`, `gambar`) VALUES (:judul:, :isi:, :slug:, :gambar:)', [...], false)
 4 SYSTEMPATH\Model.php(394): CodeIgniter\Database\BaseBuilder->insert()
 5 SYSTEMPATH\BaseModel.php(839): CodeIgniter\Model->doInsert([...])
 6 SYSTEMPATH\Model.php(800): CodeIgniter\BaseModel->insert([...], true)
 7 APPPATH\Controllers\Artikel.php(77): CodeIgniter\Model->insert([...])
 8 SYSTEMPATH\CodeIgniter.php(933): App\Controllers\Artikel->add()
 9 SYSTEMPATH\CodeIgniter.php(507): CodeIgniter\CodeIgniter->runController(Object(App\Controllers\Artikel))
10 SYSTEMPATH\CodeIgniter.php(354): CodeIgniter\CodeIgniter->handleRequest(null, Object(Config\Cache), false)
11 SYSTEMPATH\Boot.php(334): CodeIgniter\CodeIgniter->run()
12 SYSTEMPATH\Boot.php(67): CodeIgniter\Boot::runCodeIgniter(Object(CodeIgniter\CodeIgniter))
13 FCPATH\index.php(56): CodeIgniter\Boot::bootWeb(Object(Config\Paths))
CRITICAL - 2025-06-14 05:44:12 --> [Caused by] mysqli_sql_exception: Field 'kategori' doesn't have a default value
in SYSTEMPATH\Database\MySQLi\Connection.php on line 327.
 1 SYSTEMPATH\Database\MySQLi\Connection.php(327): mysqli->query('INSERT INTO `artikel` (`judul`, `isi`, `slug`, `gambar`) VALUES (\'buku saya\', \'\', \'buku-saya\', \'Screenshot (244).png\')', 0)
 2 SYSTEMPATH\Database\BaseConnection.php(738): CodeIgniter\Database\MySQLi\Connection->execute('INSERT INTO `artikel` (`judul`, `isi`, `slug`, `gambar`) VALUES (\'buku saya\', \'\', \'buku-saya\', \'Screenshot (244).png\')')
 3 SYSTEMPATH\Database\BaseConnection.php(652): CodeIgniter\Database\BaseConnection->simpleQuery('INSERT INTO `artikel` (`judul`, `isi`, `slug`, `gambar`) VALUES (\'buku saya\', \'\', \'buku-saya\', \'Screenshot (244).png\')')
 4 SYSTEMPATH\Database\BaseBuilder.php(2345): CodeIgniter\Database\BaseConnection->query('INSERT INTO `artikel` (`judul`, `isi`, `slug`, `gambar`) VALUES (:judul:, :isi:, :slug:, :gambar:)', [...], false)
 5 SYSTEMPATH\Model.php(394): CodeIgniter\Database\BaseBuilder->insert()
 6 SYSTEMPATH\BaseModel.php(839): CodeIgniter\Model->doInsert([...])
 7 SYSTEMPATH\Model.php(800): CodeIgniter\BaseModel->insert([...], true)
 8 APPPATH\Controllers\Artikel.php(77): CodeIgniter\Model->insert([...])
 9 SYSTEMPATH\CodeIgniter.php(933): App\Controllers\Artikel->add()
10 SYSTEMPATH\CodeIgniter.php(507): CodeIgniter\CodeIgniter->runController(Object(App\Controllers\Artikel))
11 SYSTEMPATH\CodeIgniter.php(354): CodeIgniter\CodeIgniter->handleRequest(null, Object(Config\Cache), false)
12 SYSTEMPATH\Boot.php(334): CodeIgniter\CodeIgniter->run()
13 SYSTEMPATH\Boot.php(67): CodeIgniter\Boot::runCodeIgniter(Object(CodeIgniter\CodeIgniter))
14 FCPATH\index.php(56): CodeIgniter\Boot::bootWeb(Object(Config\Paths))
DEBUG - 2025-06-14 05:45:38 --> Session: Class initialized using 'CodeIgniter\Session\Handlers\FileHandler' driver.
DEBUG - 2025-06-14 05:46:20 --> Session: Class initialized using 'CodeIgniter\Session\Handlers\FileHandler' driver.
ERROR - 2025-06-14 05:46:20 --> mysqli_sql_exception: Field 'kategori' doesn't have a default value in C:\xampp\htdocs\lab7web\ci4\system\Database\MySQLi\Connection.php:327
Stack trace:
#0 C:\xampp\htdocs\lab7web\ci4\system\Database\MySQLi\Connection.php(327): mysqli->query('INSERT INTO `ar...', 0)
#1 C:\xampp\htdocs\lab7web\ci4\system\Database\BaseConnection.php(738): CodeIgniter\Database\MySQLi\Connection->execute('INSERT INTO `ar...')
#2 C:\xampp\htdocs\lab7web\ci4\system\Database\BaseConnection.php(652): CodeIgniter\Database\BaseConnection->simpleQuery('INSERT INTO `ar...')
#3 C:\xampp\htdocs\lab7web\ci4\system\Database\BaseBuilder.php(2345): CodeIgniter\Database\BaseConnection->query('INSERT INTO `ar...', Array, false)
#4 C:\xampp\htdocs\lab7web\ci4\system\Model.php(394): CodeIgniter\Database\BaseBuilder->insert()
#5 C:\xampp\htdocs\lab7web\ci4\system\BaseModel.php(839): CodeIgniter\Model->doInsert(Array)
#6 C:\xampp\htdocs\lab7web\ci4\system\Model.php(800): CodeIgniter\BaseModel->insert(Array, true)
#7 C:\xampp\htdocs\lab7web\ci4\app\Controllers\Artikel.php(77): CodeIgniter\Model->insert(Array)
#8 C:\xampp\htdocs\lab7web\ci4\system\CodeIgniter.php(933): App\Controllers\Artikel->add()
#9 C:\xampp\htdocs\lab7web\ci4\system\CodeIgniter.php(507): CodeIgniter\CodeIgniter->runController(Object(App\Controllers\Artikel))
#10 C:\xampp\htdocs\lab7web\ci4\system\CodeIgniter.php(354): CodeIgniter\CodeIgniter->handleRequest(NULL, Object(Config\Cache), false)
#11 C:\xampp\htdocs\lab7web\ci4\system\Boot.php(334): CodeIgniter\CodeIgniter->run()
#12 C:\xampp\htdocs\lab7web\ci4\system\Boot.php(67): CodeIgniter\Boot::runCodeIgniter(Object(CodeIgniter\CodeIgniter))
#13 C:\xampp\htdocs\lab7web\ci4\public\index.php(56): CodeIgniter\Boot::bootWeb(Object(Config\Paths))
#14 {main}
CRITICAL - 2025-06-14 05:46:20 --> CodeIgniter\Database\Exceptions\DatabaseException: Field 'kategori' doesn't have a default value
[Method: POST, Route: admin/artikel/add]
in SYSTEMPATH\Database\BaseConnection.php on line 692.
 1 SYSTEMPATH\Database\BaseBuilder.php(2345): CodeIgniter\Database\BaseConnection->query('INSERT INTO `artikel` (`judul`, `isi`, `slug`, `gambar`) VALUES (:judul:, :isi:, :slug:, :gambar:)', [...], false)
 2 SYSTEMPATH\Model.php(394): CodeIgniter\Database\BaseBuilder->insert()
 3 SYSTEMPATH\BaseModel.php(839): CodeIgniter\Model->doInsert([...])
 4 SYSTEMPATH\Model.php(800): CodeIgniter\BaseModel->insert([...], true)
 5 APPPATH\Controllers\Artikel.php(77): CodeIgniter\Model->insert([...])
 6 SYSTEMPATH\CodeIgniter.php(933): App\Controllers\Artikel->add()
 7 SYSTEMPATH\CodeIgniter.php(507): CodeIgniter\CodeIgniter->runController(Object(App\Controllers\Artikel))
 8 SYSTEMPATH\CodeIgniter.php(354): CodeIgniter\CodeIgniter->handleRequest(null, Object(Config\Cache), false)
 9 SYSTEMPATH\Boot.php(334): CodeIgniter\CodeIgniter->run()
10 SYSTEMPATH\Boot.php(67): CodeIgniter\Boot::runCodeIgniter(Object(CodeIgniter\CodeIgniter))
11 FCPATH\index.php(56): CodeIgniter\Boot::bootWeb(Object(Config\Paths))
CRITICAL - 2025-06-14 05:46:20 --> [Caused by] CodeIgniter\Database\Exceptions\DatabaseException: Field 'kategori' doesn't have a default value
in SYSTEMPATH\Database\MySQLi\Connection.php on line 332.
 1 SYSTEMPATH\Database\BaseConnection.php(738): CodeIgniter\Database\MySQLi\Connection->execute('INSERT INTO `artikel` (`judul`, `isi`, `slug`, `gambar`) VALUES (\'buku saya\', \'Kehidupan mahasiswa tidak hanya berkutat pada buku, tugas, dan ujian di ruang kelas. Lebih dari itu, \', \'buku-saya\', \'Screenshot (244)_1.png\')')
 2 SYSTEMPATH\Database\BaseConnection.php(652): CodeIgniter\Database\BaseConnection->simpleQuery('INSERT INTO `artikel` (`judul`, `isi`, `slug`, `gambar`) VALUES (\'buku saya\', \'Kehidupan mahasiswa tidak hanya berkutat pada buku, tugas, dan ujian di ruang kelas. Lebih dari itu, \', \'buku-saya\', \'Screenshot (244)_1.png\')')
 3 SYSTEMPATH\Database\BaseBuilder.php(2345): CodeIgniter\Database\BaseConnection->query('INSERT INTO `artikel` (`judul`, `isi`, `slug`, `gambar`) VALUES (:judul:, :isi:, :slug:, :gambar:)', [...], false)
 4 SYSTEMPATH\Model.php(394): CodeIgniter\Database\BaseBuilder->insert()
 5 SYSTEMPATH\BaseModel.php(839): CodeIgniter\Model->doInsert([...])
 6 SYSTEMPATH\Model.php(800): CodeIgniter\BaseModel->insert([...], true)
 7 APPPATH\Controllers\Artikel.php(77): CodeIgniter\Model->insert([...])
 8 SYSTEMPATH\CodeIgniter.php(933): App\Controllers\Artikel->add()
 9 SYSTEMPATH\CodeIgniter.php(507): CodeIgniter\CodeIgniter->runController(Object(App\Controllers\Artikel))
10 SYSTEMPATH\CodeIgniter.php(354): CodeIgniter\CodeIgniter->handleRequest(null, Object(Config\Cache), false)
11 SYSTEMPATH\Boot.php(334): CodeIgniter\CodeIgniter->run()
12 SYSTEMPATH\Boot.php(67): CodeIgniter\Boot::runCodeIgniter(Object(CodeIgniter\CodeIgniter))
13 FCPATH\index.php(56): CodeIgniter\Boot::bootWeb(Object(Config\Paths))
CRITICAL - 2025-06-14 05:46:20 --> [Caused by] mysqli_sql_exception: Field 'kategori' doesn't have a default value
in SYSTEMPATH\Database\MySQLi\Connection.php on line 327.
 1 SYSTEMPATH\Database\MySQLi\Connection.php(327): mysqli->query('INSERT INTO `artikel` (`judul`, `isi`, `slug`, `gambar`) VALUES (\'buku saya\', \'Kehidupan mahasiswa tidak hanya berkutat pada buku, tugas, dan ujian di ruang kelas. Lebih dari itu, \', \'buku-saya\', \'Screenshot (244)_1.png\')', 0)
 2 SYSTEMPATH\Database\BaseConnection.php(738): CodeIgniter\Database\MySQLi\Connection->execute('INSERT INTO `artikel` (`judul`, `isi`, `slug`, `gambar`) VALUES (\'buku saya\', \'Kehidupan mahasiswa tidak hanya berkutat pada buku, tugas, dan ujian di ruang kelas. Lebih dari itu, \', \'buku-saya\', \'Screenshot (244)_1.png\')')
 3 SYSTEMPATH\Database\BaseConnection.php(652): CodeIgniter\Database\BaseConnection->simpleQuery('INSERT INTO `artikel` (`judul`, `isi`, `slug`, `gambar`) VALUES (\'buku saya\', \'Kehidupan mahasiswa tidak hanya berkutat pada buku, tugas, dan ujian di ruang kelas. Lebih dari itu, \', \'buku-saya\', \'Screenshot (244)_1.png\')')
 4 SYSTEMPATH\Database\BaseBuilder.php(2345): CodeIgniter\Database\BaseConnection->query('INSERT INTO `artikel` (`judul`, `isi`, `slug`, `gambar`) VALUES (:judul:, :isi:, :slug:, :gambar:)', [...], false)
 5 SYSTEMPATH\Model.php(394): CodeIgniter\Database\BaseBuilder->insert()
 6 SYSTEMPATH\BaseModel.php(839): CodeIgniter\Model->doInsert([...])
 7 SYSTEMPATH\Model.php(800): CodeIgniter\BaseModel->insert([...], true)
 8 APPPATH\Controllers\Artikel.php(77): CodeIgniter\Model->insert([...])
 9 SYSTEMPATH\CodeIgniter.php(933): App\Controllers\Artikel->add()
10 SYSTEMPATH\CodeIgniter.php(507): CodeIgniter\CodeIgniter->runController(Object(App\Controllers\Artikel))
11 SYSTEMPATH\CodeIgniter.php(354): CodeIgniter\CodeIgniter->handleRequest(null, Object(Config\Cache), false)
12 SYSTEMPATH\Boot.php(334): CodeIgniter\CodeIgniter->run()
13 SYSTEMPATH\Boot.php(67): CodeIgniter\Boot::runCodeIgniter(Object(CodeIgniter\CodeIgniter))
14 FCPATH\index.php(56): CodeIgniter\Boot::bootWeb(Object(Config\Paths))
DEBUG - 2025-06-14 06:17:55 --> Session: Class initialized using 'CodeIgniter\Session\Handlers\FileHandler' driver.
DEBUG - 2025-06-14 06:18:01 --> Session: Class initialized using 'CodeIgniter\Session\Handlers\FileHandler' driver.
DEBUG - 2025-06-14 06:18:06 --> Session: Class initialized using 'CodeIgniter\Session\Handlers\FileHandler' driver.
DEBUG - 2025-06-14 06:18:08 --> Session: Class initialized using 'CodeIgniter\Session\Handlers\FileHandler' driver.
ERROR - 2025-06-14 06:18:19 --> mysqli_sql_exception: You have an error in your SQL syntax; check the manual that corresponds to your MariaDB server version for the right syntax to use near ')
ORDER BY `created_at` DESC
 LIMIT 5' at line 3 in C:\xampp\htdocs\lab7web\ci4\system\Database\MySQLi\Connection.php:327
Stack trace:
#0 C:\xampp\htdocs\lab7web\ci4\system\Database\MySQLi\Connection.php(327): mysqli->query('SELECT *\nFROM `...', 0)
#1 C:\xampp\htdocs\lab7web\ci4\system\Database\BaseConnection.php(738): CodeIgniter\Database\MySQLi\Connection->execute('SELECT *\nFROM `...')
#2 C:\xampp\htdocs\lab7web\ci4\system\Database\BaseConnection.php(652): CodeIgniter\Database\BaseConnection->simpleQuery('SELECT *\nFROM `...')
#3 C:\xampp\htdocs\lab7web\ci4\system\Database\BaseBuilder.php(1649): CodeIgniter\Database\BaseConnection->query('SELECT *\nFROM `...', Array, false)
#4 C:\xampp\htdocs\lab7web\ci4\system\Model.php(286): CodeIgniter\Database\BaseBuilder->get()
#5 C:\xampp\htdocs\lab7web\ci4\system\BaseModel.php(675): CodeIgniter\Model->doFindAll(0, 0)
#6 C:\xampp\htdocs\lab7web\ci4\app\Cells\ArtikelTerkini.php(19): CodeIgniter\BaseModel->findAll()
#7 C:\xampp\htdocs\lab7web\ci4\system\View\Cell.php(289): App\Cells\ArtikelTerkini->render(Array)
#8 C:\xampp\htdocs\lab7web\ci4\system\View\Cell.php(104): CodeIgniter\View\Cell->renderSimpleClass(Object(App\Cells\ArtikelTerkini), 'render', Array, 'App\\Cells\\Artik...')
#9 C:\xampp\htdocs\lab7web\ci4\system\Common.php(1189): CodeIgniter\View\Cell->render('\\App\\Cells\\Arti...', Array, 0, 'AppCellsArtikel...')
#10 C:\xampp\htdocs\lab7web\ci4\app\Views\layout\main.php(24): view_cell('\\App\\Cells\\Arti...')
#11 C:\xampp\htdocs\lab7web\ci4\system\View\View.php(224): include('C:\\xampp\\htdocs...')
#12 C:\xampp\htdocs\lab7web\ci4\system\View\View.php(227): CodeIgniter\View\View->CodeIgniter\View\{closure}()
#13 C:\xampp\htdocs\lab7web\ci4\system\View\View.php(240): CodeIgniter\View\View->render('layout/main', Array, true)
#14 C:\xampp\htdocs\lab7web\ci4\system\Common.php(1173): CodeIgniter\View\View->render('artikel/index', Array, true)
#15 C:\xampp\htdocs\lab7web\ci4\app\Controllers\Artikel.php(15): view('artikel/index', Array)
#16 C:\xampp\htdocs\lab7web\ci4\system\CodeIgniter.php(933): App\Controllers\Artikel->index()
#17 C:\xampp\htdocs\lab7web\ci4\system\CodeIgniter.php(507): CodeIgniter\CodeIgniter->runController(Object(App\Controllers\Artikel))
#18 C:\xampp\htdocs\lab7web\ci4\system\CodeIgniter.php(354): CodeIgniter\CodeIgniter->handleRequest(NULL, Object(Config\Cache), false)
#19 C:\xampp\htdocs\lab7web\ci4\system\Boot.php(334): CodeIgniter\CodeIgniter->run()
#20 C:\xampp\htdocs\lab7web\ci4\system\Boot.php(67): CodeIgniter\Boot::runCodeIgniter(Object(CodeIgniter\CodeIgniter))
#21 C:\xampp\htdocs\lab7web\ci4\public\index.php(56): CodeIgniter\Boot::bootWeb(Object(Config\Paths))
#22 {main}
ERROR - 2025-06-14 06:18:19 --> Error di ArtikelTerkini: You have an error in your SQL syntax; check the manual that corresponds to your MariaDB server version for the right syntax to use near ')
ORDER BY `created_at` DESC
 LIMIT 5' at line 3
ERROR - 2025-06-14 06:18:19 --> mysqli_sql_exception: Unknown column 'created_at' in 'order clause' in C:\xampp\htdocs\lab7web\ci4\system\Database\MySQLi\Connection.php:327
Stack trace:
#0 C:\xampp\htdocs\lab7web\ci4\system\Database\MySQLi\Connection.php(327): mysqli->query('SELECT *\nFROM `...', 0)
#1 C:\xampp\htdocs\lab7web\ci4\system\Database\BaseConnection.php(738): CodeIgniter\Database\MySQLi\Connection->execute('SELECT *\nFROM `...')
#2 C:\xampp\htdocs\lab7web\ci4\system\Database\BaseConnection.php(652): CodeIgniter\Database\BaseConnection->simpleQuery('SELECT *\nFROM `...')
#3 C:\xampp\htdocs\lab7web\ci4\system\Database\BaseBuilder.php(1649): CodeIgniter\Database\BaseConnection->query('SELECT *\nFROM `...', Array, false)
#4 C:\xampp\htdocs\lab7web\ci4\system\Model.php(286): CodeIgniter\Database\BaseBuilder->get()
#5 C:\xampp\htdocs\lab7web\ci4\system\BaseModel.php(675): CodeIgniter\Model->doFindAll(0, 0)
#6 C:\xampp\htdocs\lab7web\ci4\app\Cells\ArtikelTerkini.php(19): CodeIgniter\BaseModel->findAll()
#7 C:\xampp\htdocs\lab7web\ci4\system\View\Cell.php(307): App\Cells\ArtikelTerkini->render('Teknologi')
#8 C:\xampp\htdocs\lab7web\ci4\system\View\Cell.php(104): CodeIgniter\View\Cell->renderSimpleClass(Object(App\Cells\ArtikelTerkini), 'render', Array, 'App\\Cells\\Artik...')
#9 C:\xampp\htdocs\lab7web\ci4\system\Common.php(1189): CodeIgniter\View\Cell->render('\\App\\Cells\\Arti...', Array, 0, 'AppCellsArtikel...')
#10 C:\xampp\htdocs\lab7web\ci4\app\Views\layout\main.php(25): view_cell('\\App\\Cells\\Arti...', Array)
#11 C:\xampp\htdocs\lab7web\ci4\system\View\View.php(224): include('C:\\xampp\\htdocs...')
#12 C:\xampp\htdocs\lab7web\ci4\system\View\View.php(227): CodeIgniter\View\View->CodeIgniter\View\{closure}()
#13 C:\xampp\htdocs\lab7web\ci4\system\View\View.php(240): CodeIgniter\View\View->render('layout/main', Array, true)
#14 C:\xampp\htdocs\lab7web\ci4\system\Common.php(1173): CodeIgniter\View\View->render('artikel/index', Array, true)
#15 C:\xampp\htdocs\lab7web\ci4\app\Controllers\Artikel.php(15): view('artikel/index', Array)
#16 C:\xampp\htdocs\lab7web\ci4\system\CodeIgniter.php(933): App\Controllers\Artikel->index()
#17 C:\xampp\htdocs\lab7web\ci4\system\CodeIgniter.php(507): CodeIgniter\CodeIgniter->runController(Object(App\Controllers\Artikel))
#18 C:\xampp\htdocs\lab7web\ci4\system\CodeIgniter.php(354): CodeIgniter\CodeIgniter->handleRequest(NULL, Object(Config\Cache), false)
#19 C:\xampp\htdocs\lab7web\ci4\system\Boot.php(334): CodeIgniter\CodeIgniter->run()
#20 C:\xampp\htdocs\lab7web\ci4\system\Boot.php(67): CodeIgniter\Boot::runCodeIgniter(Object(CodeIgniter\CodeIgniter))
#21 C:\xampp\htdocs\lab7web\ci4\public\index.php(56): CodeIgniter\Boot::bootWeb(Object(Config\Paths))
#22 {main}
ERROR - 2025-06-14 06:18:19 --> Error di ArtikelTerkini: Unknown column 'created_at' in 'order clause'
DEBUG - 2025-06-14 06:18:31 --> Session: Class initialized using 'CodeIgniter\Session\Handlers\FileHandler' driver.
DEBUG - 2025-06-14 08:44:25 --> Session: Class initialized using 'CodeIgniter\Session\Handlers\FileHandler' driver.
DEBUG - 2025-06-14 08:44:25 --> Session: Class initialized using 'CodeIgniter\Session\Handlers\FileHandler' driver.
DEBUG - 2025-06-14 08:44:35 --> Session: Class initialized using 'CodeIgniter\Session\Handlers\FileHandler' driver.
DEBUG - 2025-06-14 08:44:35 --> Session: Class initialized using 'CodeIgniter\Session\Handlers\FileHandler' driver.
DEBUG - 2025-06-14 09:12:43 --> Session: Class initialized using 'CodeIgniter\Session\Handlers\FileHandler' driver.
