WARNING - 2025-06-01 22:18:17 --> [DEPRECATED] Passing lowercase HTTP method "get" is deprecated. Use uppercase HTTP method like "GET". in SYSTEMPATH\Router\RouteCollection.php on line 1029.
 1 SYSTEMPATH\Router\RouteCollection.php(1029): trigger_error('Passing lowercase HTTP method "get" is deprecated. Use uppercase HTTP method like "GET".', 16384)
 2 APPPATH\Config\Routes.php(14): CodeIgniter\Router\RouteCollection->match([...], 'user/login', 'User::login')
 3 SYSTEMPATH\Router\RouteCollection.php(339): require('C:\\xampp\\htdocs\\lab7web\\ci4\\app\\Config\\Routes.php')
 4 SYSTEMPATH\CodeIgniter.php(821): CodeIgniter\Router\RouteCollection->loadRoutes()
 5 SYSTEMPATH\CodeIgniter.php(455): CodeIgniter\CodeIgniter->tryToRouteIt(null)
 6 SYSTEMPATH\CodeIgniter.php(354): CodeIgniter\CodeIgniter->handleRequest(null, Object(Config\Cache), false)
 7 SYSTEMPATH\Boot.php(334): CodeIgniter\CodeIgniter->run()
 8 SYSTEMPATH\Boot.php(67): CodeIgniter\Boot::runCodeIgniter(Object(CodeIgniter\CodeIgniter))
 9 FCPATH\index.php(56): CodeIgniter\Boot::bootWeb(Object(Config\Paths))
WARNING - 2025-06-01 22:18:17 --> [DEPRECATED] Passing lowercase HTTP method "post" is deprecated. Use uppercase HTTP method like "POST". in SYSTEMPATH\Router\RouteCollection.php on line 1029.
 1 SYSTEMPATH\Router\RouteCollection.php(1029): trigger_error('Passing lowercase HTTP method "post" is deprecated. Use uppercase HTTP method like "POST".', 16384)
 2 APPPATH\Config\Routes.php(14): CodeIgniter\Router\RouteCollection->match([...], 'user/login', 'User::login')
 3 SYSTEMPATH\Router\RouteCollection.php(339): require('C:\\xampp\\htdocs\\lab7web\\ci4\\app\\Config\\Routes.php')
 4 SYSTEMPATH\CodeIgniter.php(821): CodeIgniter\Router\RouteCollection->loadRoutes()
 5 SYSTEMPATH\CodeIgniter.php(455): CodeIgniter\CodeIgniter->tryToRouteIt(null)
 6 SYSTEMPATH\CodeIgniter.php(354): CodeIgniter\CodeIgniter->handleRequest(null, Object(Config\Cache), false)
 7 SYSTEMPATH\Boot.php(334): CodeIgniter\CodeIgniter->run()
 8 SYSTEMPATH\Boot.php(67): CodeIgniter\Boot::runCodeIgniter(Object(CodeIgniter\CodeIgniter))
 9 FCPATH\index.php(56): CodeIgniter\Boot::bootWeb(Object(Config\Paths))
CRITICAL - 2025-06-01 22:18:17 --> CodeIgniter\Filters\Exceptions\FilterException: "auth" filter must have a matching alias defined.
[Method: GET, Route: admin/artikel]
in SYSTEMPATH\Filters\Filters.php on line 590.
 1 SYSTEMPATH\Filters\Filters.php(590): CodeIgniter\Filters\Exceptions\FilterException::forNoAlias('auth')
 2 SYSTEMPATH\Filters\Filters.php(641): CodeIgniter\Filters\Filters->enableFilter('auth', 'before')
 3 SYSTEMPATH\CodeIgniter.php(467): CodeIgniter\Filters\Filters->enableFilters([...], 'before')
 4 SYSTEMPATH\CodeIgniter.php(354): CodeIgniter\CodeIgniter->handleRequest(null, Object(Config\Cache), false)
 5 SYSTEMPATH\Boot.php(334): CodeIgniter\CodeIgniter->run()
 6 SYSTEMPATH\Boot.php(67): CodeIgniter\Boot::runCodeIgniter(Object(CodeIgniter\CodeIgniter))
 7 FCPATH\index.php(56): CodeIgniter\Boot::bootWeb(Object(Config\Paths))
WARNING - 2025-06-01 22:32:09 --> [DEPRECATED] Passing lowercase HTTP method "get" is deprecated. Use uppercase HTTP method like "GET". in SYSTEMPATH\Router\RouteCollection.php on line 1029.
 1 SYSTEMPATH\Router\RouteCollection.php(1029): trigger_error('Passing lowercase HTTP method "get" is deprecated. Use uppercase HTTP method like "GET".', 16384)
 2 APPPATH\Config\Routes.php(14): CodeIgniter\Router\RouteCollection->match([...], 'user/login', 'User::login')
 3 SYSTEMPATH\Router\RouteCollection.php(339): require('C:\\xampp\\htdocs\\lab7web\\ci4\\app\\Config\\Routes.php')
 4 SYSTEMPATH\CodeIgniter.php(821): CodeIgniter\Router\RouteCollection->loadRoutes()
 5 SYSTEMPATH\CodeIgniter.php(455): CodeIgniter\CodeIgniter->tryToRouteIt(null)
 6 SYSTEMPATH\CodeIgniter.php(354): CodeIgniter\CodeIgniter->handleRequest(null, Object(Config\Cache), false)
 7 SYSTEMPATH\Boot.php(334): CodeIgniter\CodeIgniter->run()
 8 SYSTEMPATH\Boot.php(67): CodeIgniter\Boot::runCodeIgniter(Object(CodeIgniter\CodeIgniter))
 9 FCPATH\index.php(56): CodeIgniter\Boot::bootWeb(Object(Config\Paths))
WARNING - 2025-06-01 22:32:09 --> [DEPRECATED] Passing lowercase HTTP method "post" is deprecated. Use uppercase HTTP method like "POST". in SYSTEMPATH\Router\RouteCollection.php on line 1029.
 1 SYSTEMPATH\Router\RouteCollection.php(1029): trigger_error('Passing lowercase HTTP method "post" is deprecated. Use uppercase HTTP method like "POST".', 16384)
 2 APPPATH\Config\Routes.php(14): CodeIgniter\Router\RouteCollection->match([...], 'user/login', 'User::login')
 3 SYSTEMPATH\Router\RouteCollection.php(339): require('C:\\xampp\\htdocs\\lab7web\\ci4\\app\\Config\\Routes.php')
 4 SYSTEMPATH\CodeIgniter.php(821): CodeIgniter\Router\RouteCollection->loadRoutes()
 5 SYSTEMPATH\CodeIgniter.php(455): CodeIgniter\CodeIgniter->tryToRouteIt(null)
 6 SYSTEMPATH\CodeIgniter.php(354): CodeIgniter\CodeIgniter->handleRequest(null, Object(Config\Cache), false)
 7 SYSTEMPATH\Boot.php(334): CodeIgniter\CodeIgniter->run()
 8 SYSTEMPATH\Boot.php(67): CodeIgniter\Boot::runCodeIgniter(Object(CodeIgniter\CodeIgniter))
 9 FCPATH\index.php(56): CodeIgniter\Boot::bootWeb(Object(Config\Paths))
CRITICAL - 2025-06-01 22:32:09 --> CodeIgniter\Filters\Exceptions\FilterException: "auth" filter must have a matching alias defined.
[Method: GET, Route: admin/artikel]
in SYSTEMPATH\Filters\Filters.php on line 590.
 1 SYSTEMPATH\Filters\Filters.php(590): CodeIgniter\Filters\Exceptions\FilterException::forNoAlias('auth')
 2 SYSTEMPATH\Filters\Filters.php(641): CodeIgniter\Filters\Filters->enableFilter('auth', 'before')
 3 SYSTEMPATH\CodeIgniter.php(467): CodeIgniter\Filters\Filters->enableFilters([...], 'before')
 4 SYSTEMPATH\CodeIgniter.php(354): CodeIgniter\CodeIgniter->handleRequest(null, Object(Config\Cache), false)
 5 SYSTEMPATH\Boot.php(334): CodeIgniter\CodeIgniter->run()
 6 SYSTEMPATH\Boot.php(67): CodeIgniter\Boot::runCodeIgniter(Object(CodeIgniter\CodeIgniter))
 7 FCPATH\index.php(56): CodeIgniter\Boot::bootWeb(Object(Config\Paths))
WARNING - 2025-06-01 22:32:12 --> [DEPRECATED] Passing lowercase HTTP method "get" is deprecated. Use uppercase HTTP method like "GET". in SYSTEMPATH\Router\RouteCollection.php on line 1029.
 1 SYSTEMPATH\Router\RouteCollection.php(1029): trigger_error('Passing lowercase HTTP method "get" is deprecated. Use uppercase HTTP method like "GET".', 16384)
 2 APPPATH\Config\Routes.php(14): CodeIgniter\Router\RouteCollection->match([...], 'user/login', 'User::login')
 3 SYSTEMPATH\Router\RouteCollection.php(339): require('C:\\xampp\\htdocs\\lab7web\\ci4\\app\\Config\\Routes.php')
 4 SYSTEMPATH\CodeIgniter.php(821): CodeIgniter\Router\RouteCollection->loadRoutes()
 5 SYSTEMPATH\CodeIgniter.php(455): CodeIgniter\CodeIgniter->tryToRouteIt(null)
 6 SYSTEMPATH\CodeIgniter.php(354): CodeIgniter\CodeIgniter->handleRequest(null, Object(Config\Cache), false)
 7 SYSTEMPATH\Boot.php(334): CodeIgniter\CodeIgniter->run()
 8 SYSTEMPATH\Boot.php(67): CodeIgniter\Boot::runCodeIgniter(Object(CodeIgniter\CodeIgniter))
 9 FCPATH\index.php(56): CodeIgniter\Boot::bootWeb(Object(Config\Paths))
WARNING - 2025-06-01 22:32:12 --> [DEPRECATED] Passing lowercase HTTP method "post" is deprecated. Use uppercase HTTP method like "POST". in SYSTEMPATH\Router\RouteCollection.php on line 1029.
 1 SYSTEMPATH\Router\RouteCollection.php(1029): trigger_error('Passing lowercase HTTP method "post" is deprecated. Use uppercase HTTP method like "POST".', 16384)
 2 APPPATH\Config\Routes.php(14): CodeIgniter\Router\RouteCollection->match([...], 'user/login', 'User::login')
 3 SYSTEMPATH\Router\RouteCollection.php(339): require('C:\\xampp\\htdocs\\lab7web\\ci4\\app\\Config\\Routes.php')
 4 SYSTEMPATH\CodeIgniter.php(821): CodeIgniter\Router\RouteCollection->loadRoutes()
 5 SYSTEMPATH\CodeIgniter.php(455): CodeIgniter\CodeIgniter->tryToRouteIt(null)
 6 SYSTEMPATH\CodeIgniter.php(354): CodeIgniter\CodeIgniter->handleRequest(null, Object(Config\Cache), false)
 7 SYSTEMPATH\Boot.php(334): CodeIgniter\CodeIgniter->run()
 8 SYSTEMPATH\Boot.php(67): CodeIgniter\Boot::runCodeIgniter(Object(CodeIgniter\CodeIgniter))
 9 FCPATH\index.php(56): CodeIgniter\Boot::bootWeb(Object(Config\Paths))
CRITICAL - 2025-06-01 22:32:12 --> CodeIgniter\Filters\Exceptions\FilterException: "auth" filter must have a matching alias defined.
[Method: GET, Route: admin/artikel]
in SYSTEMPATH\Filters\Filters.php on line 590.
 1 SYSTEMPATH\Filters\Filters.php(590): CodeIgniter\Filters\Exceptions\FilterException::forNoAlias('auth')
 2 SYSTEMPATH\Filters\Filters.php(641): CodeIgniter\Filters\Filters->enableFilter('auth', 'before')
 3 SYSTEMPATH\CodeIgniter.php(467): CodeIgniter\Filters\Filters->enableFilters([...], 'before')
 4 SYSTEMPATH\CodeIgniter.php(354): CodeIgniter\CodeIgniter->handleRequest(null, Object(Config\Cache), false)
 5 SYSTEMPATH\Boot.php(334): CodeIgniter\CodeIgniter->run()
 6 SYSTEMPATH\Boot.php(67): CodeIgniter\Boot::runCodeIgniter(Object(CodeIgniter\CodeIgniter))
 7 FCPATH\index.php(56): CodeIgniter\Boot::bootWeb(Object(Config\Paths))
WARNING - 2025-06-01 22:32:12 --> [DEPRECATED] Passing lowercase HTTP method "get" is deprecated. Use uppercase HTTP method like "GET". in SYSTEMPATH\Router\RouteCollection.php on line 1029.
 1 SYSTEMPATH\Router\RouteCollection.php(1029): trigger_error('Passing lowercase HTTP method "get" is deprecated. Use uppercase HTTP method like "GET".', 16384)
 2 APPPATH\Config\Routes.php(14): CodeIgniter\Router\RouteCollection->match([...], 'user/login', 'User::login')
 3 SYSTEMPATH\Router\RouteCollection.php(339): require('C:\\xampp\\htdocs\\lab7web\\ci4\\app\\Config\\Routes.php')
 4 SYSTEMPATH\CodeIgniter.php(821): CodeIgniter\Router\RouteCollection->loadRoutes()
 5 SYSTEMPATH\CodeIgniter.php(455): CodeIgniter\CodeIgniter->tryToRouteIt(null)
 6 SYSTEMPATH\CodeIgniter.php(354): CodeIgniter\CodeIgniter->handleRequest(null, Object(Config\Cache), false)
 7 SYSTEMPATH\Boot.php(334): CodeIgniter\CodeIgniter->run()
 8 SYSTEMPATH\Boot.php(67): CodeIgniter\Boot::runCodeIgniter(Object(CodeIgniter\CodeIgniter))
 9 FCPATH\index.php(56): CodeIgniter\Boot::bootWeb(Object(Config\Paths))
WARNING - 2025-06-01 22:32:12 --> [DEPRECATED] Passing lowercase HTTP method "post" is deprecated. Use uppercase HTTP method like "POST". in SYSTEMPATH\Router\RouteCollection.php on line 1029.
 1 SYSTEMPATH\Router\RouteCollection.php(1029): trigger_error('Passing lowercase HTTP method "post" is deprecated. Use uppercase HTTP method like "POST".', 16384)
 2 APPPATH\Config\Routes.php(14): CodeIgniter\Router\RouteCollection->match([...], 'user/login', 'User::login')
 3 SYSTEMPATH\Router\RouteCollection.php(339): require('C:\\xampp\\htdocs\\lab7web\\ci4\\app\\Config\\Routes.php')
 4 SYSTEMPATH\CodeIgniter.php(821): CodeIgniter\Router\RouteCollection->loadRoutes()
 5 SYSTEMPATH\CodeIgniter.php(455): CodeIgniter\CodeIgniter->tryToRouteIt(null)
 6 SYSTEMPATH\CodeIgniter.php(354): CodeIgniter\CodeIgniter->handleRequest(null, Object(Config\Cache), false)
 7 SYSTEMPATH\Boot.php(334): CodeIgniter\CodeIgniter->run()
 8 SYSTEMPATH\Boot.php(67): CodeIgniter\Boot::runCodeIgniter(Object(CodeIgniter\CodeIgniter))
 9 FCPATH\index.php(56): CodeIgniter\Boot::bootWeb(Object(Config\Paths))
CRITICAL - 2025-06-01 22:32:12 --> CodeIgniter\Filters\Exceptions\FilterException: "auth" filter must have a matching alias defined.
[Method: GET, Route: admin/artikel]
in SYSTEMPATH\Filters\Filters.php on line 590.
 1 SYSTEMPATH\Filters\Filters.php(590): CodeIgniter\Filters\Exceptions\FilterException::forNoAlias('auth')
 2 SYSTEMPATH\Filters\Filters.php(641): CodeIgniter\Filters\Filters->enableFilter('auth', 'before')
 3 SYSTEMPATH\CodeIgniter.php(467): CodeIgniter\Filters\Filters->enableFilters([...], 'before')
 4 SYSTEMPATH\CodeIgniter.php(354): CodeIgniter\CodeIgniter->handleRequest(null, Object(Config\Cache), false)
 5 SYSTEMPATH\Boot.php(334): CodeIgniter\CodeIgniter->run()
 6 SYSTEMPATH\Boot.php(67): CodeIgniter\Boot::runCodeIgniter(Object(CodeIgniter\CodeIgniter))
 7 FCPATH\index.php(56): CodeIgniter\Boot::bootWeb(Object(Config\Paths))
WARNING - 2025-06-01 22:35:27 --> [DEPRECATED] Passing lowercase HTTP method "get" is deprecated. Use uppercase HTTP method like "GET". in SYSTEMPATH\Router\RouteCollection.php on line 1029.
 1 SYSTEMPATH\Router\RouteCollection.php(1029): trigger_error('Passing lowercase HTTP method "get" is deprecated. Use uppercase HTTP method like "GET".', 16384)
 2 APPPATH\Config\Routes.php(14): CodeIgniter\Router\RouteCollection->match([...], 'user/login', 'User::login')
 3 SYSTEMPATH\Router\RouteCollection.php(339): require('C:\\xampp\\htdocs\\lab7web\\ci4\\app\\Config\\Routes.php')
 4 SYSTEMPATH\CodeIgniter.php(821): CodeIgniter\Router\RouteCollection->loadRoutes()
 5 SYSTEMPATH\CodeIgniter.php(455): CodeIgniter\CodeIgniter->tryToRouteIt(null)
 6 SYSTEMPATH\CodeIgniter.php(354): CodeIgniter\CodeIgniter->handleRequest(null, Object(Config\Cache), false)
 7 SYSTEMPATH\Boot.php(334): CodeIgniter\CodeIgniter->run()
 8 SYSTEMPATH\Boot.php(67): CodeIgniter\Boot::runCodeIgniter(Object(CodeIgniter\CodeIgniter))
 9 FCPATH\index.php(56): CodeIgniter\Boot::bootWeb(Object(Config\Paths))
WARNING - 2025-06-01 22:35:27 --> [DEPRECATED] Passing lowercase HTTP method "post" is deprecated. Use uppercase HTTP method like "POST". in SYSTEMPATH\Router\RouteCollection.php on line 1029.
 1 SYSTEMPATH\Router\RouteCollection.php(1029): trigger_error('Passing lowercase HTTP method "post" is deprecated. Use uppercase HTTP method like "POST".', 16384)
 2 APPPATH\Config\Routes.php(14): CodeIgniter\Router\RouteCollection->match([...], 'user/login', 'User::login')
 3 SYSTEMPATH\Router\RouteCollection.php(339): require('C:\\xampp\\htdocs\\lab7web\\ci4\\app\\Config\\Routes.php')
 4 SYSTEMPATH\CodeIgniter.php(821): CodeIgniter\Router\RouteCollection->loadRoutes()
 5 SYSTEMPATH\CodeIgniter.php(455): CodeIgniter\CodeIgniter->tryToRouteIt(null)
 6 SYSTEMPATH\CodeIgniter.php(354): CodeIgniter\CodeIgniter->handleRequest(null, Object(Config\Cache), false)
 7 SYSTEMPATH\Boot.php(334): CodeIgniter\CodeIgniter->run()
 8 SYSTEMPATH\Boot.php(67): CodeIgniter\Boot::runCodeIgniter(Object(CodeIgniter\CodeIgniter))
 9 FCPATH\index.php(56): CodeIgniter\Boot::bootWeb(Object(Config\Paths))
CRITICAL - 2025-06-01 22:35:27 --> CodeIgniter\Filters\Exceptions\FilterException: "auth" filter must have a matching alias defined.
[Method: GET, Route: admin/artikel]
in SYSTEMPATH\Filters\Filters.php on line 590.
 1 SYSTEMPATH\Filters\Filters.php(590): CodeIgniter\Filters\Exceptions\FilterException::forNoAlias('auth')
 2 SYSTEMPATH\Filters\Filters.php(641): CodeIgniter\Filters\Filters->enableFilter('auth', 'before')
 3 SYSTEMPATH\CodeIgniter.php(467): CodeIgniter\Filters\Filters->enableFilters([...], 'before')
 4 SYSTEMPATH\CodeIgniter.php(354): CodeIgniter\CodeIgniter->handleRequest(null, Object(Config\Cache), false)
 5 SYSTEMPATH\Boot.php(334): CodeIgniter\CodeIgniter->run()
 6 SYSTEMPATH\Boot.php(67): CodeIgniter\Boot::runCodeIgniter(Object(CodeIgniter\CodeIgniter))
 7 FCPATH\index.php(56): CodeIgniter\Boot::bootWeb(Object(Config\Paths))
WARNING - 2025-06-01 22:35:30 --> [DEPRECATED] Passing lowercase HTTP method "get" is deprecated. Use uppercase HTTP method like "GET". in SYSTEMPATH\Router\RouteCollection.php on line 1029.
 1 SYSTEMPATH\Router\RouteCollection.php(1029): trigger_error('Passing lowercase HTTP method "get" is deprecated. Use uppercase HTTP method like "GET".', 16384)
 2 APPPATH\Config\Routes.php(14): CodeIgniter\Router\RouteCollection->match([...], 'user/login', 'User::login')
 3 SYSTEMPATH\Router\RouteCollection.php(339): require('C:\\xampp\\htdocs\\lab7web\\ci4\\app\\Config\\Routes.php')
 4 SYSTEMPATH\CodeIgniter.php(821): CodeIgniter\Router\RouteCollection->loadRoutes()
 5 SYSTEMPATH\CodeIgniter.php(455): CodeIgniter\CodeIgniter->tryToRouteIt(null)
 6 SYSTEMPATH\CodeIgniter.php(354): CodeIgniter\CodeIgniter->handleRequest(null, Object(Config\Cache), false)
 7 SYSTEMPATH\Boot.php(334): CodeIgniter\CodeIgniter->run()
 8 SYSTEMPATH\Boot.php(67): CodeIgniter\Boot::runCodeIgniter(Object(CodeIgniter\CodeIgniter))
 9 FCPATH\index.php(56): CodeIgniter\Boot::bootWeb(Object(Config\Paths))
WARNING - 2025-06-01 22:35:30 --> [DEPRECATED] Passing lowercase HTTP method "post" is deprecated. Use uppercase HTTP method like "POST". in SYSTEMPATH\Router\RouteCollection.php on line 1029.
 1 SYSTEMPATH\Router\RouteCollection.php(1029): trigger_error('Passing lowercase HTTP method "post" is deprecated. Use uppercase HTTP method like "POST".', 16384)
 2 APPPATH\Config\Routes.php(14): CodeIgniter\Router\RouteCollection->match([...], 'user/login', 'User::login')
 3 SYSTEMPATH\Router\RouteCollection.php(339): require('C:\\xampp\\htdocs\\lab7web\\ci4\\app\\Config\\Routes.php')
 4 SYSTEMPATH\CodeIgniter.php(821): CodeIgniter\Router\RouteCollection->loadRoutes()
 5 SYSTEMPATH\CodeIgniter.php(455): CodeIgniter\CodeIgniter->tryToRouteIt(null)
 6 SYSTEMPATH\CodeIgniter.php(354): CodeIgniter\CodeIgniter->handleRequest(null, Object(Config\Cache), false)
 7 SYSTEMPATH\Boot.php(334): CodeIgniter\CodeIgniter->run()
 8 SYSTEMPATH\Boot.php(67): CodeIgniter\Boot::runCodeIgniter(Object(CodeIgniter\CodeIgniter))
 9 FCPATH\index.php(56): CodeIgniter\Boot::bootWeb(Object(Config\Paths))
CRITICAL - 2025-06-01 22:35:30 --> CodeIgniter\Filters\Exceptions\FilterException: "auth" filter must have a matching alias defined.
[Method: GET, Route: admin/artikel]
in SYSTEMPATH\Filters\Filters.php on line 590.
 1 SYSTEMPATH\Filters\Filters.php(590): CodeIgniter\Filters\Exceptions\FilterException::forNoAlias('auth')
 2 SYSTEMPATH\Filters\Filters.php(641): CodeIgniter\Filters\Filters->enableFilter('auth', 'before')
 3 SYSTEMPATH\CodeIgniter.php(467): CodeIgniter\Filters\Filters->enableFilters([...], 'before')
 4 SYSTEMPATH\CodeIgniter.php(354): CodeIgniter\CodeIgniter->handleRequest(null, Object(Config\Cache), false)
 5 SYSTEMPATH\Boot.php(334): CodeIgniter\CodeIgniter->run()
 6 SYSTEMPATH\Boot.php(67): CodeIgniter\Boot::runCodeIgniter(Object(CodeIgniter\CodeIgniter))
 7 FCPATH\index.php(56): CodeIgniter\Boot::bootWeb(Object(Config\Paths))
WARNING - 2025-06-01 22:35:30 --> [DEPRECATED] Passing lowercase HTTP method "get" is deprecated. Use uppercase HTTP method like "GET". in SYSTEMPATH\Router\RouteCollection.php on line 1029.
 1 SYSTEMPATH\Router\RouteCollection.php(1029): trigger_error('Passing lowercase HTTP method "get" is deprecated. Use uppercase HTTP method like "GET".', 16384)
 2 APPPATH\Config\Routes.php(14): CodeIgniter\Router\RouteCollection->match([...], 'user/login', 'User::login')
 3 SYSTEMPATH\Router\RouteCollection.php(339): require('C:\\xampp\\htdocs\\lab7web\\ci4\\app\\Config\\Routes.php')
 4 SYSTEMPATH\CodeIgniter.php(821): CodeIgniter\Router\RouteCollection->loadRoutes()
 5 SYSTEMPATH\CodeIgniter.php(455): CodeIgniter\CodeIgniter->tryToRouteIt(null)
 6 SYSTEMPATH\CodeIgniter.php(354): CodeIgniter\CodeIgniter->handleRequest(null, Object(Config\Cache), false)
 7 SYSTEMPATH\Boot.php(334): CodeIgniter\CodeIgniter->run()
 8 SYSTEMPATH\Boot.php(67): CodeIgniter\Boot::runCodeIgniter(Object(CodeIgniter\CodeIgniter))
 9 FCPATH\index.php(56): CodeIgniter\Boot::bootWeb(Object(Config\Paths))
WARNING - 2025-06-01 22:35:30 --> [DEPRECATED] Passing lowercase HTTP method "post" is deprecated. Use uppercase HTTP method like "POST". in SYSTEMPATH\Router\RouteCollection.php on line 1029.
 1 SYSTEMPATH\Router\RouteCollection.php(1029): trigger_error('Passing lowercase HTTP method "post" is deprecated. Use uppercase HTTP method like "POST".', 16384)
 2 APPPATH\Config\Routes.php(14): CodeIgniter\Router\RouteCollection->match([...], 'user/login', 'User::login')
 3 SYSTEMPATH\Router\RouteCollection.php(339): require('C:\\xampp\\htdocs\\lab7web\\ci4\\app\\Config\\Routes.php')
 4 SYSTEMPATH\CodeIgniter.php(821): CodeIgniter\Router\RouteCollection->loadRoutes()
 5 SYSTEMPATH\CodeIgniter.php(455): CodeIgniter\CodeIgniter->tryToRouteIt(null)
 6 SYSTEMPATH\CodeIgniter.php(354): CodeIgniter\CodeIgniter->handleRequest(null, Object(Config\Cache), false)
 7 SYSTEMPATH\Boot.php(334): CodeIgniter\CodeIgniter->run()
 8 SYSTEMPATH\Boot.php(67): CodeIgniter\Boot::runCodeIgniter(Object(CodeIgniter\CodeIgniter))
 9 FCPATH\index.php(56): CodeIgniter\Boot::bootWeb(Object(Config\Paths))
CRITICAL - 2025-06-01 22:35:30 --> CodeIgniter\Filters\Exceptions\FilterException: "auth" filter must have a matching alias defined.
[Method: GET, Route: admin/artikel]
in SYSTEMPATH\Filters\Filters.php on line 590.
 1 SYSTEMPATH\Filters\Filters.php(590): CodeIgniter\Filters\Exceptions\FilterException::forNoAlias('auth')
 2 SYSTEMPATH\Filters\Filters.php(641): CodeIgniter\Filters\Filters->enableFilter('auth', 'before')
 3 SYSTEMPATH\CodeIgniter.php(467): CodeIgniter\Filters\Filters->enableFilters([...], 'before')
 4 SYSTEMPATH\CodeIgniter.php(354): CodeIgniter\CodeIgniter->handleRequest(null, Object(Config\Cache), false)
 5 SYSTEMPATH\Boot.php(334): CodeIgniter\CodeIgniter->run()
 6 SYSTEMPATH\Boot.php(67): CodeIgniter\Boot::runCodeIgniter(Object(CodeIgniter\CodeIgniter))
 7 FCPATH\index.php(56): CodeIgniter\Boot::bootWeb(Object(Config\Paths))
WARNING - 2025-06-01 22:35:31 --> [DEPRECATED] Passing lowercase HTTP method "get" is deprecated. Use uppercase HTTP method like "GET". in SYSTEMPATH\Router\RouteCollection.php on line 1029.
 1 SYSTEMPATH\Router\RouteCollection.php(1029): trigger_error('Passing lowercase HTTP method "get" is deprecated. Use uppercase HTTP method like "GET".', 16384)
 2 APPPATH\Config\Routes.php(14): CodeIgniter\Router\RouteCollection->match([...], 'user/login', 'User::login')
 3 SYSTEMPATH\Router\RouteCollection.php(339): require('C:\\xampp\\htdocs\\lab7web\\ci4\\app\\Config\\Routes.php')
 4 SYSTEMPATH\CodeIgniter.php(821): CodeIgniter\Router\RouteCollection->loadRoutes()
 5 SYSTEMPATH\CodeIgniter.php(455): CodeIgniter\CodeIgniter->tryToRouteIt(null)
 6 SYSTEMPATH\CodeIgniter.php(354): CodeIgniter\CodeIgniter->handleRequest(null, Object(Config\Cache), false)
 7 SYSTEMPATH\Boot.php(334): CodeIgniter\CodeIgniter->run()
 8 SYSTEMPATH\Boot.php(67): CodeIgniter\Boot::runCodeIgniter(Object(CodeIgniter\CodeIgniter))
 9 FCPATH\index.php(56): CodeIgniter\Boot::bootWeb(Object(Config\Paths))
WARNING - 2025-06-01 22:35:31 --> [DEPRECATED] Passing lowercase HTTP method "post" is deprecated. Use uppercase HTTP method like "POST". in SYSTEMPATH\Router\RouteCollection.php on line 1029.
 1 SYSTEMPATH\Router\RouteCollection.php(1029): trigger_error('Passing lowercase HTTP method "post" is deprecated. Use uppercase HTTP method like "POST".', 16384)
 2 APPPATH\Config\Routes.php(14): CodeIgniter\Router\RouteCollection->match([...], 'user/login', 'User::login')
 3 SYSTEMPATH\Router\RouteCollection.php(339): require('C:\\xampp\\htdocs\\lab7web\\ci4\\app\\Config\\Routes.php')
 4 SYSTEMPATH\CodeIgniter.php(821): CodeIgniter\Router\RouteCollection->loadRoutes()
 5 SYSTEMPATH\CodeIgniter.php(455): CodeIgniter\CodeIgniter->tryToRouteIt(null)
 6 SYSTEMPATH\CodeIgniter.php(354): CodeIgniter\CodeIgniter->handleRequest(null, Object(Config\Cache), false)
 7 SYSTEMPATH\Boot.php(334): CodeIgniter\CodeIgniter->run()
 8 SYSTEMPATH\Boot.php(67): CodeIgniter\Boot::runCodeIgniter(Object(CodeIgniter\CodeIgniter))
 9 FCPATH\index.php(56): CodeIgniter\Boot::bootWeb(Object(Config\Paths))
CRITICAL - 2025-06-01 22:35:31 --> CodeIgniter\Filters\Exceptions\FilterException: "auth" filter must have a matching alias defined.
[Method: GET, Route: admin/artikel]
in SYSTEMPATH\Filters\Filters.php on line 590.
 1 SYSTEMPATH\Filters\Filters.php(590): CodeIgniter\Filters\Exceptions\FilterException::forNoAlias('auth')
 2 SYSTEMPATH\Filters\Filters.php(641): CodeIgniter\Filters\Filters->enableFilter('auth', 'before')
 3 SYSTEMPATH\CodeIgniter.php(467): CodeIgniter\Filters\Filters->enableFilters([...], 'before')
 4 SYSTEMPATH\CodeIgniter.php(354): CodeIgniter\CodeIgniter->handleRequest(null, Object(Config\Cache), false)
 5 SYSTEMPATH\Boot.php(334): CodeIgniter\CodeIgniter->run()
 6 SYSTEMPATH\Boot.php(67): CodeIgniter\Boot::runCodeIgniter(Object(CodeIgniter\CodeIgniter))
 7 FCPATH\index.php(56): CodeIgniter\Boot::bootWeb(Object(Config\Paths))
WARNING - 2025-06-01 22:35:32 --> [DEPRECATED] Passing lowercase HTTP method "get" is deprecated. Use uppercase HTTP method like "GET". in SYSTEMPATH\Router\RouteCollection.php on line 1029.
 1 SYSTEMPATH\Router\RouteCollection.php(1029): trigger_error('Passing lowercase HTTP method "get" is deprecated. Use uppercase HTTP method like "GET".', 16384)
 2 APPPATH\Config\Routes.php(14): CodeIgniter\Router\RouteCollection->match([...], 'user/login', 'User::login')
 3 SYSTEMPATH\Router\RouteCollection.php(339): require('C:\\xampp\\htdocs\\lab7web\\ci4\\app\\Config\\Routes.php')
 4 SYSTEMPATH\CodeIgniter.php(821): CodeIgniter\Router\RouteCollection->loadRoutes()
 5 SYSTEMPATH\CodeIgniter.php(455): CodeIgniter\CodeIgniter->tryToRouteIt(null)
 6 SYSTEMPATH\CodeIgniter.php(354): CodeIgniter\CodeIgniter->handleRequest(null, Object(Config\Cache), false)
 7 SYSTEMPATH\Boot.php(334): CodeIgniter\CodeIgniter->run()
 8 SYSTEMPATH\Boot.php(67): CodeIgniter\Boot::runCodeIgniter(Object(CodeIgniter\CodeIgniter))
 9 FCPATH\index.php(56): CodeIgniter\Boot::bootWeb(Object(Config\Paths))
WARNING - 2025-06-01 22:35:32 --> [DEPRECATED] Passing lowercase HTTP method "post" is deprecated. Use uppercase HTTP method like "POST". in SYSTEMPATH\Router\RouteCollection.php on line 1029.
 1 SYSTEMPATH\Router\RouteCollection.php(1029): trigger_error('Passing lowercase HTTP method "post" is deprecated. Use uppercase HTTP method like "POST".', 16384)
 2 APPPATH\Config\Routes.php(14): CodeIgniter\Router\RouteCollection->match([...], 'user/login', 'User::login')
 3 SYSTEMPATH\Router\RouteCollection.php(339): require('C:\\xampp\\htdocs\\lab7web\\ci4\\app\\Config\\Routes.php')
 4 SYSTEMPATH\CodeIgniter.php(821): CodeIgniter\Router\RouteCollection->loadRoutes()
 5 SYSTEMPATH\CodeIgniter.php(455): CodeIgniter\CodeIgniter->tryToRouteIt(null)
 6 SYSTEMPATH\CodeIgniter.php(354): CodeIgniter\CodeIgniter->handleRequest(null, Object(Config\Cache), false)
 7 SYSTEMPATH\Boot.php(334): CodeIgniter\CodeIgniter->run()
 8 SYSTEMPATH\Boot.php(67): CodeIgniter\Boot::runCodeIgniter(Object(CodeIgniter\CodeIgniter))
 9 FCPATH\index.php(56): CodeIgniter\Boot::bootWeb(Object(Config\Paths))
CRITICAL - 2025-06-01 22:35:32 --> CodeIgniter\Filters\Exceptions\FilterException: "auth" filter must have a matching alias defined.
[Method: GET, Route: admin/artikel]
in SYSTEMPATH\Filters\Filters.php on line 590.
 1 SYSTEMPATH\Filters\Filters.php(590): CodeIgniter\Filters\Exceptions\FilterException::forNoAlias('auth')
 2 SYSTEMPATH\Filters\Filters.php(641): CodeIgniter\Filters\Filters->enableFilter('auth', 'before')
 3 SYSTEMPATH\CodeIgniter.php(467): CodeIgniter\Filters\Filters->enableFilters([...], 'before')
 4 SYSTEMPATH\CodeIgniter.php(354): CodeIgniter\CodeIgniter->handleRequest(null, Object(Config\Cache), false)
 5 SYSTEMPATH\Boot.php(334): CodeIgniter\CodeIgniter->run()
 6 SYSTEMPATH\Boot.php(67): CodeIgniter\Boot::runCodeIgniter(Object(CodeIgniter\CodeIgniter))
 7 FCPATH\index.php(56): CodeIgniter\Boot::bootWeb(Object(Config\Paths))
WARNING - 2025-06-01 22:39:43 --> [DEPRECATED] Passing lowercase HTTP method "get" is deprecated. Use uppercase HTTP method like "GET". in SYSTEMPATH\Router\RouteCollection.php on line 1029.
 1 SYSTEMPATH\Router\RouteCollection.php(1029): trigger_error('Passing lowercase HTTP method "get" is deprecated. Use uppercase HTTP method like "GET".', 16384)
 2 APPPATH\Config\Routes.php(14): CodeIgniter\Router\RouteCollection->match([...], 'user/login', 'User::login')
 3 SYSTEMPATH\Router\RouteCollection.php(339): require('C:\\xampp\\htdocs\\lab7web\\ci4\\app\\Config\\Routes.php')
 4 SYSTEMPATH\CodeIgniter.php(821): CodeIgniter\Router\RouteCollection->loadRoutes()
 5 SYSTEMPATH\CodeIgniter.php(455): CodeIgniter\CodeIgniter->tryToRouteIt(null)
 6 SYSTEMPATH\CodeIgniter.php(354): CodeIgniter\CodeIgniter->handleRequest(null, Object(Config\Cache), false)
 7 SYSTEMPATH\Boot.php(334): CodeIgniter\CodeIgniter->run()
 8 SYSTEMPATH\Boot.php(67): CodeIgniter\Boot::runCodeIgniter(Object(CodeIgniter\CodeIgniter))
 9 FCPATH\index.php(56): CodeIgniter\Boot::bootWeb(Object(Config\Paths))
WARNING - 2025-06-01 22:39:43 --> [DEPRECATED] Passing lowercase HTTP method "post" is deprecated. Use uppercase HTTP method like "POST". in SYSTEMPATH\Router\RouteCollection.php on line 1029.
 1 SYSTEMPATH\Router\RouteCollection.php(1029): trigger_error('Passing lowercase HTTP method "post" is deprecated. Use uppercase HTTP method like "POST".', 16384)
 2 APPPATH\Config\Routes.php(14): CodeIgniter\Router\RouteCollection->match([...], 'user/login', 'User::login')
 3 SYSTEMPATH\Router\RouteCollection.php(339): require('C:\\xampp\\htdocs\\lab7web\\ci4\\app\\Config\\Routes.php')
 4 SYSTEMPATH\CodeIgniter.php(821): CodeIgniter\Router\RouteCollection->loadRoutes()
 5 SYSTEMPATH\CodeIgniter.php(455): CodeIgniter\CodeIgniter->tryToRouteIt(null)
 6 SYSTEMPATH\CodeIgniter.php(354): CodeIgniter\CodeIgniter->handleRequest(null, Object(Config\Cache), false)
 7 SYSTEMPATH\Boot.php(334): CodeIgniter\CodeIgniter->run()
 8 SYSTEMPATH\Boot.php(67): CodeIgniter\Boot::runCodeIgniter(Object(CodeIgniter\CodeIgniter))
 9 FCPATH\index.php(56): CodeIgniter\Boot::bootWeb(Object(Config\Paths))
DEBUG - 2025-06-01 22:39:43 --> Session: Class initialized using 'CodeIgniter\Session\Handlers\FileHandler' driver.
WARNING - 2025-06-01 22:39:44 --> [DEPRECATED] Passing lowercase HTTP method "get" is deprecated. Use uppercase HTTP method like "GET". in SYSTEMPATH\Router\RouteCollection.php on line 1029.
 1 SYSTEMPATH\Router\RouteCollection.php(1029): trigger_error('Passing lowercase HTTP method "get" is deprecated. Use uppercase HTTP method like "GET".', 16384)
 2 APPPATH\Config\Routes.php(14): CodeIgniter\Router\RouteCollection->match([...], 'user/login', 'User::login')
 3 SYSTEMPATH\Router\RouteCollection.php(339): require('C:\\xampp\\htdocs\\lab7web\\ci4\\app\\Config\\Routes.php')
 4 SYSTEMPATH\CodeIgniter.php(821): CodeIgniter\Router\RouteCollection->loadRoutes()
 5 SYSTEMPATH\CodeIgniter.php(455): CodeIgniter\CodeIgniter->tryToRouteIt(null)
 6 SYSTEMPATH\CodeIgniter.php(354): CodeIgniter\CodeIgniter->handleRequest(null, Object(Config\Cache), false)
 7 SYSTEMPATH\Boot.php(334): CodeIgniter\CodeIgniter->run()
 8 SYSTEMPATH\Boot.php(67): CodeIgniter\Boot::runCodeIgniter(Object(CodeIgniter\CodeIgniter))
 9 FCPATH\index.php(56): CodeIgniter\Boot::bootWeb(Object(Config\Paths))
WARNING - 2025-06-01 22:39:44 --> [DEPRECATED] Passing lowercase HTTP method "post" is deprecated. Use uppercase HTTP method like "POST". in SYSTEMPATH\Router\RouteCollection.php on line 1029.
 1 SYSTEMPATH\Router\RouteCollection.php(1029): trigger_error('Passing lowercase HTTP method "post" is deprecated. Use uppercase HTTP method like "POST".', 16384)
 2 APPPATH\Config\Routes.php(14): CodeIgniter\Router\RouteCollection->match([...], 'user/login', 'User::login')
 3 SYSTEMPATH\Router\RouteCollection.php(339): require('C:\\xampp\\htdocs\\lab7web\\ci4\\app\\Config\\Routes.php')
 4 SYSTEMPATH\CodeIgniter.php(821): CodeIgniter\Router\RouteCollection->loadRoutes()
 5 SYSTEMPATH\CodeIgniter.php(455): CodeIgniter\CodeIgniter->tryToRouteIt(null)
 6 SYSTEMPATH\CodeIgniter.php(354): CodeIgniter\CodeIgniter->handleRequest(null, Object(Config\Cache), false)
 7 SYSTEMPATH\Boot.php(334): CodeIgniter\CodeIgniter->run()
 8 SYSTEMPATH\Boot.php(67): CodeIgniter\Boot::runCodeIgniter(Object(CodeIgniter\CodeIgniter))
 9 FCPATH\index.php(56): CodeIgniter\Boot::bootWeb(Object(Config\Paths))
CRITICAL - 2025-06-01 22:39:44 --> CodeIgniter\View\Exceptions\ViewException: Invalid file: "user/login.php"
[Method: GET, Route: user/login]
in SYSTEMPATH\Exceptions\FrameworkException.php on line 39.
 1 SYSTEMPATH\View\View.php(212): CodeIgniter\Exceptions\FrameworkException::forInvalidFile('user/login.php')
 2 SYSTEMPATH\Common.php(1173): CodeIgniter\View\View->render('user/login', [], true)
 3 APPPATH\Controllers\User.php(20): view('user/login')
 4 SYSTEMPATH\CodeIgniter.php(933): App\Controllers\User->login()
 5 SYSTEMPATH\CodeIgniter.php(507): CodeIgniter\CodeIgniter->runController(Object(App\Controllers\User))
 6 SYSTEMPATH\CodeIgniter.php(354): CodeIgniter\CodeIgniter->handleRequest(null, Object(Config\Cache), false)
 7 SYSTEMPATH\Boot.php(334): CodeIgniter\CodeIgniter->run()
 8 SYSTEMPATH\Boot.php(67): CodeIgniter\Boot::runCodeIgniter(Object(CodeIgniter\CodeIgniter))
 9 FCPATH\index.php(56): CodeIgniter\Boot::bootWeb(Object(Config\Paths))
WARNING - 2025-06-01 22:39:46 --> [DEPRECATED] Passing lowercase HTTP method "get" is deprecated. Use uppercase HTTP method like "GET". in SYSTEMPATH\Router\RouteCollection.php on line 1029.
 1 SYSTEMPATH\Router\RouteCollection.php(1029): trigger_error('Passing lowercase HTTP method "get" is deprecated. Use uppercase HTTP method like "GET".', 16384)
 2 APPPATH\Config\Routes.php(14): CodeIgniter\Router\RouteCollection->match([...], 'user/login', 'User::login')
 3 SYSTEMPATH\Router\RouteCollection.php(339): require('C:\\xampp\\htdocs\\lab7web\\ci4\\app\\Config\\Routes.php')
 4 SYSTEMPATH\CodeIgniter.php(821): CodeIgniter\Router\RouteCollection->loadRoutes()
 5 SYSTEMPATH\CodeIgniter.php(455): CodeIgniter\CodeIgniter->tryToRouteIt(null)
 6 SYSTEMPATH\CodeIgniter.php(354): CodeIgniter\CodeIgniter->handleRequest(null, Object(Config\Cache), false)
 7 SYSTEMPATH\Boot.php(334): CodeIgniter\CodeIgniter->run()
 8 SYSTEMPATH\Boot.php(67): CodeIgniter\Boot::runCodeIgniter(Object(CodeIgniter\CodeIgniter))
 9 FCPATH\index.php(56): CodeIgniter\Boot::bootWeb(Object(Config\Paths))
WARNING - 2025-06-01 22:39:46 --> [DEPRECATED] Passing lowercase HTTP method "post" is deprecated. Use uppercase HTTP method like "POST". in SYSTEMPATH\Router\RouteCollection.php on line 1029.
 1 SYSTEMPATH\Router\RouteCollection.php(1029): trigger_error('Passing lowercase HTTP method "post" is deprecated. Use uppercase HTTP method like "POST".', 16384)
 2 APPPATH\Config\Routes.php(14): CodeIgniter\Router\RouteCollection->match([...], 'user/login', 'User::login')
 3 SYSTEMPATH\Router\RouteCollection.php(339): require('C:\\xampp\\htdocs\\lab7web\\ci4\\app\\Config\\Routes.php')
 4 SYSTEMPATH\CodeIgniter.php(821): CodeIgniter\Router\RouteCollection->loadRoutes()
 5 SYSTEMPATH\CodeIgniter.php(455): CodeIgniter\CodeIgniter->tryToRouteIt(null)
 6 SYSTEMPATH\CodeIgniter.php(354): CodeIgniter\CodeIgniter->handleRequest(null, Object(Config\Cache), false)
 7 SYSTEMPATH\Boot.php(334): CodeIgniter\CodeIgniter->run()
 8 SYSTEMPATH\Boot.php(67): CodeIgniter\Boot::runCodeIgniter(Object(CodeIgniter\CodeIgniter))
 9 FCPATH\index.php(56): CodeIgniter\Boot::bootWeb(Object(Config\Paths))
CRITICAL - 2025-06-01 22:39:46 --> CodeIgniter\View\Exceptions\ViewException: Invalid file: "user/login.php"
[Method: GET, Route: user/login]
in SYSTEMPATH\Exceptions\FrameworkException.php on line 39.
 1 SYSTEMPATH\View\View.php(212): CodeIgniter\Exceptions\FrameworkException::forInvalidFile('user/login.php')
 2 SYSTEMPATH\Common.php(1173): CodeIgniter\View\View->render('user/login', [], true)
 3 APPPATH\Controllers\User.php(20): view('user/login')
 4 SYSTEMPATH\CodeIgniter.php(933): App\Controllers\User->login()
 5 SYSTEMPATH\CodeIgniter.php(507): CodeIgniter\CodeIgniter->runController(Object(App\Controllers\User))
 6 SYSTEMPATH\CodeIgniter.php(354): CodeIgniter\CodeIgniter->handleRequest(null, Object(Config\Cache), false)
 7 SYSTEMPATH\Boot.php(334): CodeIgniter\CodeIgniter->run()
 8 SYSTEMPATH\Boot.php(67): CodeIgniter\Boot::runCodeIgniter(Object(CodeIgniter\CodeIgniter))
 9 FCPATH\index.php(56): CodeIgniter\Boot::bootWeb(Object(Config\Paths))
WARNING - 2025-06-01 22:46:06 --> [DEPRECATED] Passing lowercase HTTP method "get" is deprecated. Use uppercase HTTP method like "GET". in SYSTEMPATH\Router\RouteCollection.php on line 1029.
 1 SYSTEMPATH\Router\RouteCollection.php(1029): trigger_error('Passing lowercase HTTP method "get" is deprecated. Use uppercase HTTP method like "GET".', 16384)
 2 APPPATH\Config\Routes.php(14): CodeIgniter\Router\RouteCollection->match([...], 'user/login', 'User::login')
 3 SYSTEMPATH\Router\RouteCollection.php(339): require('C:\\xampp\\htdocs\\lab7web\\ci4\\app\\Config\\Routes.php')
 4 SYSTEMPATH\CodeIgniter.php(821): CodeIgniter\Router\RouteCollection->loadRoutes()
 5 SYSTEMPATH\CodeIgniter.php(455): CodeIgniter\CodeIgniter->tryToRouteIt(null)
 6 SYSTEMPATH\CodeIgniter.php(354): CodeIgniter\CodeIgniter->handleRequest(null, Object(Config\Cache), false)
 7 SYSTEMPATH\Boot.php(334): CodeIgniter\CodeIgniter->run()
 8 SYSTEMPATH\Boot.php(67): CodeIgniter\Boot::runCodeIgniter(Object(CodeIgniter\CodeIgniter))
 9 FCPATH\index.php(56): CodeIgniter\Boot::bootWeb(Object(Config\Paths))
WARNING - 2025-06-01 22:46:06 --> [DEPRECATED] Passing lowercase HTTP method "post" is deprecated. Use uppercase HTTP method like "POST". in SYSTEMPATH\Router\RouteCollection.php on line 1029.
 1 SYSTEMPATH\Router\RouteCollection.php(1029): trigger_error('Passing lowercase HTTP method "post" is deprecated. Use uppercase HTTP method like "POST".', 16384)
 2 APPPATH\Config\Routes.php(14): CodeIgniter\Router\RouteCollection->match([...], 'user/login', 'User::login')
 3 SYSTEMPATH\Router\RouteCollection.php(339): require('C:\\xampp\\htdocs\\lab7web\\ci4\\app\\Config\\Routes.php')
 4 SYSTEMPATH\CodeIgniter.php(821): CodeIgniter\Router\RouteCollection->loadRoutes()
 5 SYSTEMPATH\CodeIgniter.php(455): CodeIgniter\CodeIgniter->tryToRouteIt(null)
 6 SYSTEMPATH\CodeIgniter.php(354): CodeIgniter\CodeIgniter->handleRequest(null, Object(Config\Cache), false)
 7 SYSTEMPATH\Boot.php(334): CodeIgniter\CodeIgniter->run()
 8 SYSTEMPATH\Boot.php(67): CodeIgniter\Boot::runCodeIgniter(Object(CodeIgniter\CodeIgniter))
 9 FCPATH\index.php(56): CodeIgniter\Boot::bootWeb(Object(Config\Paths))
DEBUG - 2025-06-01 22:46:06 --> Session: Class initialized using 'CodeIgniter\Session\Handlers\FileHandler' driver.
WARNING - 2025-06-01 22:46:26 --> [DEPRECATED] Passing lowercase HTTP method "get" is deprecated. Use uppercase HTTP method like "GET". in SYSTEMPATH\Router\RouteCollection.php on line 1029.
 1 SYSTEMPATH\Router\RouteCollection.php(1029): trigger_error('Passing lowercase HTTP method "get" is deprecated. Use uppercase HTTP method like "GET".', 16384)
 2 APPPATH\Config\Routes.php(14): CodeIgniter\Router\RouteCollection->match([...], 'user/login', 'User::login')
 3 SYSTEMPATH\Router\RouteCollection.php(339): require('C:\\xampp\\htdocs\\lab7web\\ci4\\app\\Config\\Routes.php')
 4 SYSTEMPATH\CodeIgniter.php(821): CodeIgniter\Router\RouteCollection->loadRoutes()
 5 SYSTEMPATH\CodeIgniter.php(455): CodeIgniter\CodeIgniter->tryToRouteIt(null)
 6 SYSTEMPATH\CodeIgniter.php(354): CodeIgniter\CodeIgniter->handleRequest(null, Object(Config\Cache), false)
 7 SYSTEMPATH\Boot.php(334): CodeIgniter\CodeIgniter->run()
 8 SYSTEMPATH\Boot.php(67): CodeIgniter\Boot::runCodeIgniter(Object(CodeIgniter\CodeIgniter))
 9 FCPATH\index.php(56): CodeIgniter\Boot::bootWeb(Object(Config\Paths))
WARNING - 2025-06-01 22:46:26 --> [DEPRECATED] Passing lowercase HTTP method "post" is deprecated. Use uppercase HTTP method like "POST". in SYSTEMPATH\Router\RouteCollection.php on line 1029.
 1 SYSTEMPATH\Router\RouteCollection.php(1029): trigger_error('Passing lowercase HTTP method "post" is deprecated. Use uppercase HTTP method like "POST".', 16384)
 2 APPPATH\Config\Routes.php(14): CodeIgniter\Router\RouteCollection->match([...], 'user/login', 'User::login')
 3 SYSTEMPATH\Router\RouteCollection.php(339): require('C:\\xampp\\htdocs\\lab7web\\ci4\\app\\Config\\Routes.php')
 4 SYSTEMPATH\CodeIgniter.php(821): CodeIgniter\Router\RouteCollection->loadRoutes()
 5 SYSTEMPATH\CodeIgniter.php(455): CodeIgniter\CodeIgniter->tryToRouteIt(null)
 6 SYSTEMPATH\CodeIgniter.php(354): CodeIgniter\CodeIgniter->handleRequest(null, Object(Config\Cache), false)
 7 SYSTEMPATH\Boot.php(334): CodeIgniter\CodeIgniter->run()
 8 SYSTEMPATH\Boot.php(67): CodeIgniter\Boot::runCodeIgniter(Object(CodeIgniter\CodeIgniter))
 9 FCPATH\index.php(56): CodeIgniter\Boot::bootWeb(Object(Config\Paths))
DEBUG - 2025-06-01 22:46:26 --> Session: Class initialized using 'CodeIgniter\Session\Handlers\FileHandler' driver.
WARNING - 2025-06-01 22:46:27 --> [DEPRECATED] Passing lowercase HTTP method "get" is deprecated. Use uppercase HTTP method like "GET". in SYSTEMPATH\Router\RouteCollection.php on line 1029.
 1 SYSTEMPATH\Router\RouteCollection.php(1029): trigger_error('Passing lowercase HTTP method "get" is deprecated. Use uppercase HTTP method like "GET".', 16384)
 2 APPPATH\Config\Routes.php(14): CodeIgniter\Router\RouteCollection->match([...], 'user/login', 'User::login')
 3 SYSTEMPATH\Router\RouteCollection.php(339): require('C:\\xampp\\htdocs\\lab7web\\ci4\\app\\Config\\Routes.php')
 4 SYSTEMPATH\CodeIgniter.php(821): CodeIgniter\Router\RouteCollection->loadRoutes()
 5 SYSTEMPATH\CodeIgniter.php(455): CodeIgniter\CodeIgniter->tryToRouteIt(null)
 6 SYSTEMPATH\CodeIgniter.php(354): CodeIgniter\CodeIgniter->handleRequest(null, Object(Config\Cache), false)
 7 SYSTEMPATH\Boot.php(334): CodeIgniter\CodeIgniter->run()
 8 SYSTEMPATH\Boot.php(67): CodeIgniter\Boot::runCodeIgniter(Object(CodeIgniter\CodeIgniter))
 9 FCPATH\index.php(56): CodeIgniter\Boot::bootWeb(Object(Config\Paths))
WARNING - 2025-06-01 22:46:27 --> [DEPRECATED] Passing lowercase HTTP method "post" is deprecated. Use uppercase HTTP method like "POST". in SYSTEMPATH\Router\RouteCollection.php on line 1029.
 1 SYSTEMPATH\Router\RouteCollection.php(1029): trigger_error('Passing lowercase HTTP method "post" is deprecated. Use uppercase HTTP method like "POST".', 16384)
 2 APPPATH\Config\Routes.php(14): CodeIgniter\Router\RouteCollection->match([...], 'user/login', 'User::login')
 3 SYSTEMPATH\Router\RouteCollection.php(339): require('C:\\xampp\\htdocs\\lab7web\\ci4\\app\\Config\\Routes.php')
 4 SYSTEMPATH\CodeIgniter.php(821): CodeIgniter\Router\RouteCollection->loadRoutes()
 5 SYSTEMPATH\CodeIgniter.php(455): CodeIgniter\CodeIgniter->tryToRouteIt(null)
 6 SYSTEMPATH\CodeIgniter.php(354): CodeIgniter\CodeIgniter->handleRequest(null, Object(Config\Cache), false)
 7 SYSTEMPATH\Boot.php(334): CodeIgniter\CodeIgniter->run()
 8 SYSTEMPATH\Boot.php(67): CodeIgniter\Boot::runCodeIgniter(Object(CodeIgniter\CodeIgniter))
 9 FCPATH\index.php(56): CodeIgniter\Boot::bootWeb(Object(Config\Paths))
DEBUG - 2025-06-01 22:46:27 --> Session: Class initialized using 'CodeIgniter\Session\Handlers\FileHandler' driver.
WARNING - 2025-06-01 22:46:38 --> [DEPRECATED] Passing lowercase HTTP method "get" is deprecated. Use uppercase HTTP method like "GET". in SYSTEMPATH\Router\RouteCollection.php on line 1029.
 1 SYSTEMPATH\Router\RouteCollection.php(1029): trigger_error('Passing lowercase HTTP method "get" is deprecated. Use uppercase HTTP method like "GET".', 16384)
 2 APPPATH\Config\Routes.php(14): CodeIgniter\Router\RouteCollection->match([...], 'user/login', 'User::login')
 3 SYSTEMPATH\Router\RouteCollection.php(339): require('C:\\xampp\\htdocs\\lab7web\\ci4\\app\\Config\\Routes.php')
 4 SYSTEMPATH\CodeIgniter.php(821): CodeIgniter\Router\RouteCollection->loadRoutes()
 5 SYSTEMPATH\CodeIgniter.php(455): CodeIgniter\CodeIgniter->tryToRouteIt(null)
 6 SYSTEMPATH\CodeIgniter.php(354): CodeIgniter\CodeIgniter->handleRequest(null, Object(Config\Cache), false)
 7 SYSTEMPATH\Boot.php(334): CodeIgniter\CodeIgniter->run()
 8 SYSTEMPATH\Boot.php(67): CodeIgniter\Boot::runCodeIgniter(Object(CodeIgniter\CodeIgniter))
 9 FCPATH\index.php(56): CodeIgniter\Boot::bootWeb(Object(Config\Paths))
WARNING - 2025-06-01 22:46:38 --> [DEPRECATED] Passing lowercase HTTP method "post" is deprecated. Use uppercase HTTP method like "POST". in SYSTEMPATH\Router\RouteCollection.php on line 1029.
 1 SYSTEMPATH\Router\RouteCollection.php(1029): trigger_error('Passing lowercase HTTP method "post" is deprecated. Use uppercase HTTP method like "POST".', 16384)
 2 APPPATH\Config\Routes.php(14): CodeIgniter\Router\RouteCollection->match([...], 'user/login', 'User::login')
 3 SYSTEMPATH\Router\RouteCollection.php(339): require('C:\\xampp\\htdocs\\lab7web\\ci4\\app\\Config\\Routes.php')
 4 SYSTEMPATH\CodeIgniter.php(821): CodeIgniter\Router\RouteCollection->loadRoutes()
 5 SYSTEMPATH\CodeIgniter.php(455): CodeIgniter\CodeIgniter->tryToRouteIt(null)
 6 SYSTEMPATH\CodeIgniter.php(354): CodeIgniter\CodeIgniter->handleRequest(null, Object(Config\Cache), false)
 7 SYSTEMPATH\Boot.php(334): CodeIgniter\CodeIgniter->run()
 8 SYSTEMPATH\Boot.php(67): CodeIgniter\Boot::runCodeIgniter(Object(CodeIgniter\CodeIgniter))
 9 FCPATH\index.php(56): CodeIgniter\Boot::bootWeb(Object(Config\Paths))
WARNING - 2025-06-01 22:46:52 --> [DEPRECATED] Passing lowercase HTTP method "get" is deprecated. Use uppercase HTTP method like "GET". in SYSTEMPATH\Router\RouteCollection.php on line 1029.
 1 SYSTEMPATH\Router\RouteCollection.php(1029): trigger_error('Passing lowercase HTTP method "get" is deprecated. Use uppercase HTTP method like "GET".', 16384)
 2 APPPATH\Config\Routes.php(14): CodeIgniter\Router\RouteCollection->match([...], 'user/login', 'User::login')
 3 SYSTEMPATH\Router\RouteCollection.php(339): require('C:\\xampp\\htdocs\\lab7web\\ci4\\app\\Config\\Routes.php')
 4 SYSTEMPATH\CodeIgniter.php(821): CodeIgniter\Router\RouteCollection->loadRoutes()
 5 SYSTEMPATH\CodeIgniter.php(455): CodeIgniter\CodeIgniter->tryToRouteIt(null)
 6 SYSTEMPATH\CodeIgniter.php(354): CodeIgniter\CodeIgniter->handleRequest(null, Object(Config\Cache), false)
 7 SYSTEMPATH\Boot.php(334): CodeIgniter\CodeIgniter->run()
 8 SYSTEMPATH\Boot.php(67): CodeIgniter\Boot::runCodeIgniter(Object(CodeIgniter\CodeIgniter))
 9 FCPATH\index.php(56): CodeIgniter\Boot::bootWeb(Object(Config\Paths))
WARNING - 2025-06-01 22:46:52 --> [DEPRECATED] Passing lowercase HTTP method "post" is deprecated. Use uppercase HTTP method like "POST". in SYSTEMPATH\Router\RouteCollection.php on line 1029.
 1 SYSTEMPATH\Router\RouteCollection.php(1029): trigger_error('Passing lowercase HTTP method "post" is deprecated. Use uppercase HTTP method like "POST".', 16384)
 2 APPPATH\Config\Routes.php(14): CodeIgniter\Router\RouteCollection->match([...], 'user/login', 'User::login')
 3 SYSTEMPATH\Router\RouteCollection.php(339): require('C:\\xampp\\htdocs\\lab7web\\ci4\\app\\Config\\Routes.php')
 4 SYSTEMPATH\CodeIgniter.php(821): CodeIgniter\Router\RouteCollection->loadRoutes()
 5 SYSTEMPATH\CodeIgniter.php(455): CodeIgniter\CodeIgniter->tryToRouteIt(null)
 6 SYSTEMPATH\CodeIgniter.php(354): CodeIgniter\CodeIgniter->handleRequest(null, Object(Config\Cache), false)
 7 SYSTEMPATH\Boot.php(334): CodeIgniter\CodeIgniter->run()
 8 SYSTEMPATH\Boot.php(67): CodeIgniter\Boot::runCodeIgniter(Object(CodeIgniter\CodeIgniter))
 9 FCPATH\index.php(56): CodeIgniter\Boot::bootWeb(Object(Config\Paths))
DEBUG - 2025-06-01 22:46:52 --> Session: Class initialized using 'CodeIgniter\Session\Handlers\FileHandler' driver.
ERROR - 2025-06-01 22:46:52 --> mysqli_sql_exception: Table 'lab_ci4.user' doesn't exist in C:\xampp\htdocs\lab7web\ci4\system\Database\MySQLi\Connection.php:327
Stack trace:
#0 C:\xampp\htdocs\lab7web\ci4\system\Database\MySQLi\Connection.php(327): mysqli->query('SELECT *\nFROM `...', 0)
#1 C:\xampp\htdocs\lab7web\ci4\system\Database\BaseConnection.php(738): CodeIgniter\Database\MySQLi\Connection->execute('SELECT *\nFROM `...')
#2 C:\xampp\htdocs\lab7web\ci4\system\Database\BaseConnection.php(652): CodeIgniter\Database\BaseConnection->simpleQuery('SELECT *\nFROM `...')
#3 C:\xampp\htdocs\lab7web\ci4\system\Database\BaseBuilder.php(1649): CodeIgniter\Database\BaseConnection->query('SELECT *\nFROM `...', Array, false)
#4 C:\xampp\htdocs\lab7web\ci4\system\Model.php(330): CodeIgniter\Database\BaseBuilder->get()
#5 C:\xampp\htdocs\lab7web\ci4\system\BaseModel.php(713): CodeIgniter\Model->doFirst()
#6 C:\xampp\htdocs\lab7web\ci4\app\Controllers\User.php(24): CodeIgniter\BaseModel->first()
#7 C:\xampp\htdocs\lab7web\ci4\system\CodeIgniter.php(933): App\Controllers\User->login()
#8 C:\xampp\htdocs\lab7web\ci4\system\CodeIgniter.php(507): CodeIgniter\CodeIgniter->runController(Object(App\Controllers\User))
#9 C:\xampp\htdocs\lab7web\ci4\system\CodeIgniter.php(354): CodeIgniter\CodeIgniter->handleRequest(NULL, Object(Config\Cache), false)
#10 C:\xampp\htdocs\lab7web\ci4\system\Boot.php(334): CodeIgniter\CodeIgniter->run()
#11 C:\xampp\htdocs\lab7web\ci4\system\Boot.php(67): CodeIgniter\Boot::runCodeIgniter(Object(CodeIgniter\CodeIgniter))
#12 C:\xampp\htdocs\lab7web\ci4\public\index.php(56): CodeIgniter\Boot::bootWeb(Object(Config\Paths))
#13 {main}
CRITICAL - 2025-06-01 22:46:52 --> CodeIgniter\Database\Exceptions\DatabaseException: Table 'lab_ci4.user' doesn't exist
[Method: POST, Route: user/login]
in SYSTEMPATH\Database\BaseConnection.php on line 692.
 1 SYSTEMPATH\Database\BaseBuilder.php(1649): CodeIgniter\Database\BaseConnection->query('SELECT *
FROM `user`
WHERE `useremail` = :useremail:
 LIMIT 1', [...], false)
 2 SYSTEMPATH\Model.php(330): CodeIgniter\Database\BaseBuilder->get()
 3 SYSTEMPATH\BaseModel.php(713): CodeIgniter\Model->doFirst()
 4 APPPATH\Controllers\User.php(24): CodeIgniter\BaseModel->first()
 5 SYSTEMPATH\CodeIgniter.php(933): App\Controllers\User->login()
 6 SYSTEMPATH\CodeIgniter.php(507): CodeIgniter\CodeIgniter->runController(Object(App\Controllers\User))
 7 SYSTEMPATH\CodeIgniter.php(354): CodeIgniter\CodeIgniter->handleRequest(null, Object(Config\Cache), false)
 8 SYSTEMPATH\Boot.php(334): CodeIgniter\CodeIgniter->run()
 9 SYSTEMPATH\Boot.php(67): CodeIgniter\Boot::runCodeIgniter(Object(CodeIgniter\CodeIgniter))
10 FCPATH\index.php(56): CodeIgniter\Boot::bootWeb(Object(Config\Paths))
CRITICAL - 2025-06-01 22:46:52 --> [Caused by] CodeIgniter\Database\Exceptions\DatabaseException: Table 'lab_ci4.user' doesn't exist
in SYSTEMPATH\Database\MySQLi\Connection.php on line 332.
 1 SYSTEMPATH\Database\BaseConnection.php(738): CodeIgniter\Database\MySQLi\Connection->execute('SELECT *
FROM `user`
WHERE `useremail` = \'mirandasiagian198@gmail.com\'
 LIMIT 1')
 2 SYSTEMPATH\Database\BaseConnection.php(652): CodeIgniter\Database\BaseConnection->simpleQuery('SELECT *
FROM `user`
WHERE `useremail` = \'mirandasiagian198@gmail.com\'
 LIMIT 1')
 3 SYSTEMPATH\Database\BaseBuilder.php(1649): CodeIgniter\Database\BaseConnection->query('SELECT *
FROM `user`
WHERE `useremail` = :useremail:
 LIMIT 1', [...], false)
 4 SYSTEMPATH\Model.php(330): CodeIgniter\Database\BaseBuilder->get()
 5 SYSTEMPATH\BaseModel.php(713): CodeIgniter\Model->doFirst()
 6 APPPATH\Controllers\User.php(24): CodeIgniter\BaseModel->first()
 7 SYSTEMPATH\CodeIgniter.php(933): App\Controllers\User->login()
 8 SYSTEMPATH\CodeIgniter.php(507): CodeIgniter\CodeIgniter->runController(Object(App\Controllers\User))
 9 SYSTEMPATH\CodeIgniter.php(354): CodeIgniter\CodeIgniter->handleRequest(null, Object(Config\Cache), false)
10 SYSTEMPATH\Boot.php(334): CodeIgniter\CodeIgniter->run()
11 SYSTEMPATH\Boot.php(67): CodeIgniter\Boot::runCodeIgniter(Object(CodeIgniter\CodeIgniter))
12 FCPATH\index.php(56): CodeIgniter\Boot::bootWeb(Object(Config\Paths))
CRITICAL - 2025-06-01 22:46:52 --> [Caused by] mysqli_sql_exception: Table 'lab_ci4.user' doesn't exist
in SYSTEMPATH\Database\MySQLi\Connection.php on line 327.
 1 SYSTEMPATH\Database\MySQLi\Connection.php(327): mysqli->query('SELECT *
FROM `user`
WHERE `useremail` = \'mirandasiagian198@gmail.com\'
 LIMIT 1', 0)
 2 SYSTEMPATH\Database\BaseConnection.php(738): CodeIgniter\Database\MySQLi\Connection->execute('SELECT *
FROM `user`
WHERE `useremail` = \'mirandasiagian198@gmail.com\'
 LIMIT 1')
 3 SYSTEMPATH\Database\BaseConnection.php(652): CodeIgniter\Database\BaseConnection->simpleQuery('SELECT *
FROM `user`
WHERE `useremail` = \'mirandasiagian198@gmail.com\'
 LIMIT 1')
 4 SYSTEMPATH\Database\BaseBuilder.php(1649): CodeIgniter\Database\BaseConnection->query('SELECT *
FROM `user`
WHERE `useremail` = :useremail:
 LIMIT 1', [...], false)
 5 SYSTEMPATH\Model.php(330): CodeIgniter\Database\BaseBuilder->get()
 6 SYSTEMPATH\BaseModel.php(713): CodeIgniter\Model->doFirst()
 7 APPPATH\Controllers\User.php(24): CodeIgniter\BaseModel->first()
 8 SYSTEMPATH\CodeIgniter.php(933): App\Controllers\User->login()
 9 SYSTEMPATH\CodeIgniter.php(507): CodeIgniter\CodeIgniter->runController(Object(App\Controllers\User))
10 SYSTEMPATH\CodeIgniter.php(354): CodeIgniter\CodeIgniter->handleRequest(null, Object(Config\Cache), false)
11 SYSTEMPATH\Boot.php(334): CodeIgniter\CodeIgniter->run()
12 SYSTEMPATH\Boot.php(67): CodeIgniter\Boot::runCodeIgniter(Object(CodeIgniter\CodeIgniter))
13 FCPATH\index.php(56): CodeIgniter\Boot::bootWeb(Object(Config\Paths))
WARNING - 2025-06-01 22:47:13 --> [DEPRECATED] Passing lowercase HTTP method "get" is deprecated. Use uppercase HTTP method like "GET". in SYSTEMPATH\Router\RouteCollection.php on line 1029.
 1 SYSTEMPATH\Router\RouteCollection.php(1029): trigger_error('Passing lowercase HTTP method "get" is deprecated. Use uppercase HTTP method like "GET".', 16384)
 2 APPPATH\Config\Routes.php(14): CodeIgniter\Router\RouteCollection->match([...], 'user/login', 'User::login')
 3 SYSTEMPATH\Router\RouteCollection.php(339): require('C:\\xampp\\htdocs\\lab7web\\ci4\\app\\Config\\Routes.php')
 4 SYSTEMPATH\CodeIgniter.php(821): CodeIgniter\Router\RouteCollection->loadRoutes()
 5 SYSTEMPATH\CodeIgniter.php(455): CodeIgniter\CodeIgniter->tryToRouteIt(null)
 6 SYSTEMPATH\CodeIgniter.php(354): CodeIgniter\CodeIgniter->handleRequest(null, Object(Config\Cache), false)
 7 SYSTEMPATH\Boot.php(334): CodeIgniter\CodeIgniter->run()
 8 SYSTEMPATH\Boot.php(67): CodeIgniter\Boot::runCodeIgniter(Object(CodeIgniter\CodeIgniter))
 9 FCPATH\index.php(56): CodeIgniter\Boot::bootWeb(Object(Config\Paths))
WARNING - 2025-06-01 22:47:13 --> [DEPRECATED] Passing lowercase HTTP method "post" is deprecated. Use uppercase HTTP method like "POST". in SYSTEMPATH\Router\RouteCollection.php on line 1029.
 1 SYSTEMPATH\Router\RouteCollection.php(1029): trigger_error('Passing lowercase HTTP method "post" is deprecated. Use uppercase HTTP method like "POST".', 16384)
 2 APPPATH\Config\Routes.php(14): CodeIgniter\Router\RouteCollection->match([...], 'user/login', 'User::login')
 3 SYSTEMPATH\Router\RouteCollection.php(339): require('C:\\xampp\\htdocs\\lab7web\\ci4\\app\\Config\\Routes.php')
 4 SYSTEMPATH\CodeIgniter.php(821): CodeIgniter\Router\RouteCollection->loadRoutes()
 5 SYSTEMPATH\CodeIgniter.php(455): CodeIgniter\CodeIgniter->tryToRouteIt(null)
 6 SYSTEMPATH\CodeIgniter.php(354): CodeIgniter\CodeIgniter->handleRequest(null, Object(Config\Cache), false)
 7 SYSTEMPATH\Boot.php(334): CodeIgniter\CodeIgniter->run()
 8 SYSTEMPATH\Boot.php(67): CodeIgniter\Boot::runCodeIgniter(Object(CodeIgniter\CodeIgniter))
 9 FCPATH\index.php(56): CodeIgniter\Boot::bootWeb(Object(Config\Paths))
DEBUG - 2025-06-01 22:47:13 --> Session: Class initialized using 'CodeIgniter\Session\Handlers\FileHandler' driver.
WARNING - 2025-06-01 22:56:42 --> [DEPRECATED] Passing lowercase HTTP method "get" is deprecated. Use uppercase HTTP method like "GET". in SYSTEMPATH\Router\RouteCollection.php on line 1029.
 1 SYSTEMPATH\Router\RouteCollection.php(1029): trigger_error('Passing lowercase HTTP method "get" is deprecated. Use uppercase HTTP method like "GET".', 16384)
 2 APPPATH\Config\Routes.php(14): CodeIgniter\Router\RouteCollection->match([...], 'user/login', 'User::login')
 3 SYSTEMPATH\Router\RouteCollection.php(339): require('C:\\xampp\\htdocs\\lab7web\\ci4\\app\\Config\\Routes.php')
 4 SYSTEMPATH\CodeIgniter.php(821): CodeIgniter\Router\RouteCollection->loadRoutes()
 5 SYSTEMPATH\CodeIgniter.php(455): CodeIgniter\CodeIgniter->tryToRouteIt(null)
 6 SYSTEMPATH\CodeIgniter.php(354): CodeIgniter\CodeIgniter->handleRequest(null, Object(Config\Cache), false)
 7 SYSTEMPATH\Boot.php(334): CodeIgniter\CodeIgniter->run()
 8 SYSTEMPATH\Boot.php(67): CodeIgniter\Boot::runCodeIgniter(Object(CodeIgniter\CodeIgniter))
 9 FCPATH\index.php(56): CodeIgniter\Boot::bootWeb(Object(Config\Paths))
WARNING - 2025-06-01 22:56:42 --> [DEPRECATED] Passing lowercase HTTP method "post" is deprecated. Use uppercase HTTP method like "POST". in SYSTEMPATH\Router\RouteCollection.php on line 1029.
 1 SYSTEMPATH\Router\RouteCollection.php(1029): trigger_error('Passing lowercase HTTP method "post" is deprecated. Use uppercase HTTP method like "POST".', 16384)
 2 APPPATH\Config\Routes.php(14): CodeIgniter\Router\RouteCollection->match([...], 'user/login', 'User::login')
 3 SYSTEMPATH\Router\RouteCollection.php(339): require('C:\\xampp\\htdocs\\lab7web\\ci4\\app\\Config\\Routes.php')
 4 SYSTEMPATH\CodeIgniter.php(821): CodeIgniter\Router\RouteCollection->loadRoutes()
 5 SYSTEMPATH\CodeIgniter.php(455): CodeIgniter\CodeIgniter->tryToRouteIt(null)
 6 SYSTEMPATH\CodeIgniter.php(354): CodeIgniter\CodeIgniter->handleRequest(null, Object(Config\Cache), false)
 7 SYSTEMPATH\Boot.php(334): CodeIgniter\CodeIgniter->run()
 8 SYSTEMPATH\Boot.php(67): CodeIgniter\Boot::runCodeIgniter(Object(CodeIgniter\CodeIgniter))
 9 FCPATH\index.php(56): CodeIgniter\Boot::bootWeb(Object(Config\Paths))
DEBUG - 2025-06-01 22:56:42 --> Session: Class initialized using 'CodeIgniter\Session\Handlers\FileHandler' driver.
ERROR - 2025-06-01 22:56:43 --> mysqli_sql_exception: Unknown column 'useremail' in 'where clause' in C:\xampp\htdocs\lab7web\ci4\system\Database\MySQLi\Connection.php:327
Stack trace:
#0 C:\xampp\htdocs\lab7web\ci4\system\Database\MySQLi\Connection.php(327): mysqli->query('SELECT *\nFROM `...', 0)
#1 C:\xampp\htdocs\lab7web\ci4\system\Database\BaseConnection.php(738): CodeIgniter\Database\MySQLi\Connection->execute('SELECT *\nFROM `...')
#2 C:\xampp\htdocs\lab7web\ci4\system\Database\BaseConnection.php(652): CodeIgniter\Database\BaseConnection->simpleQuery('SELECT *\nFROM `...')
#3 C:\xampp\htdocs\lab7web\ci4\system\Database\BaseBuilder.php(1649): CodeIgniter\Database\BaseConnection->query('SELECT *\nFROM `...', Array, false)
#4 C:\xampp\htdocs\lab7web\ci4\system\Model.php(330): CodeIgniter\Database\BaseBuilder->get()
#5 C:\xampp\htdocs\lab7web\ci4\system\BaseModel.php(713): CodeIgniter\Model->doFirst()
#6 C:\xampp\htdocs\lab7web\ci4\app\Controllers\User.php(24): CodeIgniter\BaseModel->first()
#7 C:\xampp\htdocs\lab7web\ci4\system\CodeIgniter.php(933): App\Controllers\User->login()
#8 C:\xampp\htdocs\lab7web\ci4\system\CodeIgniter.php(507): CodeIgniter\CodeIgniter->runController(Object(App\Controllers\User))
#9 C:\xampp\htdocs\lab7web\ci4\system\CodeIgniter.php(354): CodeIgniter\CodeIgniter->handleRequest(NULL, Object(Config\Cache), false)
#10 C:\xampp\htdocs\lab7web\ci4\system\Boot.php(334): CodeIgniter\CodeIgniter->run()
#11 C:\xampp\htdocs\lab7web\ci4\system\Boot.php(67): CodeIgniter\Boot::runCodeIgniter(Object(CodeIgniter\CodeIgniter))
#12 C:\xampp\htdocs\lab7web\ci4\public\index.php(56): CodeIgniter\Boot::bootWeb(Object(Config\Paths))
#13 {main}
CRITICAL - 2025-06-01 22:56:43 --> CodeIgniter\Database\Exceptions\DatabaseException: Unknown column 'useremail' in 'where clause'
[Method: POST, Route: user/login]
in SYSTEMPATH\Database\BaseConnection.php on line 692.
 1 SYSTEMPATH\Database\BaseBuilder.php(1649): CodeIgniter\Database\BaseConnection->query('SELECT *
FROM `user`
WHERE `useremail` = :useremail:
 LIMIT 1', [...], false)
 2 SYSTEMPATH\Model.php(330): CodeIgniter\Database\BaseBuilder->get()
 3 SYSTEMPATH\BaseModel.php(713): CodeIgniter\Model->doFirst()
 4 APPPATH\Controllers\User.php(24): CodeIgniter\BaseModel->first()
 5 SYSTEMPATH\CodeIgniter.php(933): App\Controllers\User->login()
 6 SYSTEMPATH\CodeIgniter.php(507): CodeIgniter\CodeIgniter->runController(Object(App\Controllers\User))
 7 SYSTEMPATH\CodeIgniter.php(354): CodeIgniter\CodeIgniter->handleRequest(null, Object(Config\Cache), false)
 8 SYSTEMPATH\Boot.php(334): CodeIgniter\CodeIgniter->run()
 9 SYSTEMPATH\Boot.php(67): CodeIgniter\Boot::runCodeIgniter(Object(CodeIgniter\CodeIgniter))
10 FCPATH\index.php(56): CodeIgniter\Boot::bootWeb(Object(Config\Paths))
CRITICAL - 2025-06-01 22:56:43 --> [Caused by] CodeIgniter\Database\Exceptions\DatabaseException: Unknown column 'useremail' in 'where clause'
in SYSTEMPATH\Database\MySQLi\Connection.php on line 332.
 1 SYSTEMPATH\Database\BaseConnection.php(738): CodeIgniter\Database\MySQLi\Connection->execute('SELECT *
FROM `user`
WHERE `useremail` = \'mirandasiagian198@gmail.com\'
 LIMIT 1')
 2 SYSTEMPATH\Database\BaseConnection.php(652): CodeIgniter\Database\BaseConnection->simpleQuery('SELECT *
FROM `user`
WHERE `useremail` = \'mirandasiagian198@gmail.com\'
 LIMIT 1')
 3 SYSTEMPATH\Database\BaseBuilder.php(1649): CodeIgniter\Database\BaseConnection->query('SELECT *
FROM `user`
WHERE `useremail` = :useremail:
 LIMIT 1', [...], false)
 4 SYSTEMPATH\Model.php(330): CodeIgniter\Database\BaseBuilder->get()
 5 SYSTEMPATH\BaseModel.php(713): CodeIgniter\Model->doFirst()
 6 APPPATH\Controllers\User.php(24): CodeIgniter\BaseModel->first()
 7 SYSTEMPATH\CodeIgniter.php(933): App\Controllers\User->login()
 8 SYSTEMPATH\CodeIgniter.php(507): CodeIgniter\CodeIgniter->runController(Object(App\Controllers\User))
 9 SYSTEMPATH\CodeIgniter.php(354): CodeIgniter\CodeIgniter->handleRequest(null, Object(Config\Cache), false)
10 SYSTEMPATH\Boot.php(334): CodeIgniter\CodeIgniter->run()
11 SYSTEMPATH\Boot.php(67): CodeIgniter\Boot::runCodeIgniter(Object(CodeIgniter\CodeIgniter))
12 FCPATH\index.php(56): CodeIgniter\Boot::bootWeb(Object(Config\Paths))
CRITICAL - 2025-06-01 22:56:43 --> [Caused by] mysqli_sql_exception: Unknown column 'useremail' in 'where clause'
in SYSTEMPATH\Database\MySQLi\Connection.php on line 327.
 1 SYSTEMPATH\Database\MySQLi\Connection.php(327): mysqli->query('SELECT *
FROM `user`
WHERE `useremail` = \'mirandasiagian198@gmail.com\'
 LIMIT 1', 0)
 2 SYSTEMPATH\Database\BaseConnection.php(738): CodeIgniter\Database\MySQLi\Connection->execute('SELECT *
FROM `user`
WHERE `useremail` = \'mirandasiagian198@gmail.com\'
 LIMIT 1')
 3 SYSTEMPATH\Database\BaseConnection.php(652): CodeIgniter\Database\BaseConnection->simpleQuery('SELECT *
FROM `user`
WHERE `useremail` = \'mirandasiagian198@gmail.com\'
 LIMIT 1')
 4 SYSTEMPATH\Database\BaseBuilder.php(1649): CodeIgniter\Database\BaseConnection->query('SELECT *
FROM `user`
WHERE `useremail` = :useremail:
 LIMIT 1', [...], false)
 5 SYSTEMPATH\Model.php(330): CodeIgniter\Database\BaseBuilder->get()
 6 SYSTEMPATH\BaseModel.php(713): CodeIgniter\Model->doFirst()
 7 APPPATH\Controllers\User.php(24): CodeIgniter\BaseModel->first()
 8 SYSTEMPATH\CodeIgniter.php(933): App\Controllers\User->login()
 9 SYSTEMPATH\CodeIgniter.php(507): CodeIgniter\CodeIgniter->runController(Object(App\Controllers\User))
10 SYSTEMPATH\CodeIgniter.php(354): CodeIgniter\CodeIgniter->handleRequest(null, Object(Config\Cache), false)
11 SYSTEMPATH\Boot.php(334): CodeIgniter\CodeIgniter->run()
12 SYSTEMPATH\Boot.php(67): CodeIgniter\Boot::runCodeIgniter(Object(CodeIgniter\CodeIgniter))
13 FCPATH\index.php(56): CodeIgniter\Boot::bootWeb(Object(Config\Paths))
WARNING - 2025-06-01 22:56:48 --> [DEPRECATED] Passing lowercase HTTP method "get" is deprecated. Use uppercase HTTP method like "GET". in SYSTEMPATH\Router\RouteCollection.php on line 1029.
 1 SYSTEMPATH\Router\RouteCollection.php(1029): trigger_error('Passing lowercase HTTP method "get" is deprecated. Use uppercase HTTP method like "GET".', 16384)
 2 APPPATH\Config\Routes.php(14): CodeIgniter\Router\RouteCollection->match([...], 'user/login', 'User::login')
 3 SYSTEMPATH\Router\RouteCollection.php(339): require('C:\\xampp\\htdocs\\lab7web\\ci4\\app\\Config\\Routes.php')
 4 SYSTEMPATH\CodeIgniter.php(821): CodeIgniter\Router\RouteCollection->loadRoutes()
 5 SYSTEMPATH\CodeIgniter.php(455): CodeIgniter\CodeIgniter->tryToRouteIt(null)
 6 SYSTEMPATH\CodeIgniter.php(354): CodeIgniter\CodeIgniter->handleRequest(null, Object(Config\Cache), false)
 7 SYSTEMPATH\Boot.php(334): CodeIgniter\CodeIgniter->run()
 8 SYSTEMPATH\Boot.php(67): CodeIgniter\Boot::runCodeIgniter(Object(CodeIgniter\CodeIgniter))
 9 FCPATH\index.php(56): CodeIgniter\Boot::bootWeb(Object(Config\Paths))
WARNING - 2025-06-01 22:56:48 --> [DEPRECATED] Passing lowercase HTTP method "post" is deprecated. Use uppercase HTTP method like "POST". in SYSTEMPATH\Router\RouteCollection.php on line 1029.
 1 SYSTEMPATH\Router\RouteCollection.php(1029): trigger_error('Passing lowercase HTTP method "post" is deprecated. Use uppercase HTTP method like "POST".', 16384)
 2 APPPATH\Config\Routes.php(14): CodeIgniter\Router\RouteCollection->match([...], 'user/login', 'User::login')
 3 SYSTEMPATH\Router\RouteCollection.php(339): require('C:\\xampp\\htdocs\\lab7web\\ci4\\app\\Config\\Routes.php')
 4 SYSTEMPATH\CodeIgniter.php(821): CodeIgniter\Router\RouteCollection->loadRoutes()
 5 SYSTEMPATH\CodeIgniter.php(455): CodeIgniter\CodeIgniter->tryToRouteIt(null)
 6 SYSTEMPATH\CodeIgniter.php(354): CodeIgniter\CodeIgniter->handleRequest(null, Object(Config\Cache), false)
 7 SYSTEMPATH\Boot.php(334): CodeIgniter\CodeIgniter->run()
 8 SYSTEMPATH\Boot.php(67): CodeIgniter\Boot::runCodeIgniter(Object(CodeIgniter\CodeIgniter))
 9 FCPATH\index.php(56): CodeIgniter\Boot::bootWeb(Object(Config\Paths))
DEBUG - 2025-06-01 22:56:48 --> Session: Class initialized using 'CodeIgniter\Session\Handlers\FileHandler' driver.
ERROR - 2025-06-01 22:56:48 --> mysqli_sql_exception: Unknown column 'useremail' in 'where clause' in C:\xampp\htdocs\lab7web\ci4\system\Database\MySQLi\Connection.php:327
Stack trace:
#0 C:\xampp\htdocs\lab7web\ci4\system\Database\MySQLi\Connection.php(327): mysqli->query('SELECT *\nFROM `...', 0)
#1 C:\xampp\htdocs\lab7web\ci4\system\Database\BaseConnection.php(738): CodeIgniter\Database\MySQLi\Connection->execute('SELECT *\nFROM `...')
#2 C:\xampp\htdocs\lab7web\ci4\system\Database\BaseConnection.php(652): CodeIgniter\Database\BaseConnection->simpleQuery('SELECT *\nFROM `...')
#3 C:\xampp\htdocs\lab7web\ci4\system\Database\BaseBuilder.php(1649): CodeIgniter\Database\BaseConnection->query('SELECT *\nFROM `...', Array, false)
#4 C:\xampp\htdocs\lab7web\ci4\system\Model.php(330): CodeIgniter\Database\BaseBuilder->get()
#5 C:\xampp\htdocs\lab7web\ci4\system\BaseModel.php(713): CodeIgniter\Model->doFirst()
#6 C:\xampp\htdocs\lab7web\ci4\app\Controllers\User.php(24): CodeIgniter\BaseModel->first()
#7 C:\xampp\htdocs\lab7web\ci4\system\CodeIgniter.php(933): App\Controllers\User->login()
#8 C:\xampp\htdocs\lab7web\ci4\system\CodeIgniter.php(507): CodeIgniter\CodeIgniter->runController(Object(App\Controllers\User))
#9 C:\xampp\htdocs\lab7web\ci4\system\CodeIgniter.php(354): CodeIgniter\CodeIgniter->handleRequest(NULL, Object(Config\Cache), false)
#10 C:\xampp\htdocs\lab7web\ci4\system\Boot.php(334): CodeIgniter\CodeIgniter->run()
#11 C:\xampp\htdocs\lab7web\ci4\system\Boot.php(67): CodeIgniter\Boot::runCodeIgniter(Object(CodeIgniter\CodeIgniter))
#12 C:\xampp\htdocs\lab7web\ci4\public\index.php(56): CodeIgniter\Boot::bootWeb(Object(Config\Paths))
#13 {main}
CRITICAL - 2025-06-01 22:56:48 --> CodeIgniter\Database\Exceptions\DatabaseException: Unknown column 'useremail' in 'where clause'
[Method: POST, Route: user/login]
in SYSTEMPATH\Database\BaseConnection.php on line 692.
 1 SYSTEMPATH\Database\BaseBuilder.php(1649): CodeIgniter\Database\BaseConnection->query('SELECT *
FROM `user`
WHERE `useremail` = :useremail:
 LIMIT 1', [...], false)
 2 SYSTEMPATH\Model.php(330): CodeIgniter\Database\BaseBuilder->get()
 3 SYSTEMPATH\BaseModel.php(713): CodeIgniter\Model->doFirst()
 4 APPPATH\Controllers\User.php(24): CodeIgniter\BaseModel->first()
 5 SYSTEMPATH\CodeIgniter.php(933): App\Controllers\User->login()
 6 SYSTEMPATH\CodeIgniter.php(507): CodeIgniter\CodeIgniter->runController(Object(App\Controllers\User))
 7 SYSTEMPATH\CodeIgniter.php(354): CodeIgniter\CodeIgniter->handleRequest(null, Object(Config\Cache), false)
 8 SYSTEMPATH\Boot.php(334): CodeIgniter\CodeIgniter->run()
 9 SYSTEMPATH\Boot.php(67): CodeIgniter\Boot::runCodeIgniter(Object(CodeIgniter\CodeIgniter))
10 FCPATH\index.php(56): CodeIgniter\Boot::bootWeb(Object(Config\Paths))
CRITICAL - 2025-06-01 22:56:48 --> [Caused by] CodeIgniter\Database\Exceptions\DatabaseException: Unknown column 'useremail' in 'where clause'
in SYSTEMPATH\Database\MySQLi\Connection.php on line 332.
 1 SYSTEMPATH\Database\BaseConnection.php(738): CodeIgniter\Database\MySQLi\Connection->execute('SELECT *
FROM `user`
WHERE `useremail` = \'mirandasiagian198@gmail.com\'
 LIMIT 1')
 2 SYSTEMPATH\Database\BaseConnection.php(652): CodeIgniter\Database\BaseConnection->simpleQuery('SELECT *
FROM `user`
WHERE `useremail` = \'mirandasiagian198@gmail.com\'
 LIMIT 1')
 3 SYSTEMPATH\Database\BaseBuilder.php(1649): CodeIgniter\Database\BaseConnection->query('SELECT *
FROM `user`
WHERE `useremail` = :useremail:
 LIMIT 1', [...], false)
 4 SYSTEMPATH\Model.php(330): CodeIgniter\Database\BaseBuilder->get()
 5 SYSTEMPATH\BaseModel.php(713): CodeIgniter\Model->doFirst()
 6 APPPATH\Controllers\User.php(24): CodeIgniter\BaseModel->first()
 7 SYSTEMPATH\CodeIgniter.php(933): App\Controllers\User->login()
 8 SYSTEMPATH\CodeIgniter.php(507): CodeIgniter\CodeIgniter->runController(Object(App\Controllers\User))
 9 SYSTEMPATH\CodeIgniter.php(354): CodeIgniter\CodeIgniter->handleRequest(null, Object(Config\Cache), false)
10 SYSTEMPATH\Boot.php(334): CodeIgniter\CodeIgniter->run()
11 SYSTEMPATH\Boot.php(67): CodeIgniter\Boot::runCodeIgniter(Object(CodeIgniter\CodeIgniter))
12 FCPATH\index.php(56): CodeIgniter\Boot::bootWeb(Object(Config\Paths))
CRITICAL - 2025-06-01 22:56:48 --> [Caused by] mysqli_sql_exception: Unknown column 'useremail' in 'where clause'
in SYSTEMPATH\Database\MySQLi\Connection.php on line 327.
 1 SYSTEMPATH\Database\MySQLi\Connection.php(327): mysqli->query('SELECT *
FROM `user`
WHERE `useremail` = \'mirandasiagian198@gmail.com\'
 LIMIT 1', 0)
 2 SYSTEMPATH\Database\BaseConnection.php(738): CodeIgniter\Database\MySQLi\Connection->execute('SELECT *
FROM `user`
WHERE `useremail` = \'mirandasiagian198@gmail.com\'
 LIMIT 1')
 3 SYSTEMPATH\Database\BaseConnection.php(652): CodeIgniter\Database\BaseConnection->simpleQuery('SELECT *
FROM `user`
WHERE `useremail` = \'mirandasiagian198@gmail.com\'
 LIMIT 1')
 4 SYSTEMPATH\Database\BaseBuilder.php(1649): CodeIgniter\Database\BaseConnection->query('SELECT *
FROM `user`
WHERE `useremail` = :useremail:
 LIMIT 1', [...], false)
 5 SYSTEMPATH\Model.php(330): CodeIgniter\Database\BaseBuilder->get()
 6 SYSTEMPATH\BaseModel.php(713): CodeIgniter\Model->doFirst()
 7 APPPATH\Controllers\User.php(24): CodeIgniter\BaseModel->first()
 8 SYSTEMPATH\CodeIgniter.php(933): App\Controllers\User->login()
 9 SYSTEMPATH\CodeIgniter.php(507): CodeIgniter\CodeIgniter->runController(Object(App\Controllers\User))
10 SYSTEMPATH\CodeIgniter.php(354): CodeIgniter\CodeIgniter->handleRequest(null, Object(Config\Cache), false)
11 SYSTEMPATH\Boot.php(334): CodeIgniter\CodeIgniter->run()
12 SYSTEMPATH\Boot.php(67): CodeIgniter\Boot::runCodeIgniter(Object(CodeIgniter\CodeIgniter))
13 FCPATH\index.php(56): CodeIgniter\Boot::bootWeb(Object(Config\Paths))
WARNING - 2025-06-01 22:56:53 --> [DEPRECATED] Passing lowercase HTTP method "get" is deprecated. Use uppercase HTTP method like "GET". in SYSTEMPATH\Router\RouteCollection.php on line 1029.
 1 SYSTEMPATH\Router\RouteCollection.php(1029): trigger_error('Passing lowercase HTTP method "get" is deprecated. Use uppercase HTTP method like "GET".', 16384)
 2 APPPATH\Config\Routes.php(14): CodeIgniter\Router\RouteCollection->match([...], 'user/login', 'User::login')
 3 SYSTEMPATH\Router\RouteCollection.php(339): require('C:\\xampp\\htdocs\\lab7web\\ci4\\app\\Config\\Routes.php')
 4 SYSTEMPATH\CodeIgniter.php(821): CodeIgniter\Router\RouteCollection->loadRoutes()
 5 SYSTEMPATH\CodeIgniter.php(455): CodeIgniter\CodeIgniter->tryToRouteIt(null)
 6 SYSTEMPATH\CodeIgniter.php(354): CodeIgniter\CodeIgniter->handleRequest(null, Object(Config\Cache), false)
 7 SYSTEMPATH\Boot.php(334): CodeIgniter\CodeIgniter->run()
 8 SYSTEMPATH\Boot.php(67): CodeIgniter\Boot::runCodeIgniter(Object(CodeIgniter\CodeIgniter))
 9 FCPATH\index.php(56): CodeIgniter\Boot::bootWeb(Object(Config\Paths))
WARNING - 2025-06-01 22:56:53 --> [DEPRECATED] Passing lowercase HTTP method "post" is deprecated. Use uppercase HTTP method like "POST". in SYSTEMPATH\Router\RouteCollection.php on line 1029.
 1 SYSTEMPATH\Router\RouteCollection.php(1029): trigger_error('Passing lowercase HTTP method "post" is deprecated. Use uppercase HTTP method like "POST".', 16384)
 2 APPPATH\Config\Routes.php(14): CodeIgniter\Router\RouteCollection->match([...], 'user/login', 'User::login')
 3 SYSTEMPATH\Router\RouteCollection.php(339): require('C:\\xampp\\htdocs\\lab7web\\ci4\\app\\Config\\Routes.php')
 4 SYSTEMPATH\CodeIgniter.php(821): CodeIgniter\Router\RouteCollection->loadRoutes()
 5 SYSTEMPATH\CodeIgniter.php(455): CodeIgniter\CodeIgniter->tryToRouteIt(null)
 6 SYSTEMPATH\CodeIgniter.php(354): CodeIgniter\CodeIgniter->handleRequest(null, Object(Config\Cache), false)
 7 SYSTEMPATH\Boot.php(334): CodeIgniter\CodeIgniter->run()
 8 SYSTEMPATH\Boot.php(67): CodeIgniter\Boot::runCodeIgniter(Object(CodeIgniter\CodeIgniter))
 9 FCPATH\index.php(56): CodeIgniter\Boot::bootWeb(Object(Config\Paths))
DEBUG - 2025-06-01 22:56:53 --> Session: Class initialized using 'CodeIgniter\Session\Handlers\FileHandler' driver.
ERROR - 2025-06-01 22:56:53 --> mysqli_sql_exception: Unknown column 'useremail' in 'where clause' in C:\xampp\htdocs\lab7web\ci4\system\Database\MySQLi\Connection.php:327
Stack trace:
#0 C:\xampp\htdocs\lab7web\ci4\system\Database\MySQLi\Connection.php(327): mysqli->query('SELECT *\nFROM `...', 0)
#1 C:\xampp\htdocs\lab7web\ci4\system\Database\BaseConnection.php(738): CodeIgniter\Database\MySQLi\Connection->execute('SELECT *\nFROM `...')
#2 C:\xampp\htdocs\lab7web\ci4\system\Database\BaseConnection.php(652): CodeIgniter\Database\BaseConnection->simpleQuery('SELECT *\nFROM `...')
#3 C:\xampp\htdocs\lab7web\ci4\system\Database\BaseBuilder.php(1649): CodeIgniter\Database\BaseConnection->query('SELECT *\nFROM `...', Array, false)
#4 C:\xampp\htdocs\lab7web\ci4\system\Model.php(330): CodeIgniter\Database\BaseBuilder->get()
#5 C:\xampp\htdocs\lab7web\ci4\system\BaseModel.php(713): CodeIgniter\Model->doFirst()
#6 C:\xampp\htdocs\lab7web\ci4\app\Controllers\User.php(24): CodeIgniter\BaseModel->first()
#7 C:\xampp\htdocs\lab7web\ci4\system\CodeIgniter.php(933): App\Controllers\User->login()
#8 C:\xampp\htdocs\lab7web\ci4\system\CodeIgniter.php(507): CodeIgniter\CodeIgniter->runController(Object(App\Controllers\User))
#9 C:\xampp\htdocs\lab7web\ci4\system\CodeIgniter.php(354): CodeIgniter\CodeIgniter->handleRequest(NULL, Object(Config\Cache), false)
#10 C:\xampp\htdocs\lab7web\ci4\system\Boot.php(334): CodeIgniter\CodeIgniter->run()
#11 C:\xampp\htdocs\lab7web\ci4\system\Boot.php(67): CodeIgniter\Boot::runCodeIgniter(Object(CodeIgniter\CodeIgniter))
#12 C:\xampp\htdocs\lab7web\ci4\public\index.php(56): CodeIgniter\Boot::bootWeb(Object(Config\Paths))
#13 {main}
CRITICAL - 2025-06-01 22:56:53 --> CodeIgniter\Database\Exceptions\DatabaseException: Unknown column 'useremail' in 'where clause'
[Method: POST, Route: user/login]
in SYSTEMPATH\Database\BaseConnection.php on line 692.
 1 SYSTEMPATH\Database\BaseBuilder.php(1649): CodeIgniter\Database\BaseConnection->query('SELECT *
FROM `user`
WHERE `useremail` = :useremail:
 LIMIT 1', [...], false)
 2 SYSTEMPATH\Model.php(330): CodeIgniter\Database\BaseBuilder->get()
 3 SYSTEMPATH\BaseModel.php(713): CodeIgniter\Model->doFirst()
 4 APPPATH\Controllers\User.php(24): CodeIgniter\BaseModel->first()
 5 SYSTEMPATH\CodeIgniter.php(933): App\Controllers\User->login()
 6 SYSTEMPATH\CodeIgniter.php(507): CodeIgniter\CodeIgniter->runController(Object(App\Controllers\User))
 7 SYSTEMPATH\CodeIgniter.php(354): CodeIgniter\CodeIgniter->handleRequest(null, Object(Config\Cache), false)
 8 SYSTEMPATH\Boot.php(334): CodeIgniter\CodeIgniter->run()
 9 SYSTEMPATH\Boot.php(67): CodeIgniter\Boot::runCodeIgniter(Object(CodeIgniter\CodeIgniter))
10 FCPATH\index.php(56): CodeIgniter\Boot::bootWeb(Object(Config\Paths))
CRITICAL - 2025-06-01 22:56:53 --> [Caused by] CodeIgniter\Database\Exceptions\DatabaseException: Unknown column 'useremail' in 'where clause'
in SYSTEMPATH\Database\MySQLi\Connection.php on line 332.
 1 SYSTEMPATH\Database\BaseConnection.php(738): CodeIgniter\Database\MySQLi\Connection->execute('SELECT *
FROM `user`
WHERE `useremail` = \'mirandasiagian198@gmail.com\'
 LIMIT 1')
 2 SYSTEMPATH\Database\BaseConnection.php(652): CodeIgniter\Database\BaseConnection->simpleQuery('SELECT *
FROM `user`
WHERE `useremail` = \'mirandasiagian198@gmail.com\'
 LIMIT 1')
 3 SYSTEMPATH\Database\BaseBuilder.php(1649): CodeIgniter\Database\BaseConnection->query('SELECT *
FROM `user`
WHERE `useremail` = :useremail:
 LIMIT 1', [...], false)
 4 SYSTEMPATH\Model.php(330): CodeIgniter\Database\BaseBuilder->get()
 5 SYSTEMPATH\BaseModel.php(713): CodeIgniter\Model->doFirst()
 6 APPPATH\Controllers\User.php(24): CodeIgniter\BaseModel->first()
 7 SYSTEMPATH\CodeIgniter.php(933): App\Controllers\User->login()
 8 SYSTEMPATH\CodeIgniter.php(507): CodeIgniter\CodeIgniter->runController(Object(App\Controllers\User))
 9 SYSTEMPATH\CodeIgniter.php(354): CodeIgniter\CodeIgniter->handleRequest(null, Object(Config\Cache), false)
10 SYSTEMPATH\Boot.php(334): CodeIgniter\CodeIgniter->run()
11 SYSTEMPATH\Boot.php(67): CodeIgniter\Boot::runCodeIgniter(Object(CodeIgniter\CodeIgniter))
12 FCPATH\index.php(56): CodeIgniter\Boot::bootWeb(Object(Config\Paths))
CRITICAL - 2025-06-01 22:56:53 --> [Caused by] mysqli_sql_exception: Unknown column 'useremail' in 'where clause'
in SYSTEMPATH\Database\MySQLi\Connection.php on line 327.
 1 SYSTEMPATH\Database\MySQLi\Connection.php(327): mysqli->query('SELECT *
FROM `user`
WHERE `useremail` = \'mirandasiagian198@gmail.com\'
 LIMIT 1', 0)
 2 SYSTEMPATH\Database\BaseConnection.php(738): CodeIgniter\Database\MySQLi\Connection->execute('SELECT *
FROM `user`
WHERE `useremail` = \'mirandasiagian198@gmail.com\'
 LIMIT 1')
 3 SYSTEMPATH\Database\BaseConnection.php(652): CodeIgniter\Database\BaseConnection->simpleQuery('SELECT *
FROM `user`
WHERE `useremail` = \'mirandasiagian198@gmail.com\'
 LIMIT 1')
 4 SYSTEMPATH\Database\BaseBuilder.php(1649): CodeIgniter\Database\BaseConnection->query('SELECT *
FROM `user`
WHERE `useremail` = :useremail:
 LIMIT 1', [...], false)
 5 SYSTEMPATH\Model.php(330): CodeIgniter\Database\BaseBuilder->get()
 6 SYSTEMPATH\BaseModel.php(713): CodeIgniter\Model->doFirst()
 7 APPPATH\Controllers\User.php(24): CodeIgniter\BaseModel->first()
 8 SYSTEMPATH\CodeIgniter.php(933): App\Controllers\User->login()
 9 SYSTEMPATH\CodeIgniter.php(507): CodeIgniter\CodeIgniter->runController(Object(App\Controllers\User))
10 SYSTEMPATH\CodeIgniter.php(354): CodeIgniter\CodeIgniter->handleRequest(null, Object(Config\Cache), false)
11 SYSTEMPATH\Boot.php(334): CodeIgniter\CodeIgniter->run()
12 SYSTEMPATH\Boot.php(67): CodeIgniter\Boot::runCodeIgniter(Object(CodeIgniter\CodeIgniter))
13 FCPATH\index.php(56): CodeIgniter\Boot::bootWeb(Object(Config\Paths))
WARNING - 2025-06-01 22:59:03 --> [DEPRECATED] Passing lowercase HTTP method "get" is deprecated. Use uppercase HTTP method like "GET". in SYSTEMPATH\Router\RouteCollection.php on line 1029.
 1 SYSTEMPATH\Router\RouteCollection.php(1029): trigger_error('Passing lowercase HTTP method "get" is deprecated. Use uppercase HTTP method like "GET".', 16384)
 2 APPPATH\Config\Routes.php(14): CodeIgniter\Router\RouteCollection->match([...], 'user/login', 'User::login')
 3 SYSTEMPATH\Router\RouteCollection.php(339): require('C:\\xampp\\htdocs\\lab7web\\ci4\\app\\Config\\Routes.php')
 4 SYSTEMPATH\CodeIgniter.php(821): CodeIgniter\Router\RouteCollection->loadRoutes()
 5 SYSTEMPATH\CodeIgniter.php(455): CodeIgniter\CodeIgniter->tryToRouteIt(null)
 6 SYSTEMPATH\CodeIgniter.php(354): CodeIgniter\CodeIgniter->handleRequest(null, Object(Config\Cache), false)
 7 SYSTEMPATH\Boot.php(334): CodeIgniter\CodeIgniter->run()
 8 SYSTEMPATH\Boot.php(67): CodeIgniter\Boot::runCodeIgniter(Object(CodeIgniter\CodeIgniter))
 9 FCPATH\index.php(56): CodeIgniter\Boot::bootWeb(Object(Config\Paths))
WARNING - 2025-06-01 22:59:03 --> [DEPRECATED] Passing lowercase HTTP method "post" is deprecated. Use uppercase HTTP method like "POST". in SYSTEMPATH\Router\RouteCollection.php on line 1029.
 1 SYSTEMPATH\Router\RouteCollection.php(1029): trigger_error('Passing lowercase HTTP method "post" is deprecated. Use uppercase HTTP method like "POST".', 16384)
 2 APPPATH\Config\Routes.php(14): CodeIgniter\Router\RouteCollection->match([...], 'user/login', 'User::login')
 3 SYSTEMPATH\Router\RouteCollection.php(339): require('C:\\xampp\\htdocs\\lab7web\\ci4\\app\\Config\\Routes.php')
 4 SYSTEMPATH\CodeIgniter.php(821): CodeIgniter\Router\RouteCollection->loadRoutes()
 5 SYSTEMPATH\CodeIgniter.php(455): CodeIgniter\CodeIgniter->tryToRouteIt(null)
 6 SYSTEMPATH\CodeIgniter.php(354): CodeIgniter\CodeIgniter->handleRequest(null, Object(Config\Cache), false)
 7 SYSTEMPATH\Boot.php(334): CodeIgniter\CodeIgniter->run()
 8 SYSTEMPATH\Boot.php(67): CodeIgniter\Boot::runCodeIgniter(Object(CodeIgniter\CodeIgniter))
 9 FCPATH\index.php(56): CodeIgniter\Boot::bootWeb(Object(Config\Paths))
DEBUG - 2025-06-01 22:59:03 --> Session: Class initialized using 'CodeIgniter\Session\Handlers\FileHandler' driver.
WARNING - 2025-06-01 22:59:04 --> [DEPRECATED] Passing lowercase HTTP method "get" is deprecated. Use uppercase HTTP method like "GET". in SYSTEMPATH\Router\RouteCollection.php on line 1029.
 1 SYSTEMPATH\Router\RouteCollection.php(1029): trigger_error('Passing lowercase HTTP method "get" is deprecated. Use uppercase HTTP method like "GET".', 16384)
 2 APPPATH\Config\Routes.php(14): CodeIgniter\Router\RouteCollection->match([...], 'user/login', 'User::login')
 3 SYSTEMPATH\Router\RouteCollection.php(339): require('C:\\xampp\\htdocs\\lab7web\\ci4\\app\\Config\\Routes.php')
 4 SYSTEMPATH\CodeIgniter.php(821): CodeIgniter\Router\RouteCollection->loadRoutes()
 5 SYSTEMPATH\CodeIgniter.php(455): CodeIgniter\CodeIgniter->tryToRouteIt(null)
 6 SYSTEMPATH\CodeIgniter.php(354): CodeIgniter\CodeIgniter->handleRequest(null, Object(Config\Cache), false)
 7 SYSTEMPATH\Boot.php(334): CodeIgniter\CodeIgniter->run()
 8 SYSTEMPATH\Boot.php(67): CodeIgniter\Boot::runCodeIgniter(Object(CodeIgniter\CodeIgniter))
 9 FCPATH\index.php(56): CodeIgniter\Boot::bootWeb(Object(Config\Paths))
WARNING - 2025-06-01 22:59:04 --> [DEPRECATED] Passing lowercase HTTP method "post" is deprecated. Use uppercase HTTP method like "POST". in SYSTEMPATH\Router\RouteCollection.php on line 1029.
 1 SYSTEMPATH\Router\RouteCollection.php(1029): trigger_error('Passing lowercase HTTP method "post" is deprecated. Use uppercase HTTP method like "POST".', 16384)
 2 APPPATH\Config\Routes.php(14): CodeIgniter\Router\RouteCollection->match([...], 'user/login', 'User::login')
 3 SYSTEMPATH\Router\RouteCollection.php(339): require('C:\\xampp\\htdocs\\lab7web\\ci4\\app\\Config\\Routes.php')
 4 SYSTEMPATH\CodeIgniter.php(821): CodeIgniter\Router\RouteCollection->loadRoutes()
 5 SYSTEMPATH\CodeIgniter.php(455): CodeIgniter\CodeIgniter->tryToRouteIt(null)
 6 SYSTEMPATH\CodeIgniter.php(354): CodeIgniter\CodeIgniter->handleRequest(null, Object(Config\Cache), false)
 7 SYSTEMPATH\Boot.php(334): CodeIgniter\CodeIgniter->run()
 8 SYSTEMPATH\Boot.php(67): CodeIgniter\Boot::runCodeIgniter(Object(CodeIgniter\CodeIgniter))
 9 FCPATH\index.php(56): CodeIgniter\Boot::bootWeb(Object(Config\Paths))
DEBUG - 2025-06-01 22:59:04 --> Session: Class initialized using 'CodeIgniter\Session\Handlers\FileHandler' driver.
WARNING - 2025-06-01 22:59:14 --> [DEPRECATED] Passing lowercase HTTP method "get" is deprecated. Use uppercase HTTP method like "GET". in SYSTEMPATH\Router\RouteCollection.php on line 1029.
 1 SYSTEMPATH\Router\RouteCollection.php(1029): trigger_error('Passing lowercase HTTP method "get" is deprecated. Use uppercase HTTP method like "GET".', 16384)
 2 APPPATH\Config\Routes.php(14): CodeIgniter\Router\RouteCollection->match([...], 'user/login', 'User::login')
 3 SYSTEMPATH\Router\RouteCollection.php(339): require('C:\\xampp\\htdocs\\lab7web\\ci4\\app\\Config\\Routes.php')
 4 SYSTEMPATH\CodeIgniter.php(821): CodeIgniter\Router\RouteCollection->loadRoutes()
 5 SYSTEMPATH\CodeIgniter.php(455): CodeIgniter\CodeIgniter->tryToRouteIt(null)
 6 SYSTEMPATH\CodeIgniter.php(354): CodeIgniter\CodeIgniter->handleRequest(null, Object(Config\Cache), false)
 7 SYSTEMPATH\Boot.php(334): CodeIgniter\CodeIgniter->run()
 8 SYSTEMPATH\Boot.php(67): CodeIgniter\Boot::runCodeIgniter(Object(CodeIgniter\CodeIgniter))
 9 FCPATH\index.php(56): CodeIgniter\Boot::bootWeb(Object(Config\Paths))
WARNING - 2025-06-01 22:59:14 --> [DEPRECATED] Passing lowercase HTTP method "post" is deprecated. Use uppercase HTTP method like "POST". in SYSTEMPATH\Router\RouteCollection.php on line 1029.
 1 SYSTEMPATH\Router\RouteCollection.php(1029): trigger_error('Passing lowercase HTTP method "post" is deprecated. Use uppercase HTTP method like "POST".', 16384)
 2 APPPATH\Config\Routes.php(14): CodeIgniter\Router\RouteCollection->match([...], 'user/login', 'User::login')
 3 SYSTEMPATH\Router\RouteCollection.php(339): require('C:\\xampp\\htdocs\\lab7web\\ci4\\app\\Config\\Routes.php')
 4 SYSTEMPATH\CodeIgniter.php(821): CodeIgniter\Router\RouteCollection->loadRoutes()
 5 SYSTEMPATH\CodeIgniter.php(455): CodeIgniter\CodeIgniter->tryToRouteIt(null)
 6 SYSTEMPATH\CodeIgniter.php(354): CodeIgniter\CodeIgniter->handleRequest(null, Object(Config\Cache), false)
 7 SYSTEMPATH\Boot.php(334): CodeIgniter\CodeIgniter->run()
 8 SYSTEMPATH\Boot.php(67): CodeIgniter\Boot::runCodeIgniter(Object(CodeIgniter\CodeIgniter))
 9 FCPATH\index.php(56): CodeIgniter\Boot::bootWeb(Object(Config\Paths))
DEBUG - 2025-06-01 22:59:15 --> Session: Class initialized using 'CodeIgniter\Session\Handlers\FileHandler' driver.
WARNING - 2025-06-01 22:59:15 --> [DEPRECATED] Passing lowercase HTTP method "get" is deprecated. Use uppercase HTTP method like "GET". in SYSTEMPATH\Router\RouteCollection.php on line 1029.
 1 SYSTEMPATH\Router\RouteCollection.php(1029): trigger_error('Passing lowercase HTTP method "get" is deprecated. Use uppercase HTTP method like "GET".', 16384)
 2 APPPATH\Config\Routes.php(14): CodeIgniter\Router\RouteCollection->match([...], 'user/login', 'User::login')
 3 SYSTEMPATH\Router\RouteCollection.php(339): require('C:\\xampp\\htdocs\\lab7web\\ci4\\app\\Config\\Routes.php')
 4 SYSTEMPATH\CodeIgniter.php(821): CodeIgniter\Router\RouteCollection->loadRoutes()
 5 SYSTEMPATH\CodeIgniter.php(455): CodeIgniter\CodeIgniter->tryToRouteIt(null)
 6 SYSTEMPATH\CodeIgniter.php(354): CodeIgniter\CodeIgniter->handleRequest(null, Object(Config\Cache), false)
 7 SYSTEMPATH\Boot.php(334): CodeIgniter\CodeIgniter->run()
 8 SYSTEMPATH\Boot.php(67): CodeIgniter\Boot::runCodeIgniter(Object(CodeIgniter\CodeIgniter))
 9 FCPATH\index.php(56): CodeIgniter\Boot::bootWeb(Object(Config\Paths))
WARNING - 2025-06-01 22:59:15 --> [DEPRECATED] Passing lowercase HTTP method "post" is deprecated. Use uppercase HTTP method like "POST". in SYSTEMPATH\Router\RouteCollection.php on line 1029.
 1 SYSTEMPATH\Router\RouteCollection.php(1029): trigger_error('Passing lowercase HTTP method "post" is deprecated. Use uppercase HTTP method like "POST".', 16384)
 2 APPPATH\Config\Routes.php(14): CodeIgniter\Router\RouteCollection->match([...], 'user/login', 'User::login')
 3 SYSTEMPATH\Router\RouteCollection.php(339): require('C:\\xampp\\htdocs\\lab7web\\ci4\\app\\Config\\Routes.php')
 4 SYSTEMPATH\CodeIgniter.php(821): CodeIgniter\Router\RouteCollection->loadRoutes()
 5 SYSTEMPATH\CodeIgniter.php(455): CodeIgniter\CodeIgniter->tryToRouteIt(null)
 6 SYSTEMPATH\CodeIgniter.php(354): CodeIgniter\CodeIgniter->handleRequest(null, Object(Config\Cache), false)
 7 SYSTEMPATH\Boot.php(334): CodeIgniter\CodeIgniter->run()
 8 SYSTEMPATH\Boot.php(67): CodeIgniter\Boot::runCodeIgniter(Object(CodeIgniter\CodeIgniter))
 9 FCPATH\index.php(56): CodeIgniter\Boot::bootWeb(Object(Config\Paths))
DEBUG - 2025-06-01 22:59:15 --> Session: Class initialized using 'CodeIgniter\Session\Handlers\FileHandler' driver.
WARNING - 2025-06-01 22:59:17 --> [DEPRECATED] Passing lowercase HTTP method "get" is deprecated. Use uppercase HTTP method like "GET". in SYSTEMPATH\Router\RouteCollection.php on line 1029.
 1 SYSTEMPATH\Router\RouteCollection.php(1029): trigger_error('Passing lowercase HTTP method "get" is deprecated. Use uppercase HTTP method like "GET".', 16384)
 2 APPPATH\Config\Routes.php(14): CodeIgniter\Router\RouteCollection->match([...], 'user/login', 'User::login')
 3 SYSTEMPATH\Router\RouteCollection.php(339): require('C:\\xampp\\htdocs\\lab7web\\ci4\\app\\Config\\Routes.php')
 4 SYSTEMPATH\CodeIgniter.php(821): CodeIgniter\Router\RouteCollection->loadRoutes()
 5 SYSTEMPATH\CodeIgniter.php(455): CodeIgniter\CodeIgniter->tryToRouteIt(null)
 6 SYSTEMPATH\CodeIgniter.php(354): CodeIgniter\CodeIgniter->handleRequest(null, Object(Config\Cache), false)
 7 SYSTEMPATH\Boot.php(334): CodeIgniter\CodeIgniter->run()
 8 SYSTEMPATH\Boot.php(67): CodeIgniter\Boot::runCodeIgniter(Object(CodeIgniter\CodeIgniter))
 9 FCPATH\index.php(56): CodeIgniter\Boot::bootWeb(Object(Config\Paths))
WARNING - 2025-06-01 22:59:17 --> [DEPRECATED] Passing lowercase HTTP method "post" is deprecated. Use uppercase HTTP method like "POST". in SYSTEMPATH\Router\RouteCollection.php on line 1029.
 1 SYSTEMPATH\Router\RouteCollection.php(1029): trigger_error('Passing lowercase HTTP method "post" is deprecated. Use uppercase HTTP method like "POST".', 16384)
 2 APPPATH\Config\Routes.php(14): CodeIgniter\Router\RouteCollection->match([...], 'user/login', 'User::login')
 3 SYSTEMPATH\Router\RouteCollection.php(339): require('C:\\xampp\\htdocs\\lab7web\\ci4\\app\\Config\\Routes.php')
 4 SYSTEMPATH\CodeIgniter.php(821): CodeIgniter\Router\RouteCollection->loadRoutes()
 5 SYSTEMPATH\CodeIgniter.php(455): CodeIgniter\CodeIgniter->tryToRouteIt(null)
 6 SYSTEMPATH\CodeIgniter.php(354): CodeIgniter\CodeIgniter->handleRequest(null, Object(Config\Cache), false)
 7 SYSTEMPATH\Boot.php(334): CodeIgniter\CodeIgniter->run()
 8 SYSTEMPATH\Boot.php(67): CodeIgniter\Boot::runCodeIgniter(Object(CodeIgniter\CodeIgniter))
 9 FCPATH\index.php(56): CodeIgniter\Boot::bootWeb(Object(Config\Paths))
DEBUG - 2025-06-01 22:59:17 --> Session: Class initialized using 'CodeIgniter\Session\Handlers\FileHandler' driver.
WARNING - 2025-06-01 22:59:25 --> [DEPRECATED] Passing lowercase HTTP method "get" is deprecated. Use uppercase HTTP method like "GET". in SYSTEMPATH\Router\RouteCollection.php on line 1029.
 1 SYSTEMPATH\Router\RouteCollection.php(1029): trigger_error('Passing lowercase HTTP method "get" is deprecated. Use uppercase HTTP method like "GET".', 16384)
 2 APPPATH\Config\Routes.php(14): CodeIgniter\Router\RouteCollection->match([...], 'user/login', 'User::login')
 3 SYSTEMPATH\Router\RouteCollection.php(339): require('C:\\xampp\\htdocs\\lab7web\\ci4\\app\\Config\\Routes.php')
 4 SYSTEMPATH\CodeIgniter.php(821): CodeIgniter\Router\RouteCollection->loadRoutes()
 5 SYSTEMPATH\CodeIgniter.php(455): CodeIgniter\CodeIgniter->tryToRouteIt(null)
 6 SYSTEMPATH\CodeIgniter.php(354): CodeIgniter\CodeIgniter->handleRequest(null, Object(Config\Cache), false)
 7 SYSTEMPATH\Boot.php(334): CodeIgniter\CodeIgniter->run()
 8 SYSTEMPATH\Boot.php(67): CodeIgniter\Boot::runCodeIgniter(Object(CodeIgniter\CodeIgniter))
 9 FCPATH\index.php(56): CodeIgniter\Boot::bootWeb(Object(Config\Paths))
WARNING - 2025-06-01 22:59:25 --> [DEPRECATED] Passing lowercase HTTP method "post" is deprecated. Use uppercase HTTP method like "POST". in SYSTEMPATH\Router\RouteCollection.php on line 1029.
 1 SYSTEMPATH\Router\RouteCollection.php(1029): trigger_error('Passing lowercase HTTP method "post" is deprecated. Use uppercase HTTP method like "POST".', 16384)
 2 APPPATH\Config\Routes.php(14): CodeIgniter\Router\RouteCollection->match([...], 'user/login', 'User::login')
 3 SYSTEMPATH\Router\RouteCollection.php(339): require('C:\\xampp\\htdocs\\lab7web\\ci4\\app\\Config\\Routes.php')
 4 SYSTEMPATH\CodeIgniter.php(821): CodeIgniter\Router\RouteCollection->loadRoutes()
 5 SYSTEMPATH\CodeIgniter.php(455): CodeIgniter\CodeIgniter->tryToRouteIt(null)
 6 SYSTEMPATH\CodeIgniter.php(354): CodeIgniter\CodeIgniter->handleRequest(null, Object(Config\Cache), false)
 7 SYSTEMPATH\Boot.php(334): CodeIgniter\CodeIgniter->run()
 8 SYSTEMPATH\Boot.php(67): CodeIgniter\Boot::runCodeIgniter(Object(CodeIgniter\CodeIgniter))
 9 FCPATH\index.php(56): CodeIgniter\Boot::bootWeb(Object(Config\Paths))
DEBUG - 2025-06-01 22:59:25 --> Session: Class initialized using 'CodeIgniter\Session\Handlers\FileHandler' driver.
WARNING - 2025-06-01 22:59:25 --> [DEPRECATED] Passing lowercase HTTP method "get" is deprecated. Use uppercase HTTP method like "GET". in SYSTEMPATH\Router\RouteCollection.php on line 1029.
 1 SYSTEMPATH\Router\RouteCollection.php(1029): trigger_error('Passing lowercase HTTP method "get" is deprecated. Use uppercase HTTP method like "GET".', 16384)
 2 APPPATH\Config\Routes.php(14): CodeIgniter\Router\RouteCollection->match([...], 'user/login', 'User::login')
 3 SYSTEMPATH\Router\RouteCollection.php(339): require('C:\\xampp\\htdocs\\lab7web\\ci4\\app\\Config\\Routes.php')
 4 SYSTEMPATH\CodeIgniter.php(821): CodeIgniter\Router\RouteCollection->loadRoutes()
 5 SYSTEMPATH\CodeIgniter.php(455): CodeIgniter\CodeIgniter->tryToRouteIt(null)
 6 SYSTEMPATH\CodeIgniter.php(354): CodeIgniter\CodeIgniter->handleRequest(null, Object(Config\Cache), false)
 7 SYSTEMPATH\Boot.php(334): CodeIgniter\CodeIgniter->run()
 8 SYSTEMPATH\Boot.php(67): CodeIgniter\Boot::runCodeIgniter(Object(CodeIgniter\CodeIgniter))
 9 FCPATH\index.php(56): CodeIgniter\Boot::bootWeb(Object(Config\Paths))
WARNING - 2025-06-01 22:59:25 --> [DEPRECATED] Passing lowercase HTTP method "post" is deprecated. Use uppercase HTTP method like "POST". in SYSTEMPATH\Router\RouteCollection.php on line 1029.
 1 SYSTEMPATH\Router\RouteCollection.php(1029): trigger_error('Passing lowercase HTTP method "post" is deprecated. Use uppercase HTTP method like "POST".', 16384)
 2 APPPATH\Config\Routes.php(14): CodeIgniter\Router\RouteCollection->match([...], 'user/login', 'User::login')
 3 SYSTEMPATH\Router\RouteCollection.php(339): require('C:\\xampp\\htdocs\\lab7web\\ci4\\app\\Config\\Routes.php')
 4 SYSTEMPATH\CodeIgniter.php(821): CodeIgniter\Router\RouteCollection->loadRoutes()
 5 SYSTEMPATH\CodeIgniter.php(455): CodeIgniter\CodeIgniter->tryToRouteIt(null)
 6 SYSTEMPATH\CodeIgniter.php(354): CodeIgniter\CodeIgniter->handleRequest(null, Object(Config\Cache), false)
 7 SYSTEMPATH\Boot.php(334): CodeIgniter\CodeIgniter->run()
 8 SYSTEMPATH\Boot.php(67): CodeIgniter\Boot::runCodeIgniter(Object(CodeIgniter\CodeIgniter))
 9 FCPATH\index.php(56): CodeIgniter\Boot::bootWeb(Object(Config\Paths))
DEBUG - 2025-06-01 22:59:25 --> Session: Class initialized using 'CodeIgniter\Session\Handlers\FileHandler' driver.
WARNING - 2025-06-01 22:59:28 --> [DEPRECATED] Passing lowercase HTTP method "get" is deprecated. Use uppercase HTTP method like "GET". in SYSTEMPATH\Router\RouteCollection.php on line 1029.
 1 SYSTEMPATH\Router\RouteCollection.php(1029): trigger_error('Passing lowercase HTTP method "get" is deprecated. Use uppercase HTTP method like "GET".', 16384)
 2 APPPATH\Config\Routes.php(14): CodeIgniter\Router\RouteCollection->match([...], 'user/login', 'User::login')
 3 SYSTEMPATH\Router\RouteCollection.php(339): require('C:\\xampp\\htdocs\\lab7web\\ci4\\app\\Config\\Routes.php')
 4 SYSTEMPATH\CodeIgniter.php(821): CodeIgniter\Router\RouteCollection->loadRoutes()
 5 SYSTEMPATH\CodeIgniter.php(455): CodeIgniter\CodeIgniter->tryToRouteIt(null)
 6 SYSTEMPATH\CodeIgniter.php(354): CodeIgniter\CodeIgniter->handleRequest(null, Object(Config\Cache), false)
 7 SYSTEMPATH\Boot.php(334): CodeIgniter\CodeIgniter->run()
 8 SYSTEMPATH\Boot.php(67): CodeIgniter\Boot::runCodeIgniter(Object(CodeIgniter\CodeIgniter))
 9 FCPATH\index.php(56): CodeIgniter\Boot::bootWeb(Object(Config\Paths))
WARNING - 2025-06-01 22:59:28 --> [DEPRECATED] Passing lowercase HTTP method "post" is deprecated. Use uppercase HTTP method like "POST". in SYSTEMPATH\Router\RouteCollection.php on line 1029.
 1 SYSTEMPATH\Router\RouteCollection.php(1029): trigger_error('Passing lowercase HTTP method "post" is deprecated. Use uppercase HTTP method like "POST".', 16384)
 2 APPPATH\Config\Routes.php(14): CodeIgniter\Router\RouteCollection->match([...], 'user/login', 'User::login')
 3 SYSTEMPATH\Router\RouteCollection.php(339): require('C:\\xampp\\htdocs\\lab7web\\ci4\\app\\Config\\Routes.php')
 4 SYSTEMPATH\CodeIgniter.php(821): CodeIgniter\Router\RouteCollection->loadRoutes()
 5 SYSTEMPATH\CodeIgniter.php(455): CodeIgniter\CodeIgniter->tryToRouteIt(null)
 6 SYSTEMPATH\CodeIgniter.php(354): CodeIgniter\CodeIgniter->handleRequest(null, Object(Config\Cache), false)
 7 SYSTEMPATH\Boot.php(334): CodeIgniter\CodeIgniter->run()
 8 SYSTEMPATH\Boot.php(67): CodeIgniter\Boot::runCodeIgniter(Object(CodeIgniter\CodeIgniter))
 9 FCPATH\index.php(56): CodeIgniter\Boot::bootWeb(Object(Config\Paths))
DEBUG - 2025-06-01 22:59:28 --> Session: Class initialized using 'CodeIgniter\Session\Handlers\FileHandler' driver.
WARNING - 2025-06-01 22:59:40 --> [DEPRECATED] Passing lowercase HTTP method "get" is deprecated. Use uppercase HTTP method like "GET". in SYSTEMPATH\Router\RouteCollection.php on line 1029.
 1 SYSTEMPATH\Router\RouteCollection.php(1029): trigger_error('Passing lowercase HTTP method "get" is deprecated. Use uppercase HTTP method like "GET".', 16384)
 2 APPPATH\Config\Routes.php(14): CodeIgniter\Router\RouteCollection->match([...], 'user/login', 'User::login')
 3 SYSTEMPATH\Router\RouteCollection.php(339): require('C:\\xampp\\htdocs\\lab7web\\ci4\\app\\Config\\Routes.php')
 4 SYSTEMPATH\CodeIgniter.php(821): CodeIgniter\Router\RouteCollection->loadRoutes()
 5 SYSTEMPATH\CodeIgniter.php(455): CodeIgniter\CodeIgniter->tryToRouteIt(null)
 6 SYSTEMPATH\CodeIgniter.php(354): CodeIgniter\CodeIgniter->handleRequest(null, Object(Config\Cache), false)
 7 SYSTEMPATH\Boot.php(334): CodeIgniter\CodeIgniter->run()
 8 SYSTEMPATH\Boot.php(67): CodeIgniter\Boot::runCodeIgniter(Object(CodeIgniter\CodeIgniter))
 9 FCPATH\index.php(56): CodeIgniter\Boot::bootWeb(Object(Config\Paths))
WARNING - 2025-06-01 22:59:40 --> [DEPRECATED] Passing lowercase HTTP method "post" is deprecated. Use uppercase HTTP method like "POST". in SYSTEMPATH\Router\RouteCollection.php on line 1029.
 1 SYSTEMPATH\Router\RouteCollection.php(1029): trigger_error('Passing lowercase HTTP method "post" is deprecated. Use uppercase HTTP method like "POST".', 16384)
 2 APPPATH\Config\Routes.php(14): CodeIgniter\Router\RouteCollection->match([...], 'user/login', 'User::login')
 3 SYSTEMPATH\Router\RouteCollection.php(339): require('C:\\xampp\\htdocs\\lab7web\\ci4\\app\\Config\\Routes.php')
 4 SYSTEMPATH\CodeIgniter.php(821): CodeIgniter\Router\RouteCollection->loadRoutes()
 5 SYSTEMPATH\CodeIgniter.php(455): CodeIgniter\CodeIgniter->tryToRouteIt(null)
 6 SYSTEMPATH\CodeIgniter.php(354): CodeIgniter\CodeIgniter->handleRequest(null, Object(Config\Cache), false)
 7 SYSTEMPATH\Boot.php(334): CodeIgniter\CodeIgniter->run()
 8 SYSTEMPATH\Boot.php(67): CodeIgniter\Boot::runCodeIgniter(Object(CodeIgniter\CodeIgniter))
 9 FCPATH\index.php(56): CodeIgniter\Boot::bootWeb(Object(Config\Paths))
DEBUG - 2025-06-01 22:59:40 --> Session: Class initialized using 'CodeIgniter\Session\Handlers\FileHandler' driver.
WARNING - 2025-06-01 22:59:40 --> [DEPRECATED] Passing lowercase HTTP method "get" is deprecated. Use uppercase HTTP method like "GET". in SYSTEMPATH\Router\RouteCollection.php on line 1029.
 1 SYSTEMPATH\Router\RouteCollection.php(1029): trigger_error('Passing lowercase HTTP method "get" is deprecated. Use uppercase HTTP method like "GET".', 16384)
 2 APPPATH\Config\Routes.php(14): CodeIgniter\Router\RouteCollection->match([...], 'user/login', 'User::login')
 3 SYSTEMPATH\Router\RouteCollection.php(339): require('C:\\xampp\\htdocs\\lab7web\\ci4\\app\\Config\\Routes.php')
 4 SYSTEMPATH\CodeIgniter.php(821): CodeIgniter\Router\RouteCollection->loadRoutes()
 5 SYSTEMPATH\CodeIgniter.php(455): CodeIgniter\CodeIgniter->tryToRouteIt(null)
 6 SYSTEMPATH\CodeIgniter.php(354): CodeIgniter\CodeIgniter->handleRequest(null, Object(Config\Cache), false)
 7 SYSTEMPATH\Boot.php(334): CodeIgniter\CodeIgniter->run()
 8 SYSTEMPATH\Boot.php(67): CodeIgniter\Boot::runCodeIgniter(Object(CodeIgniter\CodeIgniter))
 9 FCPATH\index.php(56): CodeIgniter\Boot::bootWeb(Object(Config\Paths))
WARNING - 2025-06-01 22:59:40 --> [DEPRECATED] Passing lowercase HTTP method "post" is deprecated. Use uppercase HTTP method like "POST". in SYSTEMPATH\Router\RouteCollection.php on line 1029.
 1 SYSTEMPATH\Router\RouteCollection.php(1029): trigger_error('Passing lowercase HTTP method "post" is deprecated. Use uppercase HTTP method like "POST".', 16384)
 2 APPPATH\Config\Routes.php(14): CodeIgniter\Router\RouteCollection->match([...], 'user/login', 'User::login')
 3 SYSTEMPATH\Router\RouteCollection.php(339): require('C:\\xampp\\htdocs\\lab7web\\ci4\\app\\Config\\Routes.php')
 4 SYSTEMPATH\CodeIgniter.php(821): CodeIgniter\Router\RouteCollection->loadRoutes()
 5 SYSTEMPATH\CodeIgniter.php(455): CodeIgniter\CodeIgniter->tryToRouteIt(null)
 6 SYSTEMPATH\CodeIgniter.php(354): CodeIgniter\CodeIgniter->handleRequest(null, Object(Config\Cache), false)
 7 SYSTEMPATH\Boot.php(334): CodeIgniter\CodeIgniter->run()
 8 SYSTEMPATH\Boot.php(67): CodeIgniter\Boot::runCodeIgniter(Object(CodeIgniter\CodeIgniter))
 9 FCPATH\index.php(56): CodeIgniter\Boot::bootWeb(Object(Config\Paths))
DEBUG - 2025-06-01 22:59:40 --> Session: Class initialized using 'CodeIgniter\Session\Handlers\FileHandler' driver.
WARNING - 2025-06-01 22:59:43 --> [DEPRECATED] Passing lowercase HTTP method "get" is deprecated. Use uppercase HTTP method like "GET". in SYSTEMPATH\Router\RouteCollection.php on line 1029.
 1 SYSTEMPATH\Router\RouteCollection.php(1029): trigger_error('Passing lowercase HTTP method "get" is deprecated. Use uppercase HTTP method like "GET".', 16384)
 2 APPPATH\Config\Routes.php(14): CodeIgniter\Router\RouteCollection->match([...], 'user/login', 'User::login')
 3 SYSTEMPATH\Router\RouteCollection.php(339): require('C:\\xampp\\htdocs\\lab7web\\ci4\\app\\Config\\Routes.php')
 4 SYSTEMPATH\CodeIgniter.php(821): CodeIgniter\Router\RouteCollection->loadRoutes()
 5 SYSTEMPATH\CodeIgniter.php(455): CodeIgniter\CodeIgniter->tryToRouteIt(null)
 6 SYSTEMPATH\CodeIgniter.php(354): CodeIgniter\CodeIgniter->handleRequest(null, Object(Config\Cache), false)
 7 SYSTEMPATH\Boot.php(334): CodeIgniter\CodeIgniter->run()
 8 SYSTEMPATH\Boot.php(67): CodeIgniter\Boot::runCodeIgniter(Object(CodeIgniter\CodeIgniter))
 9 FCPATH\index.php(56): CodeIgniter\Boot::bootWeb(Object(Config\Paths))
WARNING - 2025-06-01 22:59:43 --> [DEPRECATED] Passing lowercase HTTP method "post" is deprecated. Use uppercase HTTP method like "POST". in SYSTEMPATH\Router\RouteCollection.php on line 1029.
 1 SYSTEMPATH\Router\RouteCollection.php(1029): trigger_error('Passing lowercase HTTP method "post" is deprecated. Use uppercase HTTP method like "POST".', 16384)
 2 APPPATH\Config\Routes.php(14): CodeIgniter\Router\RouteCollection->match([...], 'user/login', 'User::login')
 3 SYSTEMPATH\Router\RouteCollection.php(339): require('C:\\xampp\\htdocs\\lab7web\\ci4\\app\\Config\\Routes.php')
 4 SYSTEMPATH\CodeIgniter.php(821): CodeIgniter\Router\RouteCollection->loadRoutes()
 5 SYSTEMPATH\CodeIgniter.php(455): CodeIgniter\CodeIgniter->tryToRouteIt(null)
 6 SYSTEMPATH\CodeIgniter.php(354): CodeIgniter\CodeIgniter->handleRequest(null, Object(Config\Cache), false)
 7 SYSTEMPATH\Boot.php(334): CodeIgniter\CodeIgniter->run()
 8 SYSTEMPATH\Boot.php(67): CodeIgniter\Boot::runCodeIgniter(Object(CodeIgniter\CodeIgniter))
 9 FCPATH\index.php(56): CodeIgniter\Boot::bootWeb(Object(Config\Paths))
WARNING - 2025-06-01 22:59:49 --> [DEPRECATED] Passing lowercase HTTP method "get" is deprecated. Use uppercase HTTP method like "GET". in SYSTEMPATH\Router\RouteCollection.php on line 1029.
 1 SYSTEMPATH\Router\RouteCollection.php(1029): trigger_error('Passing lowercase HTTP method "get" is deprecated. Use uppercase HTTP method like "GET".', 16384)
 2 APPPATH\Config\Routes.php(14): CodeIgniter\Router\RouteCollection->match([...], 'user/login', 'User::login')
 3 SYSTEMPATH\Router\RouteCollection.php(339): require('C:\\xampp\\htdocs\\lab7web\\ci4\\app\\Config\\Routes.php')
 4 SYSTEMPATH\CodeIgniter.php(821): CodeIgniter\Router\RouteCollection->loadRoutes()
 5 SYSTEMPATH\CodeIgniter.php(455): CodeIgniter\CodeIgniter->tryToRouteIt(null)
 6 SYSTEMPATH\CodeIgniter.php(354): CodeIgniter\CodeIgniter->handleRequest(null, Object(Config\Cache), false)
 7 SYSTEMPATH\Boot.php(334): CodeIgniter\CodeIgniter->run()
 8 SYSTEMPATH\Boot.php(67): CodeIgniter\Boot::runCodeIgniter(Object(CodeIgniter\CodeIgniter))
 9 FCPATH\index.php(56): CodeIgniter\Boot::bootWeb(Object(Config\Paths))
WARNING - 2025-06-01 22:59:49 --> [DEPRECATED] Passing lowercase HTTP method "post" is deprecated. Use uppercase HTTP method like "POST". in SYSTEMPATH\Router\RouteCollection.php on line 1029.
 1 SYSTEMPATH\Router\RouteCollection.php(1029): trigger_error('Passing lowercase HTTP method "post" is deprecated. Use uppercase HTTP method like "POST".', 16384)
 2 APPPATH\Config\Routes.php(14): CodeIgniter\Router\RouteCollection->match([...], 'user/login', 'User::login')
 3 SYSTEMPATH\Router\RouteCollection.php(339): require('C:\\xampp\\htdocs\\lab7web\\ci4\\app\\Config\\Routes.php')
 4 SYSTEMPATH\CodeIgniter.php(821): CodeIgniter\Router\RouteCollection->loadRoutes()
 5 SYSTEMPATH\CodeIgniter.php(455): CodeIgniter\CodeIgniter->tryToRouteIt(null)
 6 SYSTEMPATH\CodeIgniter.php(354): CodeIgniter\CodeIgniter->handleRequest(null, Object(Config\Cache), false)
 7 SYSTEMPATH\Boot.php(334): CodeIgniter\CodeIgniter->run()
 8 SYSTEMPATH\Boot.php(67): CodeIgniter\Boot::runCodeIgniter(Object(CodeIgniter\CodeIgniter))
 9 FCPATH\index.php(56): CodeIgniter\Boot::bootWeb(Object(Config\Paths))
WARNING - 2025-06-01 23:03:13 --> [DEPRECATED] Passing lowercase HTTP method "get" is deprecated. Use uppercase HTTP method like "GET". in SYSTEMPATH\Router\RouteCollection.php on line 1029.
 1 SYSTEMPATH\Router\RouteCollection.php(1029): trigger_error('Passing lowercase HTTP method "get" is deprecated. Use uppercase HTTP method like "GET".', 16384)
 2 APPPATH\Config\Routes.php(14): CodeIgniter\Router\RouteCollection->match([...], 'user/login', 'User::login')
 3 SYSTEMPATH\Router\RouteCollection.php(339): require('C:\\xampp\\htdocs\\lab7web\\ci4\\app\\Config\\Routes.php')
 4 SYSTEMPATH\CodeIgniter.php(821): CodeIgniter\Router\RouteCollection->loadRoutes()
 5 SYSTEMPATH\CodeIgniter.php(455): CodeIgniter\CodeIgniter->tryToRouteIt(null)
 6 SYSTEMPATH\CodeIgniter.php(354): CodeIgniter\CodeIgniter->handleRequest(null, Object(Config\Cache), false)
 7 SYSTEMPATH\Boot.php(334): CodeIgniter\CodeIgniter->run()
 8 SYSTEMPATH\Boot.php(67): CodeIgniter\Boot::runCodeIgniter(Object(CodeIgniter\CodeIgniter))
 9 FCPATH\index.php(56): CodeIgniter\Boot::bootWeb(Object(Config\Paths))
WARNING - 2025-06-01 23:03:13 --> [DEPRECATED] Passing lowercase HTTP method "post" is deprecated. Use uppercase HTTP method like "POST". in SYSTEMPATH\Router\RouteCollection.php on line 1029.
 1 SYSTEMPATH\Router\RouteCollection.php(1029): trigger_error('Passing lowercase HTTP method "post" is deprecated. Use uppercase HTTP method like "POST".', 16384)
 2 APPPATH\Config\Routes.php(14): CodeIgniter\Router\RouteCollection->match([...], 'user/login', 'User::login')
 3 SYSTEMPATH\Router\RouteCollection.php(339): require('C:\\xampp\\htdocs\\lab7web\\ci4\\app\\Config\\Routes.php')
 4 SYSTEMPATH\CodeIgniter.php(821): CodeIgniter\Router\RouteCollection->loadRoutes()
 5 SYSTEMPATH\CodeIgniter.php(455): CodeIgniter\CodeIgniter->tryToRouteIt(null)
 6 SYSTEMPATH\CodeIgniter.php(354): CodeIgniter\CodeIgniter->handleRequest(null, Object(Config\Cache), false)
 7 SYSTEMPATH\Boot.php(334): CodeIgniter\CodeIgniter->run()
 8 SYSTEMPATH\Boot.php(67): CodeIgniter\Boot::runCodeIgniter(Object(CodeIgniter\CodeIgniter))
 9 FCPATH\index.php(56): CodeIgniter\Boot::bootWeb(Object(Config\Paths))
DEBUG - 2025-06-01 23:03:13 --> Session: Class initialized using 'CodeIgniter\Session\Handlers\FileHandler' driver.
WARNING - 2025-06-01 23:03:13 --> [DEPRECATED] Passing lowercase HTTP method "get" is deprecated. Use uppercase HTTP method like "GET". in SYSTEMPATH\Router\RouteCollection.php on line 1029.
 1 SYSTEMPATH\Router\RouteCollection.php(1029): trigger_error('Passing lowercase HTTP method "get" is deprecated. Use uppercase HTTP method like "GET".', 16384)
 2 APPPATH\Config\Routes.php(14): CodeIgniter\Router\RouteCollection->match([...], 'user/login', 'User::login')
 3 SYSTEMPATH\Router\RouteCollection.php(339): require('C:\\xampp\\htdocs\\lab7web\\ci4\\app\\Config\\Routes.php')
 4 SYSTEMPATH\CodeIgniter.php(821): CodeIgniter\Router\RouteCollection->loadRoutes()
 5 SYSTEMPATH\CodeIgniter.php(455): CodeIgniter\CodeIgniter->tryToRouteIt(null)
 6 SYSTEMPATH\CodeIgniter.php(354): CodeIgniter\CodeIgniter->handleRequest(null, Object(Config\Cache), false)
 7 SYSTEMPATH\Boot.php(334): CodeIgniter\CodeIgniter->run()
 8 SYSTEMPATH\Boot.php(67): CodeIgniter\Boot::runCodeIgniter(Object(CodeIgniter\CodeIgniter))
 9 FCPATH\index.php(56): CodeIgniter\Boot::bootWeb(Object(Config\Paths))
WARNING - 2025-06-01 23:03:13 --> [DEPRECATED] Passing lowercase HTTP method "post" is deprecated. Use uppercase HTTP method like "POST". in SYSTEMPATH\Router\RouteCollection.php on line 1029.
 1 SYSTEMPATH\Router\RouteCollection.php(1029): trigger_error('Passing lowercase HTTP method "post" is deprecated. Use uppercase HTTP method like "POST".', 16384)
 2 APPPATH\Config\Routes.php(14): CodeIgniter\Router\RouteCollection->match([...], 'user/login', 'User::login')
 3 SYSTEMPATH\Router\RouteCollection.php(339): require('C:\\xampp\\htdocs\\lab7web\\ci4\\app\\Config\\Routes.php')
 4 SYSTEMPATH\CodeIgniter.php(821): CodeIgniter\Router\RouteCollection->loadRoutes()
 5 SYSTEMPATH\CodeIgniter.php(455): CodeIgniter\CodeIgniter->tryToRouteIt(null)
 6 SYSTEMPATH\CodeIgniter.php(354): CodeIgniter\CodeIgniter->handleRequest(null, Object(Config\Cache), false)
 7 SYSTEMPATH\Boot.php(334): CodeIgniter\CodeIgniter->run()
 8 SYSTEMPATH\Boot.php(67): CodeIgniter\Boot::runCodeIgniter(Object(CodeIgniter\CodeIgniter))
 9 FCPATH\index.php(56): CodeIgniter\Boot::bootWeb(Object(Config\Paths))
DEBUG - 2025-06-01 23:03:13 --> Session: Class initialized using 'CodeIgniter\Session\Handlers\FileHandler' driver.
WARNING - 2025-06-01 23:06:14 --> [DEPRECATED] Passing lowercase HTTP method "get" is deprecated. Use uppercase HTTP method like "GET". in SYSTEMPATH\Router\RouteCollection.php on line 1029.
 1 SYSTEMPATH\Router\RouteCollection.php(1029): trigger_error('Passing lowercase HTTP method "get" is deprecated. Use uppercase HTTP method like "GET".', 16384)
 2 APPPATH\Config\Routes.php(14): CodeIgniter\Router\RouteCollection->match([...], 'user/login', 'User::login')
 3 SYSTEMPATH\Router\RouteCollection.php(339): require('C:\\xampp\\htdocs\\lab7web\\ci4\\app\\Config\\Routes.php')
 4 SYSTEMPATH\CodeIgniter.php(821): CodeIgniter\Router\RouteCollection->loadRoutes()
 5 SYSTEMPATH\CodeIgniter.php(455): CodeIgniter\CodeIgniter->tryToRouteIt(null)
 6 SYSTEMPATH\CodeIgniter.php(354): CodeIgniter\CodeIgniter->handleRequest(null, Object(Config\Cache), false)
 7 SYSTEMPATH\Boot.php(334): CodeIgniter\CodeIgniter->run()
 8 SYSTEMPATH\Boot.php(67): CodeIgniter\Boot::runCodeIgniter(Object(CodeIgniter\CodeIgniter))
 9 FCPATH\index.php(56): CodeIgniter\Boot::bootWeb(Object(Config\Paths))
WARNING - 2025-06-01 23:06:14 --> [DEPRECATED] Passing lowercase HTTP method "post" is deprecated. Use uppercase HTTP method like "POST". in SYSTEMPATH\Router\RouteCollection.php on line 1029.
 1 SYSTEMPATH\Router\RouteCollection.php(1029): trigger_error('Passing lowercase HTTP method "post" is deprecated. Use uppercase HTTP method like "POST".', 16384)
 2 APPPATH\Config\Routes.php(14): CodeIgniter\Router\RouteCollection->match([...], 'user/login', 'User::login')
 3 SYSTEMPATH\Router\RouteCollection.php(339): require('C:\\xampp\\htdocs\\lab7web\\ci4\\app\\Config\\Routes.php')
 4 SYSTEMPATH\CodeIgniter.php(821): CodeIgniter\Router\RouteCollection->loadRoutes()
 5 SYSTEMPATH\CodeIgniter.php(455): CodeIgniter\CodeIgniter->tryToRouteIt(null)
 6 SYSTEMPATH\CodeIgniter.php(354): CodeIgniter\CodeIgniter->handleRequest(null, Object(Config\Cache), false)
 7 SYSTEMPATH\Boot.php(334): CodeIgniter\CodeIgniter->run()
 8 SYSTEMPATH\Boot.php(67): CodeIgniter\Boot::runCodeIgniter(Object(CodeIgniter\CodeIgniter))
 9 FCPATH\index.php(56): CodeIgniter\Boot::bootWeb(Object(Config\Paths))
DEBUG - 2025-06-01 23:06:14 --> Session: Class initialized using 'CodeIgniter\Session\Handlers\FileHandler' driver.
WARNING - 2025-06-01 23:06:15 --> [DEPRECATED] Passing lowercase HTTP method "get" is deprecated. Use uppercase HTTP method like "GET". in SYSTEMPATH\Router\RouteCollection.php on line 1029.
 1 SYSTEMPATH\Router\RouteCollection.php(1029): trigger_error('Passing lowercase HTTP method "get" is deprecated. Use uppercase HTTP method like "GET".', 16384)
 2 APPPATH\Config\Routes.php(14): CodeIgniter\Router\RouteCollection->match([...], 'user/login', 'User::login')
 3 SYSTEMPATH\Router\RouteCollection.php(339): require('C:\\xampp\\htdocs\\lab7web\\ci4\\app\\Config\\Routes.php')
 4 SYSTEMPATH\CodeIgniter.php(821): CodeIgniter\Router\RouteCollection->loadRoutes()
 5 SYSTEMPATH\CodeIgniter.php(455): CodeIgniter\CodeIgniter->tryToRouteIt(null)
 6 SYSTEMPATH\CodeIgniter.php(354): CodeIgniter\CodeIgniter->handleRequest(null, Object(Config\Cache), false)
 7 SYSTEMPATH\Boot.php(334): CodeIgniter\CodeIgniter->run()
 8 SYSTEMPATH\Boot.php(67): CodeIgniter\Boot::runCodeIgniter(Object(CodeIgniter\CodeIgniter))
 9 FCPATH\index.php(56): CodeIgniter\Boot::bootWeb(Object(Config\Paths))
WARNING - 2025-06-01 23:06:15 --> [DEPRECATED] Passing lowercase HTTP method "post" is deprecated. Use uppercase HTTP method like "POST". in SYSTEMPATH\Router\RouteCollection.php on line 1029.
 1 SYSTEMPATH\Router\RouteCollection.php(1029): trigger_error('Passing lowercase HTTP method "post" is deprecated. Use uppercase HTTP method like "POST".', 16384)
 2 APPPATH\Config\Routes.php(14): CodeIgniter\Router\RouteCollection->match([...], 'user/login', 'User::login')
 3 SYSTEMPATH\Router\RouteCollection.php(339): require('C:\\xampp\\htdocs\\lab7web\\ci4\\app\\Config\\Routes.php')
 4 SYSTEMPATH\CodeIgniter.php(821): CodeIgniter\Router\RouteCollection->loadRoutes()
 5 SYSTEMPATH\CodeIgniter.php(455): CodeIgniter\CodeIgniter->tryToRouteIt(null)
 6 SYSTEMPATH\CodeIgniter.php(354): CodeIgniter\CodeIgniter->handleRequest(null, Object(Config\Cache), false)
 7 SYSTEMPATH\Boot.php(334): CodeIgniter\CodeIgniter->run()
 8 SYSTEMPATH\Boot.php(67): CodeIgniter\Boot::runCodeIgniter(Object(CodeIgniter\CodeIgniter))
 9 FCPATH\index.php(56): CodeIgniter\Boot::bootWeb(Object(Config\Paths))
DEBUG - 2025-06-01 23:06:15 --> Session: Class initialized using 'CodeIgniter\Session\Handlers\FileHandler' driver.
WARNING - 2025-06-01 23:07:49 --> [DEPRECATED] Passing lowercase HTTP method "get" is deprecated. Use uppercase HTTP method like "GET". in SYSTEMPATH\Router\RouteCollection.php on line 1029.
 1 SYSTEMPATH\Router\RouteCollection.php(1029): trigger_error('Passing lowercase HTTP method "get" is deprecated. Use uppercase HTTP method like "GET".', 16384)
 2 APPPATH\Config\Routes.php(14): CodeIgniter\Router\RouteCollection->match([...], 'user/login', 'User::login')
 3 SYSTEMPATH\Router\RouteCollection.php(339): require('C:\\xampp\\htdocs\\lab7web\\ci4\\app\\Config\\Routes.php')
 4 SYSTEMPATH\CLI\Console.php(41): CodeIgniter\Router\RouteCollection->loadRoutes()
 5 SYSTEMPATH\Boot.php(360): CodeIgniter\CLI\Console->run()
 6 SYSTEMPATH\Boot.php(104): CodeIgniter\Boot::runCommand(Object(CodeIgniter\CLI\Console))
 7 ROOTPATH\spark(84): CodeIgniter\Boot::bootSpark(Object(Config\Paths))
WARNING - 2025-06-01 23:07:49 --> [DEPRECATED] Passing lowercase HTTP method "post" is deprecated. Use uppercase HTTP method like "POST". in SYSTEMPATH\Router\RouteCollection.php on line 1029.
 1 SYSTEMPATH\Router\RouteCollection.php(1029): trigger_error('Passing lowercase HTTP method "post" is deprecated. Use uppercase HTTP method like "POST".', 16384)
 2 APPPATH\Config\Routes.php(14): CodeIgniter\Router\RouteCollection->match([...], 'user/login', 'User::login')
 3 SYSTEMPATH\Router\RouteCollection.php(339): require('C:\\xampp\\htdocs\\lab7web\\ci4\\app\\Config\\Routes.php')
 4 SYSTEMPATH\CLI\Console.php(41): CodeIgniter\Router\RouteCollection->loadRoutes()
 5 SYSTEMPATH\Boot.php(360): CodeIgniter\CLI\Console->run()
 6 SYSTEMPATH\Boot.php(104): CodeIgniter\Boot::runCommand(Object(CodeIgniter\CLI\Console))
 7 ROOTPATH\spark(84): CodeIgniter\Boot::bootSpark(Object(Config\Paths))
WARNING - 2025-06-01 23:08:10 --> [DEPRECATED] Passing lowercase HTTP method "get" is deprecated. Use uppercase HTTP method like "GET". in SYSTEMPATH\Router\RouteCollection.php on line 1029.
 1 SYSTEMPATH\Router\RouteCollection.php(1029): trigger_error('Passing lowercase HTTP method "get" is deprecated. Use uppercase HTTP method like "GET".', 16384)
 2 APPPATH\Config\Routes.php(14): CodeIgniter\Router\RouteCollection->match([...], 'user/login', 'User::login')
 3 SYSTEMPATH\Router\RouteCollection.php(339): require('C:\\xampp\\htdocs\\lab7web\\ci4\\app\\Config\\Routes.php')
 4 SYSTEMPATH\CLI\Console.php(41): CodeIgniter\Router\RouteCollection->loadRoutes()
 5 SYSTEMPATH\Boot.php(360): CodeIgniter\CLI\Console->run()
 6 SYSTEMPATH\Boot.php(104): CodeIgniter\Boot::runCommand(Object(CodeIgniter\CLI\Console))
 7 ROOTPATH\spark(84): CodeIgniter\Boot::bootSpark(Object(Config\Paths))
WARNING - 2025-06-01 23:08:10 --> [DEPRECATED] Passing lowercase HTTP method "post" is deprecated. Use uppercase HTTP method like "POST". in SYSTEMPATH\Router\RouteCollection.php on line 1029.
 1 SYSTEMPATH\Router\RouteCollection.php(1029): trigger_error('Passing lowercase HTTP method "post" is deprecated. Use uppercase HTTP method like "POST".', 16384)
 2 APPPATH\Config\Routes.php(14): CodeIgniter\Router\RouteCollection->match([...], 'user/login', 'User::login')
 3 SYSTEMPATH\Router\RouteCollection.php(339): require('C:\\xampp\\htdocs\\lab7web\\ci4\\app\\Config\\Routes.php')
 4 SYSTEMPATH\CLI\Console.php(41): CodeIgniter\Router\RouteCollection->loadRoutes()
 5 SYSTEMPATH\Boot.php(360): CodeIgniter\CLI\Console->run()
 6 SYSTEMPATH\Boot.php(104): CodeIgniter\Boot::runCommand(Object(CodeIgniter\CLI\Console))
 7 ROOTPATH\spark(84): CodeIgniter\Boot::bootSpark(Object(Config\Paths))
WARNING - 2025-06-01 23:08:38 --> [DEPRECATED] Passing lowercase HTTP method "get" is deprecated. Use uppercase HTTP method like "GET". in SYSTEMPATH\Router\RouteCollection.php on line 1029.
 1 SYSTEMPATH\Router\RouteCollection.php(1029): trigger_error('Passing lowercase HTTP method "get" is deprecated. Use uppercase HTTP method like "GET".', 16384)
 2 APPPATH\Config\Routes.php(14): CodeIgniter\Router\RouteCollection->match([...], 'user/login', 'User::login')
 3 SYSTEMPATH\Router\RouteCollection.php(339): require('C:\\xampp\\htdocs\\lab7web\\ci4\\app\\Config\\Routes.php')
 4 SYSTEMPATH\CodeIgniter.php(821): CodeIgniter\Router\RouteCollection->loadRoutes()
 5 SYSTEMPATH\CodeIgniter.php(455): CodeIgniter\CodeIgniter->tryToRouteIt(null)
 6 SYSTEMPATH\CodeIgniter.php(354): CodeIgniter\CodeIgniter->handleRequest(null, Object(Config\Cache), false)
 7 SYSTEMPATH\Boot.php(334): CodeIgniter\CodeIgniter->run()
 8 SYSTEMPATH\Boot.php(67): CodeIgniter\Boot::runCodeIgniter(Object(CodeIgniter\CodeIgniter))
 9 FCPATH\index.php(56): CodeIgniter\Boot::bootWeb(Object(Config\Paths))
WARNING - 2025-06-01 23:08:38 --> [DEPRECATED] Passing lowercase HTTP method "post" is deprecated. Use uppercase HTTP method like "POST". in SYSTEMPATH\Router\RouteCollection.php on line 1029.
 1 SYSTEMPATH\Router\RouteCollection.php(1029): trigger_error('Passing lowercase HTTP method "post" is deprecated. Use uppercase HTTP method like "POST".', 16384)
 2 APPPATH\Config\Routes.php(14): CodeIgniter\Router\RouteCollection->match([...], 'user/login', 'User::login')
 3 SYSTEMPATH\Router\RouteCollection.php(339): require('C:\\xampp\\htdocs\\lab7web\\ci4\\app\\Config\\Routes.php')
 4 SYSTEMPATH\CodeIgniter.php(821): CodeIgniter\Router\RouteCollection->loadRoutes()
 5 SYSTEMPATH\CodeIgniter.php(455): CodeIgniter\CodeIgniter->tryToRouteIt(null)
 6 SYSTEMPATH\CodeIgniter.php(354): CodeIgniter\CodeIgniter->handleRequest(null, Object(Config\Cache), false)
 7 SYSTEMPATH\Boot.php(334): CodeIgniter\CodeIgniter->run()
 8 SYSTEMPATH\Boot.php(67): CodeIgniter\Boot::runCodeIgniter(Object(CodeIgniter\CodeIgniter))
 9 FCPATH\index.php(56): CodeIgniter\Boot::bootWeb(Object(Config\Paths))
DEBUG - 2025-06-01 23:08:38 --> Session: Class initialized using 'CodeIgniter\Session\Handlers\FileHandler' driver.
WARNING - 2025-06-01 23:08:39 --> [DEPRECATED] Passing lowercase HTTP method "get" is deprecated. Use uppercase HTTP method like "GET". in SYSTEMPATH\Router\RouteCollection.php on line 1029.
 1 SYSTEMPATH\Router\RouteCollection.php(1029): trigger_error('Passing lowercase HTTP method "get" is deprecated. Use uppercase HTTP method like "GET".', 16384)
 2 APPPATH\Config\Routes.php(14): CodeIgniter\Router\RouteCollection->match([...], 'user/login', 'User::login')
 3 SYSTEMPATH\Router\RouteCollection.php(339): require('C:\\xampp\\htdocs\\lab7web\\ci4\\app\\Config\\Routes.php')
 4 SYSTEMPATH\CodeIgniter.php(821): CodeIgniter\Router\RouteCollection->loadRoutes()
 5 SYSTEMPATH\CodeIgniter.php(455): CodeIgniter\CodeIgniter->tryToRouteIt(null)
 6 SYSTEMPATH\CodeIgniter.php(354): CodeIgniter\CodeIgniter->handleRequest(null, Object(Config\Cache), false)
 7 SYSTEMPATH\Boot.php(334): CodeIgniter\CodeIgniter->run()
 8 SYSTEMPATH\Boot.php(67): CodeIgniter\Boot::runCodeIgniter(Object(CodeIgniter\CodeIgniter))
 9 FCPATH\index.php(56): CodeIgniter\Boot::bootWeb(Object(Config\Paths))
WARNING - 2025-06-01 23:08:39 --> [DEPRECATED] Passing lowercase HTTP method "post" is deprecated. Use uppercase HTTP method like "POST". in SYSTEMPATH\Router\RouteCollection.php on line 1029.
 1 SYSTEMPATH\Router\RouteCollection.php(1029): trigger_error('Passing lowercase HTTP method "post" is deprecated. Use uppercase HTTP method like "POST".', 16384)
 2 APPPATH\Config\Routes.php(14): CodeIgniter\Router\RouteCollection->match([...], 'user/login', 'User::login')
 3 SYSTEMPATH\Router\RouteCollection.php(339): require('C:\\xampp\\htdocs\\lab7web\\ci4\\app\\Config\\Routes.php')
 4 SYSTEMPATH\CodeIgniter.php(821): CodeIgniter\Router\RouteCollection->loadRoutes()
 5 SYSTEMPATH\CodeIgniter.php(455): CodeIgniter\CodeIgniter->tryToRouteIt(null)
 6 SYSTEMPATH\CodeIgniter.php(354): CodeIgniter\CodeIgniter->handleRequest(null, Object(Config\Cache), false)
 7 SYSTEMPATH\Boot.php(334): CodeIgniter\CodeIgniter->run()
 8 SYSTEMPATH\Boot.php(67): CodeIgniter\Boot::runCodeIgniter(Object(CodeIgniter\CodeIgniter))
 9 FCPATH\index.php(56): CodeIgniter\Boot::bootWeb(Object(Config\Paths))
DEBUG - 2025-06-01 23:08:39 --> Session: Class initialized using 'CodeIgniter\Session\Handlers\FileHandler' driver.
CRITICAL - 2025-06-01 23:08:39 --> CodeIgniter\View\Exceptions\ViewException: Invalid file: "template/admin_footer.php"
[Method: GET, Route: admin/artikel]
in SYSTEMPATH\Exceptions\FrameworkException.php on line 39.
 1 SYSTEMPATH\View\View.php(212): CodeIgniter\Exceptions\FrameworkException::forInvalidFile('template/admin_footer.php')
 2 SYSTEMPATH\View\View.php(475): CodeIgniter\View\View->render('template/admin_footer', null, true)
 3 APPPATH\Views\artikel\admin_index.php(43): CodeIgniter\View\View->include('template/admin_footer')
 4 SYSTEMPATH\View\View.php(224): include('C:\\xampp\\htdocs\\lab7web\\ci4\\app\\Views\\artikel\\admin_index.php')
 5 SYSTEMPATH\View\View.php(227): CodeIgniter\View\View->CodeIgniter\View\{closure}()
 6 SYSTEMPATH\Common.php(1173): CodeIgniter\View\View->render('artikel/admin_index', [], true)
 7 APPPATH\Controllers\artikel.php(57): view('artikel/admin_index', [...])
 8 SYSTEMPATH\CodeIgniter.php(933): App\Controllers\Artikel->admin_index()
 9 SYSTEMPATH\CodeIgniter.php(507): CodeIgniter\CodeIgniter->runController(Object(App\Controllers\Artikel))
10 SYSTEMPATH\CodeIgniter.php(354): CodeIgniter\CodeIgniter->handleRequest(null, Object(Config\Cache), false)
11 SYSTEMPATH\Boot.php(334): CodeIgniter\CodeIgniter->run()
12 SYSTEMPATH\Boot.php(67): CodeIgniter\Boot::runCodeIgniter(Object(CodeIgniter\CodeIgniter))
13 FCPATH\index.php(56): CodeIgniter\Boot::bootWeb(Object(Config\Paths))
WARNING - 2025-06-01 23:11:18 --> [DEPRECATED] Passing lowercase HTTP method "get" is deprecated. Use uppercase HTTP method like "GET". in SYSTEMPATH\Router\RouteCollection.php on line 1029.
 1 SYSTEMPATH\Router\RouteCollection.php(1029): trigger_error('Passing lowercase HTTP method "get" is deprecated. Use uppercase HTTP method like "GET".', 16384)
 2 APPPATH\Config\Routes.php(14): CodeIgniter\Router\RouteCollection->match([...], 'user/login', 'User::login')
 3 SYSTEMPATH\Router\RouteCollection.php(339): require('C:\\xampp\\htdocs\\lab7web\\ci4\\app\\Config\\Routes.php')
 4 SYSTEMPATH\CodeIgniter.php(821): CodeIgniter\Router\RouteCollection->loadRoutes()
 5 SYSTEMPATH\CodeIgniter.php(455): CodeIgniter\CodeIgniter->tryToRouteIt(null)
 6 SYSTEMPATH\CodeIgniter.php(354): CodeIgniter\CodeIgniter->handleRequest(null, Object(Config\Cache), false)
 7 SYSTEMPATH\Boot.php(334): CodeIgniter\CodeIgniter->run()
 8 SYSTEMPATH\Boot.php(67): CodeIgniter\Boot::runCodeIgniter(Object(CodeIgniter\CodeIgniter))
 9 FCPATH\index.php(56): CodeIgniter\Boot::bootWeb(Object(Config\Paths))
WARNING - 2025-06-01 23:11:18 --> [DEPRECATED] Passing lowercase HTTP method "post" is deprecated. Use uppercase HTTP method like "POST". in SYSTEMPATH\Router\RouteCollection.php on line 1029.
 1 SYSTEMPATH\Router\RouteCollection.php(1029): trigger_error('Passing lowercase HTTP method "post" is deprecated. Use uppercase HTTP method like "POST".', 16384)
 2 APPPATH\Config\Routes.php(14): CodeIgniter\Router\RouteCollection->match([...], 'user/login', 'User::login')
 3 SYSTEMPATH\Router\RouteCollection.php(339): require('C:\\xampp\\htdocs\\lab7web\\ci4\\app\\Config\\Routes.php')
 4 SYSTEMPATH\CodeIgniter.php(821): CodeIgniter\Router\RouteCollection->loadRoutes()
 5 SYSTEMPATH\CodeIgniter.php(455): CodeIgniter\CodeIgniter->tryToRouteIt(null)
 6 SYSTEMPATH\CodeIgniter.php(354): CodeIgniter\CodeIgniter->handleRequest(null, Object(Config\Cache), false)
 7 SYSTEMPATH\Boot.php(334): CodeIgniter\CodeIgniter->run()
 8 SYSTEMPATH\Boot.php(67): CodeIgniter\Boot::runCodeIgniter(Object(CodeIgniter\CodeIgniter))
 9 FCPATH\index.php(56): CodeIgniter\Boot::bootWeb(Object(Config\Paths))
DEBUG - 2025-06-01 23:11:18 --> Session: Class initialized using 'CodeIgniter\Session\Handlers\FileHandler' driver.
WARNING - 2025-06-01 23:31:43 --> [DEPRECATED] Passing lowercase HTTP method "get" is deprecated. Use uppercase HTTP method like "GET". in SYSTEMPATH\Router\RouteCollection.php on line 1029.
 1 SYSTEMPATH\Router\RouteCollection.php(1029): trigger_error('Passing lowercase HTTP method "get" is deprecated. Use uppercase HTTP method like "GET".', 16384)
 2 APPPATH\Config\Routes.php(14): CodeIgniter\Router\RouteCollection->match([...], 'user/login', 'User::login')
 3 SYSTEMPATH\Router\RouteCollection.php(339): require('C:\\xampp\\htdocs\\lab7web\\ci4\\app\\Config\\Routes.php')
 4 SYSTEMPATH\CodeIgniter.php(821): CodeIgniter\Router\RouteCollection->loadRoutes()
 5 SYSTEMPATH\CodeIgniter.php(455): CodeIgniter\CodeIgniter->tryToRouteIt(null)
 6 SYSTEMPATH\CodeIgniter.php(354): CodeIgniter\CodeIgniter->handleRequest(null, Object(Config\Cache), false)
 7 SYSTEMPATH\Boot.php(334): CodeIgniter\CodeIgniter->run()
 8 SYSTEMPATH\Boot.php(67): CodeIgniter\Boot::runCodeIgniter(Object(CodeIgniter\CodeIgniter))
 9 FCPATH\index.php(56): CodeIgniter\Boot::bootWeb(Object(Config\Paths))
WARNING - 2025-06-01 23:31:43 --> [DEPRECATED] Passing lowercase HTTP method "post" is deprecated. Use uppercase HTTP method like "POST". in SYSTEMPATH\Router\RouteCollection.php on line 1029.
 1 SYSTEMPATH\Router\RouteCollection.php(1029): trigger_error('Passing lowercase HTTP method "post" is deprecated. Use uppercase HTTP method like "POST".', 16384)
 2 APPPATH\Config\Routes.php(14): CodeIgniter\Router\RouteCollection->match([...], 'user/login', 'User::login')
 3 SYSTEMPATH\Router\RouteCollection.php(339): require('C:\\xampp\\htdocs\\lab7web\\ci4\\app\\Config\\Routes.php')
 4 SYSTEMPATH\CodeIgniter.php(821): CodeIgniter\Router\RouteCollection->loadRoutes()
 5 SYSTEMPATH\CodeIgniter.php(455): CodeIgniter\CodeIgniter->tryToRouteIt(null)
 6 SYSTEMPATH\CodeIgniter.php(354): CodeIgniter\CodeIgniter->handleRequest(null, Object(Config\Cache), false)
 7 SYSTEMPATH\Boot.php(334): CodeIgniter\CodeIgniter->run()
 8 SYSTEMPATH\Boot.php(67): CodeIgniter\Boot::runCodeIgniter(Object(CodeIgniter\CodeIgniter))
 9 FCPATH\index.php(56): CodeIgniter\Boot::bootWeb(Object(Config\Paths))
DEBUG - 2025-06-01 23:31:43 --> Session: Class initialized using 'CodeIgniter\Session\Handlers\FileHandler' driver.
WARNING - 2025-06-01 23:35:11 --> [DEPRECATED] Passing lowercase HTTP method "get" is deprecated. Use uppercase HTTP method like "GET". in SYSTEMPATH\Router\RouteCollection.php on line 1029.
 1 SYSTEMPATH\Router\RouteCollection.php(1029): trigger_error('Passing lowercase HTTP method "get" is deprecated. Use uppercase HTTP method like "GET".', 16384)
 2 APPPATH\Config\Routes.php(14): CodeIgniter\Router\RouteCollection->match([...], 'user/login', 'User::login')
 3 SYSTEMPATH\Router\RouteCollection.php(339): require('C:\\xampp\\htdocs\\lab7web\\ci4\\app\\Config\\Routes.php')
 4 SYSTEMPATH\CodeIgniter.php(821): CodeIgniter\Router\RouteCollection->loadRoutes()
 5 SYSTEMPATH\CodeIgniter.php(455): CodeIgniter\CodeIgniter->tryToRouteIt(null)
 6 SYSTEMPATH\CodeIgniter.php(354): CodeIgniter\CodeIgniter->handleRequest(null, Object(Config\Cache), false)
 7 SYSTEMPATH\Boot.php(334): CodeIgniter\CodeIgniter->run()
 8 SYSTEMPATH\Boot.php(67): CodeIgniter\Boot::runCodeIgniter(Object(CodeIgniter\CodeIgniter))
 9 FCPATH\index.php(56): CodeIgniter\Boot::bootWeb(Object(Config\Paths))
WARNING - 2025-06-01 23:35:11 --> [DEPRECATED] Passing lowercase HTTP method "post" is deprecated. Use uppercase HTTP method like "POST". in SYSTEMPATH\Router\RouteCollection.php on line 1029.
 1 SYSTEMPATH\Router\RouteCollection.php(1029): trigger_error('Passing lowercase HTTP method "post" is deprecated. Use uppercase HTTP method like "POST".', 16384)
 2 APPPATH\Config\Routes.php(14): CodeIgniter\Router\RouteCollection->match([...], 'user/login', 'User::login')
 3 SYSTEMPATH\Router\RouteCollection.php(339): require('C:\\xampp\\htdocs\\lab7web\\ci4\\app\\Config\\Routes.php')
 4 SYSTEMPATH\CodeIgniter.php(821): CodeIgniter\Router\RouteCollection->loadRoutes()
 5 SYSTEMPATH\CodeIgniter.php(455): CodeIgniter\CodeIgniter->tryToRouteIt(null)
 6 SYSTEMPATH\CodeIgniter.php(354): CodeIgniter\CodeIgniter->handleRequest(null, Object(Config\Cache), false)
 7 SYSTEMPATH\Boot.php(334): CodeIgniter\CodeIgniter->run()
 8 SYSTEMPATH\Boot.php(67): CodeIgniter\Boot::runCodeIgniter(Object(CodeIgniter\CodeIgniter))
 9 FCPATH\index.php(56): CodeIgniter\Boot::bootWeb(Object(Config\Paths))
DEBUG - 2025-06-01 23:35:11 --> Session: Class initialized using 'CodeIgniter\Session\Handlers\FileHandler' driver.
WARNING - 2025-06-01 23:35:14 --> [DEPRECATED] Passing lowercase HTTP method "get" is deprecated. Use uppercase HTTP method like "GET". in SYSTEMPATH\Router\RouteCollection.php on line 1029.
 1 SYSTEMPATH\Router\RouteCollection.php(1029): trigger_error('Passing lowercase HTTP method "get" is deprecated. Use uppercase HTTP method like "GET".', 16384)
 2 APPPATH\Config\Routes.php(14): CodeIgniter\Router\RouteCollection->match([...], 'user/login', 'User::login')
 3 SYSTEMPATH\Router\RouteCollection.php(339): require('C:\\xampp\\htdocs\\lab7web\\ci4\\app\\Config\\Routes.php')
 4 SYSTEMPATH\CodeIgniter.php(821): CodeIgniter\Router\RouteCollection->loadRoutes()
 5 SYSTEMPATH\CodeIgniter.php(455): CodeIgniter\CodeIgniter->tryToRouteIt(null)
 6 SYSTEMPATH\CodeIgniter.php(354): CodeIgniter\CodeIgniter->handleRequest(null, Object(Config\Cache), false)
 7 SYSTEMPATH\Boot.php(334): CodeIgniter\CodeIgniter->run()
 8 SYSTEMPATH\Boot.php(67): CodeIgniter\Boot::runCodeIgniter(Object(CodeIgniter\CodeIgniter))
 9 FCPATH\index.php(56): CodeIgniter\Boot::bootWeb(Object(Config\Paths))
WARNING - 2025-06-01 23:35:14 --> [DEPRECATED] Passing lowercase HTTP method "post" is deprecated. Use uppercase HTTP method like "POST". in SYSTEMPATH\Router\RouteCollection.php on line 1029.
 1 SYSTEMPATH\Router\RouteCollection.php(1029): trigger_error('Passing lowercase HTTP method "post" is deprecated. Use uppercase HTTP method like "POST".', 16384)
 2 APPPATH\Config\Routes.php(14): CodeIgniter\Router\RouteCollection->match([...], 'user/login', 'User::login')
 3 SYSTEMPATH\Router\RouteCollection.php(339): require('C:\\xampp\\htdocs\\lab7web\\ci4\\app\\Config\\Routes.php')
 4 SYSTEMPATH\CodeIgniter.php(821): CodeIgniter\Router\RouteCollection->loadRoutes()
 5 SYSTEMPATH\CodeIgniter.php(455): CodeIgniter\CodeIgniter->tryToRouteIt(null)
 6 SYSTEMPATH\CodeIgniter.php(354): CodeIgniter\CodeIgniter->handleRequest(null, Object(Config\Cache), false)
 7 SYSTEMPATH\Boot.php(334): CodeIgniter\CodeIgniter->run()
 8 SYSTEMPATH\Boot.php(67): CodeIgniter\Boot::runCodeIgniter(Object(CodeIgniter\CodeIgniter))
 9 FCPATH\index.php(56): CodeIgniter\Boot::bootWeb(Object(Config\Paths))
DEBUG - 2025-06-01 23:35:14 --> Session: Class initialized using 'CodeIgniter\Session\Handlers\FileHandler' driver.
WARNING - 2025-06-01 23:37:19 --> [DEPRECATED] Passing lowercase HTTP method "get" is deprecated. Use uppercase HTTP method like "GET". in SYSTEMPATH\Router\RouteCollection.php on line 1029.
 1 SYSTEMPATH\Router\RouteCollection.php(1029): trigger_error('Passing lowercase HTTP method "get" is deprecated. Use uppercase HTTP method like "GET".', 16384)
 2 APPPATH\Config\Routes.php(14): CodeIgniter\Router\RouteCollection->match([...], 'user/login', 'User::login')
 3 SYSTEMPATH\Router\RouteCollection.php(339): require('C:\\xampp\\htdocs\\lab7web\\ci4\\app\\Config\\Routes.php')
 4 SYSTEMPATH\CodeIgniter.php(821): CodeIgniter\Router\RouteCollection->loadRoutes()
 5 SYSTEMPATH\CodeIgniter.php(455): CodeIgniter\CodeIgniter->tryToRouteIt(null)
 6 SYSTEMPATH\CodeIgniter.php(354): CodeIgniter\CodeIgniter->handleRequest(null, Object(Config\Cache), false)
 7 SYSTEMPATH\Boot.php(334): CodeIgniter\CodeIgniter->run()
 8 SYSTEMPATH\Boot.php(67): CodeIgniter\Boot::runCodeIgniter(Object(CodeIgniter\CodeIgniter))
 9 FCPATH\index.php(56): CodeIgniter\Boot::bootWeb(Object(Config\Paths))
WARNING - 2025-06-01 23:37:19 --> [DEPRECATED] Passing lowercase HTTP method "post" is deprecated. Use uppercase HTTP method like "POST". in SYSTEMPATH\Router\RouteCollection.php on line 1029.
 1 SYSTEMPATH\Router\RouteCollection.php(1029): trigger_error('Passing lowercase HTTP method "post" is deprecated. Use uppercase HTTP method like "POST".', 16384)
 2 APPPATH\Config\Routes.php(14): CodeIgniter\Router\RouteCollection->match([...], 'user/login', 'User::login')
 3 SYSTEMPATH\Router\RouteCollection.php(339): require('C:\\xampp\\htdocs\\lab7web\\ci4\\app\\Config\\Routes.php')
 4 SYSTEMPATH\CodeIgniter.php(821): CodeIgniter\Router\RouteCollection->loadRoutes()
 5 SYSTEMPATH\CodeIgniter.php(455): CodeIgniter\CodeIgniter->tryToRouteIt(null)
 6 SYSTEMPATH\CodeIgniter.php(354): CodeIgniter\CodeIgniter->handleRequest(null, Object(Config\Cache), false)
 7 SYSTEMPATH\Boot.php(334): CodeIgniter\CodeIgniter->run()
 8 SYSTEMPATH\Boot.php(67): CodeIgniter\Boot::runCodeIgniter(Object(CodeIgniter\CodeIgniter))
 9 FCPATH\index.php(56): CodeIgniter\Boot::bootWeb(Object(Config\Paths))
DEBUG - 2025-06-01 23:37:19 --> Session: Class initialized using 'CodeIgniter\Session\Handlers\FileHandler' driver.
WARNING - 2025-06-01 23:37:22 --> [DEPRECATED] Passing lowercase HTTP method "get" is deprecated. Use uppercase HTTP method like "GET". in SYSTEMPATH\Router\RouteCollection.php on line 1029.
 1 SYSTEMPATH\Router\RouteCollection.php(1029): trigger_error('Passing lowercase HTTP method "get" is deprecated. Use uppercase HTTP method like "GET".', 16384)
 2 APPPATH\Config\Routes.php(14): CodeIgniter\Router\RouteCollection->match([...], 'user/login', 'User::login')
 3 SYSTEMPATH\Router\RouteCollection.php(339): require('C:\\xampp\\htdocs\\lab7web\\ci4\\app\\Config\\Routes.php')
 4 SYSTEMPATH\CodeIgniter.php(821): CodeIgniter\Router\RouteCollection->loadRoutes()
 5 SYSTEMPATH\CodeIgniter.php(455): CodeIgniter\CodeIgniter->tryToRouteIt(null)
 6 SYSTEMPATH\CodeIgniter.php(354): CodeIgniter\CodeIgniter->handleRequest(null, Object(Config\Cache), false)
 7 SYSTEMPATH\Boot.php(334): CodeIgniter\CodeIgniter->run()
 8 SYSTEMPATH\Boot.php(67): CodeIgniter\Boot::runCodeIgniter(Object(CodeIgniter\CodeIgniter))
 9 FCPATH\index.php(56): CodeIgniter\Boot::bootWeb(Object(Config\Paths))
WARNING - 2025-06-01 23:37:22 --> [DEPRECATED] Passing lowercase HTTP method "post" is deprecated. Use uppercase HTTP method like "POST". in SYSTEMPATH\Router\RouteCollection.php on line 1029.
 1 SYSTEMPATH\Router\RouteCollection.php(1029): trigger_error('Passing lowercase HTTP method "post" is deprecated. Use uppercase HTTP method like "POST".', 16384)
 2 APPPATH\Config\Routes.php(14): CodeIgniter\Router\RouteCollection->match([...], 'user/login', 'User::login')
 3 SYSTEMPATH\Router\RouteCollection.php(339): require('C:\\xampp\\htdocs\\lab7web\\ci4\\app\\Config\\Routes.php')
 4 SYSTEMPATH\CodeIgniter.php(821): CodeIgniter\Router\RouteCollection->loadRoutes()
 5 SYSTEMPATH\CodeIgniter.php(455): CodeIgniter\CodeIgniter->tryToRouteIt(null)
 6 SYSTEMPATH\CodeIgniter.php(354): CodeIgniter\CodeIgniter->handleRequest(null, Object(Config\Cache), false)
 7 SYSTEMPATH\Boot.php(334): CodeIgniter\CodeIgniter->run()
 8 SYSTEMPATH\Boot.php(67): CodeIgniter\Boot::runCodeIgniter(Object(CodeIgniter\CodeIgniter))
 9 FCPATH\index.php(56): CodeIgniter\Boot::bootWeb(Object(Config\Paths))
DEBUG - 2025-06-01 23:37:22 --> Session: Class initialized using 'CodeIgniter\Session\Handlers\FileHandler' driver.
WARNING - 2025-06-01 23:49:40 --> [DEPRECATED] Passing lowercase HTTP method "get" is deprecated. Use uppercase HTTP method like "GET". in SYSTEMPATH\Router\RouteCollection.php on line 1029.
 1 SYSTEMPATH\Router\RouteCollection.php(1029): trigger_error('Passing lowercase HTTP method "get" is deprecated. Use uppercase HTTP method like "GET".', 16384)
 2 APPPATH\Config\Routes.php(14): CodeIgniter\Router\RouteCollection->match([...], 'user/login', 'User::login')
 3 SYSTEMPATH\Router\RouteCollection.php(339): require('C:\\xampp\\htdocs\\lab7web\\ci4\\app\\Config\\Routes.php')
 4 SYSTEMPATH\CodeIgniter.php(821): CodeIgniter\Router\RouteCollection->loadRoutes()
 5 SYSTEMPATH\CodeIgniter.php(455): CodeIgniter\CodeIgniter->tryToRouteIt(null)
 6 SYSTEMPATH\CodeIgniter.php(354): CodeIgniter\CodeIgniter->handleRequest(null, Object(Config\Cache), false)
 7 SYSTEMPATH\Boot.php(334): CodeIgniter\CodeIgniter->run()
 8 SYSTEMPATH\Boot.php(67): CodeIgniter\Boot::runCodeIgniter(Object(CodeIgniter\CodeIgniter))
 9 FCPATH\index.php(56): CodeIgniter\Boot::bootWeb(Object(Config\Paths))
WARNING - 2025-06-01 23:49:40 --> [DEPRECATED] Passing lowercase HTTP method "post" is deprecated. Use uppercase HTTP method like "POST". in SYSTEMPATH\Router\RouteCollection.php on line 1029.
 1 SYSTEMPATH\Router\RouteCollection.php(1029): trigger_error('Passing lowercase HTTP method "post" is deprecated. Use uppercase HTTP method like "POST".', 16384)
 2 APPPATH\Config\Routes.php(14): CodeIgniter\Router\RouteCollection->match([...], 'user/login', 'User::login')
 3 SYSTEMPATH\Router\RouteCollection.php(339): require('C:\\xampp\\htdocs\\lab7web\\ci4\\app\\Config\\Routes.php')
 4 SYSTEMPATH\CodeIgniter.php(821): CodeIgniter\Router\RouteCollection->loadRoutes()
 5 SYSTEMPATH\CodeIgniter.php(455): CodeIgniter\CodeIgniter->tryToRouteIt(null)
 6 SYSTEMPATH\CodeIgniter.php(354): CodeIgniter\CodeIgniter->handleRequest(null, Object(Config\Cache), false)
 7 SYSTEMPATH\Boot.php(334): CodeIgniter\CodeIgniter->run()
 8 SYSTEMPATH\Boot.php(67): CodeIgniter\Boot::runCodeIgniter(Object(CodeIgniter\CodeIgniter))
 9 FCPATH\index.php(56): CodeIgniter\Boot::bootWeb(Object(Config\Paths))
DEBUG - 2025-06-01 23:49:40 --> Session: Class initialized using 'CodeIgniter\Session\Handlers\FileHandler' driver.
WARNING - 2025-06-01 23:49:42 --> [DEPRECATED] Passing lowercase HTTP method "get" is deprecated. Use uppercase HTTP method like "GET". in SYSTEMPATH\Router\RouteCollection.php on line 1029.
 1 SYSTEMPATH\Router\RouteCollection.php(1029): trigger_error('Passing lowercase HTTP method "get" is deprecated. Use uppercase HTTP method like "GET".', 16384)
 2 APPPATH\Config\Routes.php(14): CodeIgniter\Router\RouteCollection->match([...], 'user/login', 'User::login')
 3 SYSTEMPATH\Router\RouteCollection.php(339): require('C:\\xampp\\htdocs\\lab7web\\ci4\\app\\Config\\Routes.php')
 4 SYSTEMPATH\CodeIgniter.php(821): CodeIgniter\Router\RouteCollection->loadRoutes()
 5 SYSTEMPATH\CodeIgniter.php(455): CodeIgniter\CodeIgniter->tryToRouteIt(null)
 6 SYSTEMPATH\CodeIgniter.php(354): CodeIgniter\CodeIgniter->handleRequest(null, Object(Config\Cache), false)
 7 SYSTEMPATH\Boot.php(334): CodeIgniter\CodeIgniter->run()
 8 SYSTEMPATH\Boot.php(67): CodeIgniter\Boot::runCodeIgniter(Object(CodeIgniter\CodeIgniter))
 9 FCPATH\index.php(56): CodeIgniter\Boot::bootWeb(Object(Config\Paths))
WARNING - 2025-06-01 23:49:42 --> [DEPRECATED] Passing lowercase HTTP method "post" is deprecated. Use uppercase HTTP method like "POST". in SYSTEMPATH\Router\RouteCollection.php on line 1029.
 1 SYSTEMPATH\Router\RouteCollection.php(1029): trigger_error('Passing lowercase HTTP method "post" is deprecated. Use uppercase HTTP method like "POST".', 16384)
 2 APPPATH\Config\Routes.php(14): CodeIgniter\Router\RouteCollection->match([...], 'user/login', 'User::login')
 3 SYSTEMPATH\Router\RouteCollection.php(339): require('C:\\xampp\\htdocs\\lab7web\\ci4\\app\\Config\\Routes.php')
 4 SYSTEMPATH\CodeIgniter.php(821): CodeIgniter\Router\RouteCollection->loadRoutes()
 5 SYSTEMPATH\CodeIgniter.php(455): CodeIgniter\CodeIgniter->tryToRouteIt(null)
 6 SYSTEMPATH\CodeIgniter.php(354): CodeIgniter\CodeIgniter->handleRequest(null, Object(Config\Cache), false)
 7 SYSTEMPATH\Boot.php(334): CodeIgniter\CodeIgniter->run()
 8 SYSTEMPATH\Boot.php(67): CodeIgniter\Boot::runCodeIgniter(Object(CodeIgniter\CodeIgniter))
 9 FCPATH\index.php(56): CodeIgniter\Boot::bootWeb(Object(Config\Paths))
DEBUG - 2025-06-01 23:49:42 --> Session: Class initialized using 'CodeIgniter\Session\Handlers\FileHandler' driver.
WARNING - 2025-06-01 23:51:09 --> [DEPRECATED] Passing lowercase HTTP method "get" is deprecated. Use uppercase HTTP method like "GET". in SYSTEMPATH\Router\RouteCollection.php on line 1029.
 1 SYSTEMPATH\Router\RouteCollection.php(1029): trigger_error('Passing lowercase HTTP method "get" is deprecated. Use uppercase HTTP method like "GET".', 16384)
 2 APPPATH\Config\Routes.php(14): CodeIgniter\Router\RouteCollection->match([...], 'user/login', 'User::login')
 3 SYSTEMPATH\Router\RouteCollection.php(339): require('C:\\xampp\\htdocs\\lab7web\\ci4\\app\\Config\\Routes.php')
 4 SYSTEMPATH\CodeIgniter.php(821): CodeIgniter\Router\RouteCollection->loadRoutes()
 5 SYSTEMPATH\CodeIgniter.php(455): CodeIgniter\CodeIgniter->tryToRouteIt(null)
 6 SYSTEMPATH\CodeIgniter.php(354): CodeIgniter\CodeIgniter->handleRequest(null, Object(Config\Cache), false)
 7 SYSTEMPATH\Boot.php(334): CodeIgniter\CodeIgniter->run()
 8 SYSTEMPATH\Boot.php(67): CodeIgniter\Boot::runCodeIgniter(Object(CodeIgniter\CodeIgniter))
 9 FCPATH\index.php(56): CodeIgniter\Boot::bootWeb(Object(Config\Paths))
WARNING - 2025-06-01 23:51:09 --> [DEPRECATED] Passing lowercase HTTP method "post" is deprecated. Use uppercase HTTP method like "POST". in SYSTEMPATH\Router\RouteCollection.php on line 1029.
 1 SYSTEMPATH\Router\RouteCollection.php(1029): trigger_error('Passing lowercase HTTP method "post" is deprecated. Use uppercase HTTP method like "POST".', 16384)
 2 APPPATH\Config\Routes.php(14): CodeIgniter\Router\RouteCollection->match([...], 'user/login', 'User::login')
 3 SYSTEMPATH\Router\RouteCollection.php(339): require('C:\\xampp\\htdocs\\lab7web\\ci4\\app\\Config\\Routes.php')
 4 SYSTEMPATH\CodeIgniter.php(821): CodeIgniter\Router\RouteCollection->loadRoutes()
 5 SYSTEMPATH\CodeIgniter.php(455): CodeIgniter\CodeIgniter->tryToRouteIt(null)
 6 SYSTEMPATH\CodeIgniter.php(354): CodeIgniter\CodeIgniter->handleRequest(null, Object(Config\Cache), false)
 7 SYSTEMPATH\Boot.php(334): CodeIgniter\CodeIgniter->run()
 8 SYSTEMPATH\Boot.php(67): CodeIgniter\Boot::runCodeIgniter(Object(CodeIgniter\CodeIgniter))
 9 FCPATH\index.php(56): CodeIgniter\Boot::bootWeb(Object(Config\Paths))
DEBUG - 2025-06-01 23:51:09 --> Session: Class initialized using 'CodeIgniter\Session\Handlers\FileHandler' driver.
WARNING - 2025-06-01 23:51:12 --> [DEPRECATED] Passing lowercase HTTP method "get" is deprecated. Use uppercase HTTP method like "GET". in SYSTEMPATH\Router\RouteCollection.php on line 1029.
 1 SYSTEMPATH\Router\RouteCollection.php(1029): trigger_error('Passing lowercase HTTP method "get" is deprecated. Use uppercase HTTP method like "GET".', 16384)
 2 APPPATH\Config\Routes.php(14): CodeIgniter\Router\RouteCollection->match([...], 'user/login', 'User::login')
 3 SYSTEMPATH\Router\RouteCollection.php(339): require('C:\\xampp\\htdocs\\lab7web\\ci4\\app\\Config\\Routes.php')
 4 SYSTEMPATH\CodeIgniter.php(821): CodeIgniter\Router\RouteCollection->loadRoutes()
 5 SYSTEMPATH\CodeIgniter.php(455): CodeIgniter\CodeIgniter->tryToRouteIt(null)
 6 SYSTEMPATH\CodeIgniter.php(354): CodeIgniter\CodeIgniter->handleRequest(null, Object(Config\Cache), false)
 7 SYSTEMPATH\Boot.php(334): CodeIgniter\CodeIgniter->run()
 8 SYSTEMPATH\Boot.php(67): CodeIgniter\Boot::runCodeIgniter(Object(CodeIgniter\CodeIgniter))
 9 FCPATH\index.php(56): CodeIgniter\Boot::bootWeb(Object(Config\Paths))
WARNING - 2025-06-01 23:51:12 --> [DEPRECATED] Passing lowercase HTTP method "post" is deprecated. Use uppercase HTTP method like "POST". in SYSTEMPATH\Router\RouteCollection.php on line 1029.
 1 SYSTEMPATH\Router\RouteCollection.php(1029): trigger_error('Passing lowercase HTTP method "post" is deprecated. Use uppercase HTTP method like "POST".', 16384)
 2 APPPATH\Config\Routes.php(14): CodeIgniter\Router\RouteCollection->match([...], 'user/login', 'User::login')
 3 SYSTEMPATH\Router\RouteCollection.php(339): require('C:\\xampp\\htdocs\\lab7web\\ci4\\app\\Config\\Routes.php')
 4 SYSTEMPATH\CodeIgniter.php(821): CodeIgniter\Router\RouteCollection->loadRoutes()
 5 SYSTEMPATH\CodeIgniter.php(455): CodeIgniter\CodeIgniter->tryToRouteIt(null)
 6 SYSTEMPATH\CodeIgniter.php(354): CodeIgniter\CodeIgniter->handleRequest(null, Object(Config\Cache), false)
 7 SYSTEMPATH\Boot.php(334): CodeIgniter\CodeIgniter->run()
 8 SYSTEMPATH\Boot.php(67): CodeIgniter\Boot::runCodeIgniter(Object(CodeIgniter\CodeIgniter))
 9 FCPATH\index.php(56): CodeIgniter\Boot::bootWeb(Object(Config\Paths))
DEBUG - 2025-06-01 23:51:12 --> Session: Class initialized using 'CodeIgniter\Session\Handlers\FileHandler' driver.
WARNING - 2025-06-01 23:51:54 --> [DEPRECATED] Passing lowercase HTTP method "get" is deprecated. Use uppercase HTTP method like "GET". in SYSTEMPATH\Router\RouteCollection.php on line 1029.
 1 SYSTEMPATH\Router\RouteCollection.php(1029): trigger_error('Passing lowercase HTTP method "get" is deprecated. Use uppercase HTTP method like "GET".', 16384)
 2 APPPATH\Config\Routes.php(14): CodeIgniter\Router\RouteCollection->match([...], 'user/login', 'User::login')
 3 SYSTEMPATH\Router\RouteCollection.php(339): require('C:\\xampp\\htdocs\\lab7web\\ci4\\app\\Config\\Routes.php')
 4 SYSTEMPATH\CodeIgniter.php(821): CodeIgniter\Router\RouteCollection->loadRoutes()
 5 SYSTEMPATH\CodeIgniter.php(455): CodeIgniter\CodeIgniter->tryToRouteIt(null)
 6 SYSTEMPATH\CodeIgniter.php(354): CodeIgniter\CodeIgniter->handleRequest(null, Object(Config\Cache), false)
 7 SYSTEMPATH\Boot.php(334): CodeIgniter\CodeIgniter->run()
 8 SYSTEMPATH\Boot.php(67): CodeIgniter\Boot::runCodeIgniter(Object(CodeIgniter\CodeIgniter))
 9 FCPATH\index.php(56): CodeIgniter\Boot::bootWeb(Object(Config\Paths))
WARNING - 2025-06-01 23:51:54 --> [DEPRECATED] Passing lowercase HTTP method "post" is deprecated. Use uppercase HTTP method like "POST". in SYSTEMPATH\Router\RouteCollection.php on line 1029.
 1 SYSTEMPATH\Router\RouteCollection.php(1029): trigger_error('Passing lowercase HTTP method "post" is deprecated. Use uppercase HTTP method like "POST".', 16384)
 2 APPPATH\Config\Routes.php(14): CodeIgniter\Router\RouteCollection->match([...], 'user/login', 'User::login')
 3 SYSTEMPATH\Router\RouteCollection.php(339): require('C:\\xampp\\htdocs\\lab7web\\ci4\\app\\Config\\Routes.php')
 4 SYSTEMPATH\CodeIgniter.php(821): CodeIgniter\Router\RouteCollection->loadRoutes()
 5 SYSTEMPATH\CodeIgniter.php(455): CodeIgniter\CodeIgniter->tryToRouteIt(null)
 6 SYSTEMPATH\CodeIgniter.php(354): CodeIgniter\CodeIgniter->handleRequest(null, Object(Config\Cache), false)
 7 SYSTEMPATH\Boot.php(334): CodeIgniter\CodeIgniter->run()
 8 SYSTEMPATH\Boot.php(67): CodeIgniter\Boot::runCodeIgniter(Object(CodeIgniter\CodeIgniter))
 9 FCPATH\index.php(56): CodeIgniter\Boot::bootWeb(Object(Config\Paths))
DEBUG - 2025-06-01 23:51:54 --> Session: Class initialized using 'CodeIgniter\Session\Handlers\FileHandler' driver.
WARNING - 2025-06-01 23:56:42 --> [DEPRECATED] Passing lowercase HTTP method "get" is deprecated. Use uppercase HTTP method like "GET". in SYSTEMPATH\Router\RouteCollection.php on line 1029.
 1 SYSTEMPATH\Router\RouteCollection.php(1029): trigger_error('Passing lowercase HTTP method "get" is deprecated. Use uppercase HTTP method like "GET".', 16384)
 2 APPPATH\Config\Routes.php(14): CodeIgniter\Router\RouteCollection->match([...], 'user/login', 'User::login')
 3 SYSTEMPATH\Router\RouteCollection.php(339): require('C:\\xampp\\htdocs\\lab7web\\ci4\\app\\Config\\Routes.php')
 4 SYSTEMPATH\CodeIgniter.php(821): CodeIgniter\Router\RouteCollection->loadRoutes()
 5 SYSTEMPATH\CodeIgniter.php(455): CodeIgniter\CodeIgniter->tryToRouteIt(null)
 6 SYSTEMPATH\CodeIgniter.php(354): CodeIgniter\CodeIgniter->handleRequest(null, Object(Config\Cache), false)
 7 SYSTEMPATH\Boot.php(334): CodeIgniter\CodeIgniter->run()
 8 SYSTEMPATH\Boot.php(67): CodeIgniter\Boot::runCodeIgniter(Object(CodeIgniter\CodeIgniter))
 9 FCPATH\index.php(56): CodeIgniter\Boot::bootWeb(Object(Config\Paths))
WARNING - 2025-06-01 23:56:42 --> [DEPRECATED] Passing lowercase HTTP method "post" is deprecated. Use uppercase HTTP method like "POST". in SYSTEMPATH\Router\RouteCollection.php on line 1029.
 1 SYSTEMPATH\Router\RouteCollection.php(1029): trigger_error('Passing lowercase HTTP method "post" is deprecated. Use uppercase HTTP method like "POST".', 16384)
 2 APPPATH\Config\Routes.php(14): CodeIgniter\Router\RouteCollection->match([...], 'user/login', 'User::login')
 3 SYSTEMPATH\Router\RouteCollection.php(339): require('C:\\xampp\\htdocs\\lab7web\\ci4\\app\\Config\\Routes.php')
 4 SYSTEMPATH\CodeIgniter.php(821): CodeIgniter\Router\RouteCollection->loadRoutes()
 5 SYSTEMPATH\CodeIgniter.php(455): CodeIgniter\CodeIgniter->tryToRouteIt(null)
 6 SYSTEMPATH\CodeIgniter.php(354): CodeIgniter\CodeIgniter->handleRequest(null, Object(Config\Cache), false)
 7 SYSTEMPATH\Boot.php(334): CodeIgniter\CodeIgniter->run()
 8 SYSTEMPATH\Boot.php(67): CodeIgniter\Boot::runCodeIgniter(Object(CodeIgniter\CodeIgniter))
 9 FCPATH\index.php(56): CodeIgniter\Boot::bootWeb(Object(Config\Paths))
DEBUG - 2025-06-01 23:56:42 --> Session: Class initialized using 'CodeIgniter\Session\Handlers\FileHandler' driver.
CRITICAL - 2025-06-01 23:56:42 --> CodeIgniter\View\Exceptions\ViewException: Invalid file: "C:\xampp\htdocs\lab7web\ci4\app\template/admin_header.php"
[Method: GET, Route: admin/artikel]
in SYSTEMPATH\Exceptions\FrameworkException.php on line 39.
 1 SYSTEMPATH\View\View.php(212): CodeIgniter\Exceptions\FrameworkException::forInvalidFile('C:\\xampp\\htdocs\\lab7web\\ci4\\app\\template/admin_header.php')
 2 SYSTEMPATH\View\View.php(475): CodeIgniter\View\View->render('C:\\xampp\\htdocs\\lab7web\\ci4\\app\\template/admin_header', null, true)
 3 APPPATH\Views\artikel\admin_index.php(1): CodeIgniter\View\View->include('C:\\xampp\\htdocs\\lab7web\\ci4\\app\\template/admin_header')
 4 SYSTEMPATH\View\View.php(224): include('C:\\xampp\\htdocs\\lab7web\\ci4\\app\\Views\\artikel\\admin_index.php')
 5 SYSTEMPATH\View\View.php(227): CodeIgniter\View\View->CodeIgniter\View\{closure}()
 6 SYSTEMPATH\Common.php(1173): CodeIgniter\View\View->render('artikel/admin_index', [], true)
 7 APPPATH\Controllers\artikel.php(57): view('artikel/admin_index', [...])
 8 SYSTEMPATH\CodeIgniter.php(933): App\Controllers\Artikel->admin_index()
 9 SYSTEMPATH\CodeIgniter.php(507): CodeIgniter\CodeIgniter->runController(Object(App\Controllers\Artikel))
10 SYSTEMPATH\CodeIgniter.php(354): CodeIgniter\CodeIgniter->handleRequest(null, Object(Config\Cache), false)
11 SYSTEMPATH\Boot.php(334): CodeIgniter\CodeIgniter->run()
12 SYSTEMPATH\Boot.php(67): CodeIgniter\Boot::runCodeIgniter(Object(CodeIgniter\CodeIgniter))
13 FCPATH\index.php(56): CodeIgniter\Boot::bootWeb(Object(Config\Paths))
WARNING - 2025-06-01 23:57:57 --> [DEPRECATED] Passing lowercase HTTP method "get" is deprecated. Use uppercase HTTP method like "GET". in SYSTEMPATH\Router\RouteCollection.php on line 1029.
 1 SYSTEMPATH\Router\RouteCollection.php(1029): trigger_error('Passing lowercase HTTP method "get" is deprecated. Use uppercase HTTP method like "GET".', 16384)
 2 APPPATH\Config\Routes.php(14): CodeIgniter\Router\RouteCollection->match([...], 'user/login', 'User::login')
 3 SYSTEMPATH\Router\RouteCollection.php(339): require('C:\\xampp\\htdocs\\lab7web\\ci4\\app\\Config\\Routes.php')
 4 SYSTEMPATH\CodeIgniter.php(821): CodeIgniter\Router\RouteCollection->loadRoutes()
 5 SYSTEMPATH\CodeIgniter.php(455): CodeIgniter\CodeIgniter->tryToRouteIt(null)
 6 SYSTEMPATH\CodeIgniter.php(354): CodeIgniter\CodeIgniter->handleRequest(null, Object(Config\Cache), false)
 7 SYSTEMPATH\Boot.php(334): CodeIgniter\CodeIgniter->run()
 8 SYSTEMPATH\Boot.php(67): CodeIgniter\Boot::runCodeIgniter(Object(CodeIgniter\CodeIgniter))
 9 FCPATH\index.php(56): CodeIgniter\Boot::bootWeb(Object(Config\Paths))
WARNING - 2025-06-01 23:57:57 --> [DEPRECATED] Passing lowercase HTTP method "post" is deprecated. Use uppercase HTTP method like "POST". in SYSTEMPATH\Router\RouteCollection.php on line 1029.
 1 SYSTEMPATH\Router\RouteCollection.php(1029): trigger_error('Passing lowercase HTTP method "post" is deprecated. Use uppercase HTTP method like "POST".', 16384)
 2 APPPATH\Config\Routes.php(14): CodeIgniter\Router\RouteCollection->match([...], 'user/login', 'User::login')
 3 SYSTEMPATH\Router\RouteCollection.php(339): require('C:\\xampp\\htdocs\\lab7web\\ci4\\app\\Config\\Routes.php')
 4 SYSTEMPATH\CodeIgniter.php(821): CodeIgniter\Router\RouteCollection->loadRoutes()
 5 SYSTEMPATH\CodeIgniter.php(455): CodeIgniter\CodeIgniter->tryToRouteIt(null)
 6 SYSTEMPATH\CodeIgniter.php(354): CodeIgniter\CodeIgniter->handleRequest(null, Object(Config\Cache), false)
 7 SYSTEMPATH\Boot.php(334): CodeIgniter\CodeIgniter->run()
 8 SYSTEMPATH\Boot.php(67): CodeIgniter\Boot::runCodeIgniter(Object(CodeIgniter\CodeIgniter))
 9 FCPATH\index.php(56): CodeIgniter\Boot::bootWeb(Object(Config\Paths))
DEBUG - 2025-06-01 23:57:57 --> Session: Class initialized using 'CodeIgniter\Session\Handlers\FileHandler' driver.
CRITICAL - 2025-06-01 23:57:57 --> CodeIgniter\View\Exceptions\ViewException: Invalid file: "C:\xampp\htdocs\lab7web\ci4\app\template/admin_header.php"
[Method: GET, Route: admin/artikel]
in SYSTEMPATH\Exceptions\FrameworkException.php on line 39.
 1 SYSTEMPATH\View\View.php(212): CodeIgniter\Exceptions\FrameworkException::forInvalidFile('C:\\xampp\\htdocs\\lab7web\\ci4\\app\\template/admin_header.php')
 2 SYSTEMPATH\View\View.php(475): CodeIgniter\View\View->render('C:\\xampp\\htdocs\\lab7web\\ci4\\app\\template/admin_header', null, true)
 3 APPPATH\Views\artikel\admin_index.php(1): CodeIgniter\View\View->include('C:\\xampp\\htdocs\\lab7web\\ci4\\app\\template/admin_header')
 4 SYSTEMPATH\View\View.php(224): include('C:\\xampp\\htdocs\\lab7web\\ci4\\app\\Views\\artikel\\admin_index.php')
 5 SYSTEMPATH\View\View.php(227): CodeIgniter\View\View->CodeIgniter\View\{closure}()
 6 SYSTEMPATH\Common.php(1173): CodeIgniter\View\View->render('artikel/admin_index', [], true)
 7 APPPATH\Controllers\artikel.php(57): view('artikel/admin_index', [...])
 8 SYSTEMPATH\CodeIgniter.php(933): App\Controllers\Artikel->admin_index()
 9 SYSTEMPATH\CodeIgniter.php(507): CodeIgniter\CodeIgniter->runController(Object(App\Controllers\Artikel))
10 SYSTEMPATH\CodeIgniter.php(354): CodeIgniter\CodeIgniter->handleRequest(null, Object(Config\Cache), false)
11 SYSTEMPATH\Boot.php(334): CodeIgniter\CodeIgniter->run()
12 SYSTEMPATH\Boot.php(67): CodeIgniter\Boot::runCodeIgniter(Object(CodeIgniter\CodeIgniter))
13 FCPATH\index.php(56): CodeIgniter\Boot::bootWeb(Object(Config\Paths))
WARNING - 2025-06-01 23:57:58 --> [DEPRECATED] Passing lowercase HTTP method "get" is deprecated. Use uppercase HTTP method like "GET". in SYSTEMPATH\Router\RouteCollection.php on line 1029.
 1 SYSTEMPATH\Router\RouteCollection.php(1029): trigger_error('Passing lowercase HTTP method "get" is deprecated. Use uppercase HTTP method like "GET".', 16384)
 2 APPPATH\Config\Routes.php(14): CodeIgniter\Router\RouteCollection->match([...], 'user/login', 'User::login')
 3 SYSTEMPATH\Router\RouteCollection.php(339): require('C:\\xampp\\htdocs\\lab7web\\ci4\\app\\Config\\Routes.php')
 4 SYSTEMPATH\CodeIgniter.php(821): CodeIgniter\Router\RouteCollection->loadRoutes()
 5 SYSTEMPATH\CodeIgniter.php(455): CodeIgniter\CodeIgniter->tryToRouteIt(null)
 6 SYSTEMPATH\CodeIgniter.php(354): CodeIgniter\CodeIgniter->handleRequest(null, Object(Config\Cache), false)
 7 SYSTEMPATH\Boot.php(334): CodeIgniter\CodeIgniter->run()
 8 SYSTEMPATH\Boot.php(67): CodeIgniter\Boot::runCodeIgniter(Object(CodeIgniter\CodeIgniter))
 9 FCPATH\index.php(56): CodeIgniter\Boot::bootWeb(Object(Config\Paths))
WARNING - 2025-06-01 23:57:58 --> [DEPRECATED] Passing lowercase HTTP method "post" is deprecated. Use uppercase HTTP method like "POST". in SYSTEMPATH\Router\RouteCollection.php on line 1029.
 1 SYSTEMPATH\Router\RouteCollection.php(1029): trigger_error('Passing lowercase HTTP method "post" is deprecated. Use uppercase HTTP method like "POST".', 16384)
 2 APPPATH\Config\Routes.php(14): CodeIgniter\Router\RouteCollection->match([...], 'user/login', 'User::login')
 3 SYSTEMPATH\Router\RouteCollection.php(339): require('C:\\xampp\\htdocs\\lab7web\\ci4\\app\\Config\\Routes.php')
 4 SYSTEMPATH\CodeIgniter.php(821): CodeIgniter\Router\RouteCollection->loadRoutes()
 5 SYSTEMPATH\CodeIgniter.php(455): CodeIgniter\CodeIgniter->tryToRouteIt(null)
 6 SYSTEMPATH\CodeIgniter.php(354): CodeIgniter\CodeIgniter->handleRequest(null, Object(Config\Cache), false)
 7 SYSTEMPATH\Boot.php(334): CodeIgniter\CodeIgniter->run()
 8 SYSTEMPATH\Boot.php(67): CodeIgniter\Boot::runCodeIgniter(Object(CodeIgniter\CodeIgniter))
 9 FCPATH\index.php(56): CodeIgniter\Boot::bootWeb(Object(Config\Paths))
DEBUG - 2025-06-01 23:57:58 --> Session: Class initialized using 'CodeIgniter\Session\Handlers\FileHandler' driver.
CRITICAL - 2025-06-01 23:57:58 --> CodeIgniter\View\Exceptions\ViewException: Invalid file: "C:\xampp\htdocs\lab7web\ci4\app\template/admin_header.php"
[Method: GET, Route: admin/artikel]
in SYSTEMPATH\Exceptions\FrameworkException.php on line 39.
 1 SYSTEMPATH\View\View.php(212): CodeIgniter\Exceptions\FrameworkException::forInvalidFile('C:\\xampp\\htdocs\\lab7web\\ci4\\app\\template/admin_header.php')
 2 SYSTEMPATH\View\View.php(475): CodeIgniter\View\View->render('C:\\xampp\\htdocs\\lab7web\\ci4\\app\\template/admin_header', null, true)
 3 APPPATH\Views\artikel\admin_index.php(1): CodeIgniter\View\View->include('C:\\xampp\\htdocs\\lab7web\\ci4\\app\\template/admin_header')
 4 SYSTEMPATH\View\View.php(224): include('C:\\xampp\\htdocs\\lab7web\\ci4\\app\\Views\\artikel\\admin_index.php')
 5 SYSTEMPATH\View\View.php(227): CodeIgniter\View\View->CodeIgniter\View\{closure}()
 6 SYSTEMPATH\Common.php(1173): CodeIgniter\View\View->render('artikel/admin_index', [], true)
 7 APPPATH\Controllers\artikel.php(57): view('artikel/admin_index', [...])
 8 SYSTEMPATH\CodeIgniter.php(933): App\Controllers\Artikel->admin_index()
 9 SYSTEMPATH\CodeIgniter.php(507): CodeIgniter\CodeIgniter->runController(Object(App\Controllers\Artikel))
10 SYSTEMPATH\CodeIgniter.php(354): CodeIgniter\CodeIgniter->handleRequest(null, Object(Config\Cache), false)
11 SYSTEMPATH\Boot.php(334): CodeIgniter\CodeIgniter->run()
12 SYSTEMPATH\Boot.php(67): CodeIgniter\Boot::runCodeIgniter(Object(CodeIgniter\CodeIgniter))
13 FCPATH\index.php(56): CodeIgniter\Boot::bootWeb(Object(Config\Paths))
