DEBUG - 2025-06-23 13:36:12 --> Session: Class initialized using 'CodeIgniter\Session\Handlers\FileHandler' driver.
DEBUG - 2025-06-23 13:36:12 --> Session: Class initialized using 'CodeIgniter\Session\Handlers\FileHandler' driver.
DEBUG - 2025-06-23 13:36:15 --> Session: Class initialized using 'CodeIgniter\Session\Handlers\FileHandler' driver.
DEBUG - 2025-06-23 13:36:15 --> Session: Class initialized using 'CodeIgniter\Session\Handlers\FileHandler' driver.
ERROR - 2025-06-23 13:36:15 --> mysqli_sql_exception: Unknown column 'kategori.id_kategori' in 'on clause' in C:\xampp\htdocs\lab7web\ci4\system\Database\MySQLi\Connection.php:327
Stack trace:
#0 C:\xampp\htdocs\lab7web\ci4\system\Database\MySQLi\Connection.php(327): mysqli->query('SELECT COUNT(*)...', 0)
#1 C:\xampp\htdocs\lab7web\ci4\system\Database\BaseConnection.php(738): CodeIgniter\Database\MySQLi\Connection->execute('SELECT COUNT(*)...')
#2 C:\xampp\htdocs\lab7web\ci4\system\Database\BaseConnection.php(652): CodeIgniter\Database\BaseConnection->simpleQuery('SELECT COUNT(*)...')
#3 C:\xampp\htdocs\lab7web\ci4\system\Database\BaseBuilder.php(1733): CodeIgniter\Database\BaseConnection->query('SELECT COUNT(*)...', Array, false)
#4 C:\xampp\htdocs\lab7web\ci4\system\Model.php(676): CodeIgniter\Database\BaseBuilder->countAllResults(false)
#5 C:\xampp\htdocs\lab7web\ci4\system\BaseModel.php(1283): CodeIgniter\Model->countAllResults(false)
#6 C:\xampp\htdocs\lab7web\ci4\app\Controllers\Artikel.php(82): CodeIgniter\BaseModel->paginate(10)
#7 C:\xampp\htdocs\lab7web\ci4\system\CodeIgniter.php(933): App\Controllers\Artikel->admin_index()
#8 C:\xampp\htdocs\lab7web\ci4\system\CodeIgniter.php(507): CodeIgniter\CodeIgniter->runController(Object(App\Controllers\Artikel))
#9 C:\xampp\htdocs\lab7web\ci4\system\CodeIgniter.php(354): CodeIgniter\CodeIgniter->handleRequest(NULL, Object(Config\Cache), false)
#10 C:\xampp\htdocs\lab7web\ci4\system\Boot.php(334): CodeIgniter\CodeIgniter->run()
#11 C:\xampp\htdocs\lab7web\ci4\system\Boot.php(67): CodeIgniter\Boot::runCodeIgniter(Object(CodeIgniter\CodeIgniter))
#12 C:\xampp\htdocs\lab7web\ci4\public\index.php(56): CodeIgniter\Boot::bootWeb(Object(Config\Paths))
#13 {main}
CRITICAL - 2025-06-23 13:36:15 --> CodeIgniter\Database\Exceptions\DatabaseException: Unknown column 'kategori.id_kategori' in 'on clause'
[Method: GET, Route: admin/artikel]
in SYSTEMPATH\Database\BaseConnection.php on line 692.
 1 SYSTEMPATH\Database\BaseBuilder.php(1733): CodeIgniter\Database\BaseConnection->query('SELECT COUNT(*) AS `numrows`
FROM `artikel`
JOIN `kategori` ON `kategori`.`id_kategori` = `artikel`.`id_kategori`', [], false)
 2 SYSTEMPATH\Model.php(676): CodeIgniter\Database\BaseBuilder->countAllResults(false)
 3 SYSTEMPATH\BaseModel.php(1283): CodeIgniter\Model->countAllResults(false)
 4 APPPATH\Controllers\Artikel.php(82): CodeIgniter\BaseModel->paginate(10)
 5 SYSTEMPATH\CodeIgniter.php(933): App\Controllers\Artikel->admin_index()
 6 SYSTEMPATH\CodeIgniter.php(507): CodeIgniter\CodeIgniter->runController(Object(App\Controllers\Artikel))
 7 SYSTEMPATH\CodeIgniter.php(354): CodeIgniter\CodeIgniter->handleRequest(null, Object(Config\Cache), false)
 8 SYSTEMPATH\Boot.php(334): CodeIgniter\CodeIgniter->run()
 9 SYSTEMPATH\Boot.php(67): CodeIgniter\Boot::runCodeIgniter(Object(CodeIgniter\CodeIgniter))
10 FCPATH\index.php(56): CodeIgniter\Boot::bootWeb(Object(Config\Paths))
CRITICAL - 2025-06-23 13:36:15 --> [Caused by] CodeIgniter\Database\Exceptions\DatabaseException: Unknown column 'kategori.id_kategori' in 'on clause'
in SYSTEMPATH\Database\MySQLi\Connection.php on line 332.
 1 SYSTEMPATH\Database\BaseConnection.php(738): CodeIgniter\Database\MySQLi\Connection->execute('SELECT COUNT(*) AS `numrows`
FROM `artikel`
JOIN `kategori` ON `kategori`.`id_kategori` = `artikel`.`id_kategori`')
 2 SYSTEMPATH\Database\BaseConnection.php(652): CodeIgniter\Database\BaseConnection->simpleQuery('SELECT COUNT(*) AS `numrows`
FROM `artikel`
JOIN `kategori` ON `kategori`.`id_kategori` = `artikel`.`id_kategori`')
 3 SYSTEMPATH\Database\BaseBuilder.php(1733): CodeIgniter\Database\BaseConnection->query('SELECT COUNT(*) AS `numrows`
FROM `artikel`
JOIN `kategori` ON `kategori`.`id_kategori` = `artikel`.`id_kategori`', [], false)
 4 SYSTEMPATH\Model.php(676): CodeIgniter\Database\BaseBuilder->countAllResults(false)
 5 SYSTEMPATH\BaseModel.php(1283): CodeIgniter\Model->countAllResults(false)
 6 APPPATH\Controllers\Artikel.php(82): CodeIgniter\BaseModel->paginate(10)
 7 SYSTEMPATH\CodeIgniter.php(933): App\Controllers\Artikel->admin_index()
 8 SYSTEMPATH\CodeIgniter.php(507): CodeIgniter\CodeIgniter->runController(Object(App\Controllers\Artikel))
 9 SYSTEMPATH\CodeIgniter.php(354): CodeIgniter\CodeIgniter->handleRequest(null, Object(Config\Cache), false)
10 SYSTEMPATH\Boot.php(334): CodeIgniter\CodeIgniter->run()
11 SYSTEMPATH\Boot.php(67): CodeIgniter\Boot::runCodeIgniter(Object(CodeIgniter\CodeIgniter))
12 FCPATH\index.php(56): CodeIgniter\Boot::bootWeb(Object(Config\Paths))
CRITICAL - 2025-06-23 13:36:15 --> [Caused by] mysqli_sql_exception: Unknown column 'kategori.id_kategori' in 'on clause'
in SYSTEMPATH\Database\MySQLi\Connection.php on line 327.
 1 SYSTEMPATH\Database\MySQLi\Connection.php(327): mysqli->query('SELECT COUNT(*) AS `numrows`
FROM `artikel`
JOIN `kategori` ON `kategori`.`id_kategori` = `artikel`.`id_kategori`', 0)
 2 SYSTEMPATH\Database\BaseConnection.php(738): CodeIgniter\Database\MySQLi\Connection->execute('SELECT COUNT(*) AS `numrows`
FROM `artikel`
JOIN `kategori` ON `kategori`.`id_kategori` = `artikel`.`id_kategori`')
 3 SYSTEMPATH\Database\BaseConnection.php(652): CodeIgniter\Database\BaseConnection->simpleQuery('SELECT COUNT(*) AS `numrows`
FROM `artikel`
JOIN `kategori` ON `kategori`.`id_kategori` = `artikel`.`id_kategori`')
 4 SYSTEMPATH\Database\BaseBuilder.php(1733): CodeIgniter\Database\BaseConnection->query('SELECT COUNT(*) AS `numrows`
FROM `artikel`
JOIN `kategori` ON `kategori`.`id_kategori` = `artikel`.`id_kategori`', [], false)
 5 SYSTEMPATH\Model.php(676): CodeIgniter\Database\BaseBuilder->countAllResults(false)
 6 SYSTEMPATH\BaseModel.php(1283): CodeIgniter\Model->countAllResults(false)
 7 APPPATH\Controllers\Artikel.php(82): CodeIgniter\BaseModel->paginate(10)
 8 SYSTEMPATH\CodeIgniter.php(933): App\Controllers\Artikel->admin_index()
 9 SYSTEMPATH\CodeIgniter.php(507): CodeIgniter\CodeIgniter->runController(Object(App\Controllers\Artikel))
10 SYSTEMPATH\CodeIgniter.php(354): CodeIgniter\CodeIgniter->handleRequest(null, Object(Config\Cache), false)
11 SYSTEMPATH\Boot.php(334): CodeIgniter\CodeIgniter->run()
12 SYSTEMPATH\Boot.php(67): CodeIgniter\Boot::runCodeIgniter(Object(CodeIgniter\CodeIgniter))
13 FCPATH\index.php(56): CodeIgniter\Boot::bootWeb(Object(Config\Paths))
DEBUG - 2025-06-23 13:36:19 --> Session: Class initialized using 'CodeIgniter\Session\Handlers\FileHandler' driver.
ERROR - 2025-06-23 13:36:19 --> mysqli_sql_exception: Unknown column 'kategori.id_kategori' in 'on clause' in C:\xampp\htdocs\lab7web\ci4\system\Database\MySQLi\Connection.php:327
Stack trace:
#0 C:\xampp\htdocs\lab7web\ci4\system\Database\MySQLi\Connection.php(327): mysqli->query('SELECT COUNT(*)...', 0)
#1 C:\xampp\htdocs\lab7web\ci4\system\Database\BaseConnection.php(738): CodeIgniter\Database\MySQLi\Connection->execute('SELECT COUNT(*)...')
#2 C:\xampp\htdocs\lab7web\ci4\system\Database\BaseConnection.php(652): CodeIgniter\Database\BaseConnection->simpleQuery('SELECT COUNT(*)...')
#3 C:\xampp\htdocs\lab7web\ci4\system\Database\BaseBuilder.php(1733): CodeIgniter\Database\BaseConnection->query('SELECT COUNT(*)...', Array, false)
#4 C:\xampp\htdocs\lab7web\ci4\system\Model.php(676): CodeIgniter\Database\BaseBuilder->countAllResults(false)
#5 C:\xampp\htdocs\lab7web\ci4\system\BaseModel.php(1283): CodeIgniter\Model->countAllResults(false)
#6 C:\xampp\htdocs\lab7web\ci4\app\Controllers\Artikel.php(82): CodeIgniter\BaseModel->paginate(10)
#7 C:\xampp\htdocs\lab7web\ci4\system\CodeIgniter.php(933): App\Controllers\Artikel->admin_index()
#8 C:\xampp\htdocs\lab7web\ci4\system\CodeIgniter.php(507): CodeIgniter\CodeIgniter->runController(Object(App\Controllers\Artikel))
#9 C:\xampp\htdocs\lab7web\ci4\system\CodeIgniter.php(354): CodeIgniter\CodeIgniter->handleRequest(NULL, Object(Config\Cache), false)
#10 C:\xampp\htdocs\lab7web\ci4\system\Boot.php(334): CodeIgniter\CodeIgniter->run()
#11 C:\xampp\htdocs\lab7web\ci4\system\Boot.php(67): CodeIgniter\Boot::runCodeIgniter(Object(CodeIgniter\CodeIgniter))
#12 C:\xampp\htdocs\lab7web\ci4\public\index.php(56): CodeIgniter\Boot::bootWeb(Object(Config\Paths))
#13 {main}
CRITICAL - 2025-06-23 13:36:19 --> CodeIgniter\Database\Exceptions\DatabaseException: Unknown column 'kategori.id_kategori' in 'on clause'
[Method: GET, Route: admin/artikel]
in SYSTEMPATH\Database\BaseConnection.php on line 692.
 1 SYSTEMPATH\Database\BaseBuilder.php(1733): CodeIgniter\Database\BaseConnection->query('SELECT COUNT(*) AS `numrows`
FROM `artikel`
JOIN `kategori` ON `kategori`.`id_kategori` = `artikel`.`id_kategori`', [], false)
 2 SYSTEMPATH\Model.php(676): CodeIgniter\Database\BaseBuilder->countAllResults(false)
 3 SYSTEMPATH\BaseModel.php(1283): CodeIgniter\Model->countAllResults(false)
 4 APPPATH\Controllers\Artikel.php(82): CodeIgniter\BaseModel->paginate(10)
 5 SYSTEMPATH\CodeIgniter.php(933): App\Controllers\Artikel->admin_index()
 6 SYSTEMPATH\CodeIgniter.php(507): CodeIgniter\CodeIgniter->runController(Object(App\Controllers\Artikel))
 7 SYSTEMPATH\CodeIgniter.php(354): CodeIgniter\CodeIgniter->handleRequest(null, Object(Config\Cache), false)
 8 SYSTEMPATH\Boot.php(334): CodeIgniter\CodeIgniter->run()
 9 SYSTEMPATH\Boot.php(67): CodeIgniter\Boot::runCodeIgniter(Object(CodeIgniter\CodeIgniter))
10 FCPATH\index.php(56): CodeIgniter\Boot::bootWeb(Object(Config\Paths))
CRITICAL - 2025-06-23 13:36:19 --> [Caused by] CodeIgniter\Database\Exceptions\DatabaseException: Unknown column 'kategori.id_kategori' in 'on clause'
in SYSTEMPATH\Database\MySQLi\Connection.php on line 332.
 1 SYSTEMPATH\Database\BaseConnection.php(738): CodeIgniter\Database\MySQLi\Connection->execute('SELECT COUNT(*) AS `numrows`
FROM `artikel`
JOIN `kategori` ON `kategori`.`id_kategori` = `artikel`.`id_kategori`')
 2 SYSTEMPATH\Database\BaseConnection.php(652): CodeIgniter\Database\BaseConnection->simpleQuery('SELECT COUNT(*) AS `numrows`
FROM `artikel`
JOIN `kategori` ON `kategori`.`id_kategori` = `artikel`.`id_kategori`')
 3 SYSTEMPATH\Database\BaseBuilder.php(1733): CodeIgniter\Database\BaseConnection->query('SELECT COUNT(*) AS `numrows`
FROM `artikel`
JOIN `kategori` ON `kategori`.`id_kategori` = `artikel`.`id_kategori`', [], false)
 4 SYSTEMPATH\Model.php(676): CodeIgniter\Database\BaseBuilder->countAllResults(false)
 5 SYSTEMPATH\BaseModel.php(1283): CodeIgniter\Model->countAllResults(false)
 6 APPPATH\Controllers\Artikel.php(82): CodeIgniter\BaseModel->paginate(10)
 7 SYSTEMPATH\CodeIgniter.php(933): App\Controllers\Artikel->admin_index()
 8 SYSTEMPATH\CodeIgniter.php(507): CodeIgniter\CodeIgniter->runController(Object(App\Controllers\Artikel))
 9 SYSTEMPATH\CodeIgniter.php(354): CodeIgniter\CodeIgniter->handleRequest(null, Object(Config\Cache), false)
10 SYSTEMPATH\Boot.php(334): CodeIgniter\CodeIgniter->run()
11 SYSTEMPATH\Boot.php(67): CodeIgniter\Boot::runCodeIgniter(Object(CodeIgniter\CodeIgniter))
12 FCPATH\index.php(56): CodeIgniter\Boot::bootWeb(Object(Config\Paths))
CRITICAL - 2025-06-23 13:36:19 --> [Caused by] mysqli_sql_exception: Unknown column 'kategori.id_kategori' in 'on clause'
in SYSTEMPATH\Database\MySQLi\Connection.php on line 327.
 1 SYSTEMPATH\Database\MySQLi\Connection.php(327): mysqli->query('SELECT COUNT(*) AS `numrows`
FROM `artikel`
JOIN `kategori` ON `kategori`.`id_kategori` = `artikel`.`id_kategori`', 0)
 2 SYSTEMPATH\Database\BaseConnection.php(738): CodeIgniter\Database\MySQLi\Connection->execute('SELECT COUNT(*) AS `numrows`
FROM `artikel`
JOIN `kategori` ON `kategori`.`id_kategori` = `artikel`.`id_kategori`')
 3 SYSTEMPATH\Database\BaseConnection.php(652): CodeIgniter\Database\BaseConnection->simpleQuery('SELECT COUNT(*) AS `numrows`
FROM `artikel`
JOIN `kategori` ON `kategori`.`id_kategori` = `artikel`.`id_kategori`')
 4 SYSTEMPATH\Database\BaseBuilder.php(1733): CodeIgniter\Database\BaseConnection->query('SELECT COUNT(*) AS `numrows`
FROM `artikel`
JOIN `kategori` ON `kategori`.`id_kategori` = `artikel`.`id_kategori`', [], false)
 5 SYSTEMPATH\Model.php(676): CodeIgniter\Database\BaseBuilder->countAllResults(false)
 6 SYSTEMPATH\BaseModel.php(1283): CodeIgniter\Model->countAllResults(false)
 7 APPPATH\Controllers\Artikel.php(82): CodeIgniter\BaseModel->paginate(10)
 8 SYSTEMPATH\CodeIgniter.php(933): App\Controllers\Artikel->admin_index()
 9 SYSTEMPATH\CodeIgniter.php(507): CodeIgniter\CodeIgniter->runController(Object(App\Controllers\Artikel))
10 SYSTEMPATH\CodeIgniter.php(354): CodeIgniter\CodeIgniter->handleRequest(null, Object(Config\Cache), false)
11 SYSTEMPATH\Boot.php(334): CodeIgniter\CodeIgniter->run()
12 SYSTEMPATH\Boot.php(67): CodeIgniter\Boot::runCodeIgniter(Object(CodeIgniter\CodeIgniter))
13 FCPATH\index.php(56): CodeIgniter\Boot::bootWeb(Object(Config\Paths))
DEBUG - 2025-06-23 13:37:21 --> Session: Class initialized using 'CodeIgniter\Session\Handlers\FileHandler' driver.
ERROR - 2025-06-23 13:37:21 --> mysqli_sql_exception: Unknown column 'artikel.id_kategori' in 'on clause' in C:\xampp\htdocs\lab7web\ci4\system\Database\MySQLi\Connection.php:327
Stack trace:
#0 C:\xampp\htdocs\lab7web\ci4\system\Database\MySQLi\Connection.php(327): mysqli->query('SELECT COUNT(*)...', 0)
#1 C:\xampp\htdocs\lab7web\ci4\system\Database\BaseConnection.php(738): CodeIgniter\Database\MySQLi\Connection->execute('SELECT COUNT(*)...')
#2 C:\xampp\htdocs\lab7web\ci4\system\Database\BaseConnection.php(652): CodeIgniter\Database\BaseConnection->simpleQuery('SELECT COUNT(*)...')
#3 C:\xampp\htdocs\lab7web\ci4\system\Database\BaseBuilder.php(1733): CodeIgniter\Database\BaseConnection->query('SELECT COUNT(*)...', Array, false)
#4 C:\xampp\htdocs\lab7web\ci4\system\Model.php(676): CodeIgniter\Database\BaseBuilder->countAllResults(false)
#5 C:\xampp\htdocs\lab7web\ci4\system\BaseModel.php(1283): CodeIgniter\Model->countAllResults(false)
#6 C:\xampp\htdocs\lab7web\ci4\app\Controllers\Artikel.php(82): CodeIgniter\BaseModel->paginate(10)
#7 C:\xampp\htdocs\lab7web\ci4\system\CodeIgniter.php(933): App\Controllers\Artikel->admin_index()
#8 C:\xampp\htdocs\lab7web\ci4\system\CodeIgniter.php(507): CodeIgniter\CodeIgniter->runController(Object(App\Controllers\Artikel))
#9 C:\xampp\htdocs\lab7web\ci4\system\CodeIgniter.php(354): CodeIgniter\CodeIgniter->handleRequest(NULL, Object(Config\Cache), false)
#10 C:\xampp\htdocs\lab7web\ci4\system\Boot.php(334): CodeIgniter\CodeIgniter->run()
#11 C:\xampp\htdocs\lab7web\ci4\system\Boot.php(67): CodeIgniter\Boot::runCodeIgniter(Object(CodeIgniter\CodeIgniter))
#12 C:\xampp\htdocs\lab7web\ci4\public\index.php(56): CodeIgniter\Boot::bootWeb(Object(Config\Paths))
#13 {main}
CRITICAL - 2025-06-23 13:37:21 --> CodeIgniter\Database\Exceptions\DatabaseException: Unknown column 'artikel.id_kategori' in 'on clause'
[Method: GET, Route: admin/artikel]
in SYSTEMPATH\Database\BaseConnection.php on line 692.
 1 SYSTEMPATH\Database\BaseBuilder.php(1733): CodeIgniter\Database\BaseConnection->query('SELECT COUNT(*) AS `numrows`
FROM `artikel`
JOIN `kategori` ON `kategori`.`id_kategori` = `artikel`.`id_kategori`', [], false)
 2 SYSTEMPATH\Model.php(676): CodeIgniter\Database\BaseBuilder->countAllResults(false)
 3 SYSTEMPATH\BaseModel.php(1283): CodeIgniter\Model->countAllResults(false)
 4 APPPATH\Controllers\Artikel.php(82): CodeIgniter\BaseModel->paginate(10)
 5 SYSTEMPATH\CodeIgniter.php(933): App\Controllers\Artikel->admin_index()
 6 SYSTEMPATH\CodeIgniter.php(507): CodeIgniter\CodeIgniter->runController(Object(App\Controllers\Artikel))
 7 SYSTEMPATH\CodeIgniter.php(354): CodeIgniter\CodeIgniter->handleRequest(null, Object(Config\Cache), false)
 8 SYSTEMPATH\Boot.php(334): CodeIgniter\CodeIgniter->run()
 9 SYSTEMPATH\Boot.php(67): CodeIgniter\Boot::runCodeIgniter(Object(CodeIgniter\CodeIgniter))
10 FCPATH\index.php(56): CodeIgniter\Boot::bootWeb(Object(Config\Paths))
CRITICAL - 2025-06-23 13:37:21 --> [Caused by] CodeIgniter\Database\Exceptions\DatabaseException: Unknown column 'artikel.id_kategori' in 'on clause'
in SYSTEMPATH\Database\MySQLi\Connection.php on line 332.
 1 SYSTEMPATH\Database\BaseConnection.php(738): CodeIgniter\Database\MySQLi\Connection->execute('SELECT COUNT(*) AS `numrows`
FROM `artikel`
JOIN `kategori` ON `kategori`.`id_kategori` = `artikel`.`id_kategori`')
 2 SYSTEMPATH\Database\BaseConnection.php(652): CodeIgniter\Database\BaseConnection->simpleQuery('SELECT COUNT(*) AS `numrows`
FROM `artikel`
JOIN `kategori` ON `kategori`.`id_kategori` = `artikel`.`id_kategori`')
 3 SYSTEMPATH\Database\BaseBuilder.php(1733): CodeIgniter\Database\BaseConnection->query('SELECT COUNT(*) AS `numrows`
FROM `artikel`
JOIN `kategori` ON `kategori`.`id_kategori` = `artikel`.`id_kategori`', [], false)
 4 SYSTEMPATH\Model.php(676): CodeIgniter\Database\BaseBuilder->countAllResults(false)
 5 SYSTEMPATH\BaseModel.php(1283): CodeIgniter\Model->countAllResults(false)
 6 APPPATH\Controllers\Artikel.php(82): CodeIgniter\BaseModel->paginate(10)
 7 SYSTEMPATH\CodeIgniter.php(933): App\Controllers\Artikel->admin_index()
 8 SYSTEMPATH\CodeIgniter.php(507): CodeIgniter\CodeIgniter->runController(Object(App\Controllers\Artikel))
 9 SYSTEMPATH\CodeIgniter.php(354): CodeIgniter\CodeIgniter->handleRequest(null, Object(Config\Cache), false)
10 SYSTEMPATH\Boot.php(334): CodeIgniter\CodeIgniter->run()
11 SYSTEMPATH\Boot.php(67): CodeIgniter\Boot::runCodeIgniter(Object(CodeIgniter\CodeIgniter))
12 FCPATH\index.php(56): CodeIgniter\Boot::bootWeb(Object(Config\Paths))
CRITICAL - 2025-06-23 13:37:21 --> [Caused by] mysqli_sql_exception: Unknown column 'artikel.id_kategori' in 'on clause'
in SYSTEMPATH\Database\MySQLi\Connection.php on line 327.
 1 SYSTEMPATH\Database\MySQLi\Connection.php(327): mysqli->query('SELECT COUNT(*) AS `numrows`
FROM `artikel`
JOIN `kategori` ON `kategori`.`id_kategori` = `artikel`.`id_kategori`', 0)
 2 SYSTEMPATH\Database\BaseConnection.php(738): CodeIgniter\Database\MySQLi\Connection->execute('SELECT COUNT(*) AS `numrows`
FROM `artikel`
JOIN `kategori` ON `kategori`.`id_kategori` = `artikel`.`id_kategori`')
 3 SYSTEMPATH\Database\BaseConnection.php(652): CodeIgniter\Database\BaseConnection->simpleQuery('SELECT COUNT(*) AS `numrows`
FROM `artikel`
JOIN `kategori` ON `kategori`.`id_kategori` = `artikel`.`id_kategori`')
 4 SYSTEMPATH\Database\BaseBuilder.php(1733): CodeIgniter\Database\BaseConnection->query('SELECT COUNT(*) AS `numrows`
FROM `artikel`
JOIN `kategori` ON `kategori`.`id_kategori` = `artikel`.`id_kategori`', [], false)
 5 SYSTEMPATH\Model.php(676): CodeIgniter\Database\BaseBuilder->countAllResults(false)
 6 SYSTEMPATH\BaseModel.php(1283): CodeIgniter\Model->countAllResults(false)
 7 APPPATH\Controllers\Artikel.php(82): CodeIgniter\BaseModel->paginate(10)
 8 SYSTEMPATH\CodeIgniter.php(933): App\Controllers\Artikel->admin_index()
 9 SYSTEMPATH\CodeIgniter.php(507): CodeIgniter\CodeIgniter->runController(Object(App\Controllers\Artikel))
10 SYSTEMPATH\CodeIgniter.php(354): CodeIgniter\CodeIgniter->handleRequest(null, Object(Config\Cache), false)
11 SYSTEMPATH\Boot.php(334): CodeIgniter\CodeIgniter->run()
12 SYSTEMPATH\Boot.php(67): CodeIgniter\Boot::runCodeIgniter(Object(CodeIgniter\CodeIgniter))
13 FCPATH\index.php(56): CodeIgniter\Boot::bootWeb(Object(Config\Paths))
DEBUG - 2025-06-23 13:37:23 --> Session: Class initialized using 'CodeIgniter\Session\Handlers\FileHandler' driver.
ERROR - 2025-06-23 13:37:23 --> mysqli_sql_exception: Unknown column 'artikel.id_kategori' in 'on clause' in C:\xampp\htdocs\lab7web\ci4\system\Database\MySQLi\Connection.php:327
Stack trace:
#0 C:\xampp\htdocs\lab7web\ci4\system\Database\MySQLi\Connection.php(327): mysqli->query('SELECT COUNT(*)...', 0)
#1 C:\xampp\htdocs\lab7web\ci4\system\Database\BaseConnection.php(738): CodeIgniter\Database\MySQLi\Connection->execute('SELECT COUNT(*)...')
#2 C:\xampp\htdocs\lab7web\ci4\system\Database\BaseConnection.php(652): CodeIgniter\Database\BaseConnection->simpleQuery('SELECT COUNT(*)...')
#3 C:\xampp\htdocs\lab7web\ci4\system\Database\BaseBuilder.php(1733): CodeIgniter\Database\BaseConnection->query('SELECT COUNT(*)...', Array, false)
#4 C:\xampp\htdocs\lab7web\ci4\system\Model.php(676): CodeIgniter\Database\BaseBuilder->countAllResults(false)
#5 C:\xampp\htdocs\lab7web\ci4\system\BaseModel.php(1283): CodeIgniter\Model->countAllResults(false)
#6 C:\xampp\htdocs\lab7web\ci4\app\Controllers\Artikel.php(82): CodeIgniter\BaseModel->paginate(10)
#7 C:\xampp\htdocs\lab7web\ci4\system\CodeIgniter.php(933): App\Controllers\Artikel->admin_index()
#8 C:\xampp\htdocs\lab7web\ci4\system\CodeIgniter.php(507): CodeIgniter\CodeIgniter->runController(Object(App\Controllers\Artikel))
#9 C:\xampp\htdocs\lab7web\ci4\system\CodeIgniter.php(354): CodeIgniter\CodeIgniter->handleRequest(NULL, Object(Config\Cache), false)
#10 C:\xampp\htdocs\lab7web\ci4\system\Boot.php(334): CodeIgniter\CodeIgniter->run()
#11 C:\xampp\htdocs\lab7web\ci4\system\Boot.php(67): CodeIgniter\Boot::runCodeIgniter(Object(CodeIgniter\CodeIgniter))
#12 C:\xampp\htdocs\lab7web\ci4\public\index.php(56): CodeIgniter\Boot::bootWeb(Object(Config\Paths))
#13 {main}
CRITICAL - 2025-06-23 13:37:23 --> CodeIgniter\Database\Exceptions\DatabaseException: Unknown column 'artikel.id_kategori' in 'on clause'
[Method: GET, Route: admin/artikel]
in SYSTEMPATH\Database\BaseConnection.php on line 692.
 1 SYSTEMPATH\Database\BaseBuilder.php(1733): CodeIgniter\Database\BaseConnection->query('SELECT COUNT(*) AS `numrows`
FROM `artikel`
JOIN `kategori` ON `kategori`.`id_kategori` = `artikel`.`id_kategori`', [], false)
 2 SYSTEMPATH\Model.php(676): CodeIgniter\Database\BaseBuilder->countAllResults(false)
 3 SYSTEMPATH\BaseModel.php(1283): CodeIgniter\Model->countAllResults(false)
 4 APPPATH\Controllers\Artikel.php(82): CodeIgniter\BaseModel->paginate(10)
 5 SYSTEMPATH\CodeIgniter.php(933): App\Controllers\Artikel->admin_index()
 6 SYSTEMPATH\CodeIgniter.php(507): CodeIgniter\CodeIgniter->runController(Object(App\Controllers\Artikel))
 7 SYSTEMPATH\CodeIgniter.php(354): CodeIgniter\CodeIgniter->handleRequest(null, Object(Config\Cache), false)
 8 SYSTEMPATH\Boot.php(334): CodeIgniter\CodeIgniter->run()
 9 SYSTEMPATH\Boot.php(67): CodeIgniter\Boot::runCodeIgniter(Object(CodeIgniter\CodeIgniter))
10 FCPATH\index.php(56): CodeIgniter\Boot::bootWeb(Object(Config\Paths))
CRITICAL - 2025-06-23 13:37:23 --> [Caused by] CodeIgniter\Database\Exceptions\DatabaseException: Unknown column 'artikel.id_kategori' in 'on clause'
in SYSTEMPATH\Database\MySQLi\Connection.php on line 332.
 1 SYSTEMPATH\Database\BaseConnection.php(738): CodeIgniter\Database\MySQLi\Connection->execute('SELECT COUNT(*) AS `numrows`
FROM `artikel`
JOIN `kategori` ON `kategori`.`id_kategori` = `artikel`.`id_kategori`')
 2 SYSTEMPATH\Database\BaseConnection.php(652): CodeIgniter\Database\BaseConnection->simpleQuery('SELECT COUNT(*) AS `numrows`
FROM `artikel`
JOIN `kategori` ON `kategori`.`id_kategori` = `artikel`.`id_kategori`')
 3 SYSTEMPATH\Database\BaseBuilder.php(1733): CodeIgniter\Database\BaseConnection->query('SELECT COUNT(*) AS `numrows`
FROM `artikel`
JOIN `kategori` ON `kategori`.`id_kategori` = `artikel`.`id_kategori`', [], false)
 4 SYSTEMPATH\Model.php(676): CodeIgniter\Database\BaseBuilder->countAllResults(false)
 5 SYSTEMPATH\BaseModel.php(1283): CodeIgniter\Model->countAllResults(false)
 6 APPPATH\Controllers\Artikel.php(82): CodeIgniter\BaseModel->paginate(10)
 7 SYSTEMPATH\CodeIgniter.php(933): App\Controllers\Artikel->admin_index()
 8 SYSTEMPATH\CodeIgniter.php(507): CodeIgniter\CodeIgniter->runController(Object(App\Controllers\Artikel))
 9 SYSTEMPATH\CodeIgniter.php(354): CodeIgniter\CodeIgniter->handleRequest(null, Object(Config\Cache), false)
10 SYSTEMPATH\Boot.php(334): CodeIgniter\CodeIgniter->run()
11 SYSTEMPATH\Boot.php(67): CodeIgniter\Boot::runCodeIgniter(Object(CodeIgniter\CodeIgniter))
12 FCPATH\index.php(56): CodeIgniter\Boot::bootWeb(Object(Config\Paths))
CRITICAL - 2025-06-23 13:37:23 --> [Caused by] mysqli_sql_exception: Unknown column 'artikel.id_kategori' in 'on clause'
in SYSTEMPATH\Database\MySQLi\Connection.php on line 327.
 1 SYSTEMPATH\Database\MySQLi\Connection.php(327): mysqli->query('SELECT COUNT(*) AS `numrows`
FROM `artikel`
JOIN `kategori` ON `kategori`.`id_kategori` = `artikel`.`id_kategori`', 0)
 2 SYSTEMPATH\Database\BaseConnection.php(738): CodeIgniter\Database\MySQLi\Connection->execute('SELECT COUNT(*) AS `numrows`
FROM `artikel`
JOIN `kategori` ON `kategori`.`id_kategori` = `artikel`.`id_kategori`')
 3 SYSTEMPATH\Database\BaseConnection.php(652): CodeIgniter\Database\BaseConnection->simpleQuery('SELECT COUNT(*) AS `numrows`
FROM `artikel`
JOIN `kategori` ON `kategori`.`id_kategori` = `artikel`.`id_kategori`')
 4 SYSTEMPATH\Database\BaseBuilder.php(1733): CodeIgniter\Database\BaseConnection->query('SELECT COUNT(*) AS `numrows`
FROM `artikel`
JOIN `kategori` ON `kategori`.`id_kategori` = `artikel`.`id_kategori`', [], false)
 5 SYSTEMPATH\Model.php(676): CodeIgniter\Database\BaseBuilder->countAllResults(false)
 6 SYSTEMPATH\BaseModel.php(1283): CodeIgniter\Model->countAllResults(false)
 7 APPPATH\Controllers\Artikel.php(82): CodeIgniter\BaseModel->paginate(10)
 8 SYSTEMPATH\CodeIgniter.php(933): App\Controllers\Artikel->admin_index()
 9 SYSTEMPATH\CodeIgniter.php(507): CodeIgniter\CodeIgniter->runController(Object(App\Controllers\Artikel))
10 SYSTEMPATH\CodeIgniter.php(354): CodeIgniter\CodeIgniter->handleRequest(null, Object(Config\Cache), false)
11 SYSTEMPATH\Boot.php(334): CodeIgniter\CodeIgniter->run()
12 SYSTEMPATH\Boot.php(67): CodeIgniter\Boot::runCodeIgniter(Object(CodeIgniter\CodeIgniter))
13 FCPATH\index.php(56): CodeIgniter\Boot::bootWeb(Object(Config\Paths))
DEBUG - 2025-06-23 13:37:23 --> Session: Class initialized using 'CodeIgniter\Session\Handlers\FileHandler' driver.
ERROR - 2025-06-23 13:37:23 --> mysqli_sql_exception: Unknown column 'artikel.id_kategori' in 'on clause' in C:\xampp\htdocs\lab7web\ci4\system\Database\MySQLi\Connection.php:327
Stack trace:
#0 C:\xampp\htdocs\lab7web\ci4\system\Database\MySQLi\Connection.php(327): mysqli->query('SELECT COUNT(*)...', 0)
#1 C:\xampp\htdocs\lab7web\ci4\system\Database\BaseConnection.php(738): CodeIgniter\Database\MySQLi\Connection->execute('SELECT COUNT(*)...')
#2 C:\xampp\htdocs\lab7web\ci4\system\Database\BaseConnection.php(652): CodeIgniter\Database\BaseConnection->simpleQuery('SELECT COUNT(*)...')
#3 C:\xampp\htdocs\lab7web\ci4\system\Database\BaseBuilder.php(1733): CodeIgniter\Database\BaseConnection->query('SELECT COUNT(*)...', Array, false)
#4 C:\xampp\htdocs\lab7web\ci4\system\Model.php(676): CodeIgniter\Database\BaseBuilder->countAllResults(false)
#5 C:\xampp\htdocs\lab7web\ci4\system\BaseModel.php(1283): CodeIgniter\Model->countAllResults(false)
#6 C:\xampp\htdocs\lab7web\ci4\app\Controllers\Artikel.php(82): CodeIgniter\BaseModel->paginate(10)
#7 C:\xampp\htdocs\lab7web\ci4\system\CodeIgniter.php(933): App\Controllers\Artikel->admin_index()
#8 C:\xampp\htdocs\lab7web\ci4\system\CodeIgniter.php(507): CodeIgniter\CodeIgniter->runController(Object(App\Controllers\Artikel))
#9 C:\xampp\htdocs\lab7web\ci4\system\CodeIgniter.php(354): CodeIgniter\CodeIgniter->handleRequest(NULL, Object(Config\Cache), false)
#10 C:\xampp\htdocs\lab7web\ci4\system\Boot.php(334): CodeIgniter\CodeIgniter->run()
#11 C:\xampp\htdocs\lab7web\ci4\system\Boot.php(67): CodeIgniter\Boot::runCodeIgniter(Object(CodeIgniter\CodeIgniter))
#12 C:\xampp\htdocs\lab7web\ci4\public\index.php(56): CodeIgniter\Boot::bootWeb(Object(Config\Paths))
#13 {main}
CRITICAL - 2025-06-23 13:37:23 --> CodeIgniter\Database\Exceptions\DatabaseException: Unknown column 'artikel.id_kategori' in 'on clause'
[Method: GET, Route: admin/artikel]
in SYSTEMPATH\Database\BaseConnection.php on line 692.
 1 SYSTEMPATH\Database\BaseBuilder.php(1733): CodeIgniter\Database\BaseConnection->query('SELECT COUNT(*) AS `numrows`
FROM `artikel`
JOIN `kategori` ON `kategori`.`id_kategori` = `artikel`.`id_kategori`', [], false)
 2 SYSTEMPATH\Model.php(676): CodeIgniter\Database\BaseBuilder->countAllResults(false)
 3 SYSTEMPATH\BaseModel.php(1283): CodeIgniter\Model->countAllResults(false)
 4 APPPATH\Controllers\Artikel.php(82): CodeIgniter\BaseModel->paginate(10)
 5 SYSTEMPATH\CodeIgniter.php(933): App\Controllers\Artikel->admin_index()
 6 SYSTEMPATH\CodeIgniter.php(507): CodeIgniter\CodeIgniter->runController(Object(App\Controllers\Artikel))
 7 SYSTEMPATH\CodeIgniter.php(354): CodeIgniter\CodeIgniter->handleRequest(null, Object(Config\Cache), false)
 8 SYSTEMPATH\Boot.php(334): CodeIgniter\CodeIgniter->run()
 9 SYSTEMPATH\Boot.php(67): CodeIgniter\Boot::runCodeIgniter(Object(CodeIgniter\CodeIgniter))
10 FCPATH\index.php(56): CodeIgniter\Boot::bootWeb(Object(Config\Paths))
CRITICAL - 2025-06-23 13:37:23 --> [Caused by] CodeIgniter\Database\Exceptions\DatabaseException: Unknown column 'artikel.id_kategori' in 'on clause'
in SYSTEMPATH\Database\MySQLi\Connection.php on line 332.
 1 SYSTEMPATH\Database\BaseConnection.php(738): CodeIgniter\Database\MySQLi\Connection->execute('SELECT COUNT(*) AS `numrows`
FROM `artikel`
JOIN `kategori` ON `kategori`.`id_kategori` = `artikel`.`id_kategori`')
 2 SYSTEMPATH\Database\BaseConnection.php(652): CodeIgniter\Database\BaseConnection->simpleQuery('SELECT COUNT(*) AS `numrows`
FROM `artikel`
JOIN `kategori` ON `kategori`.`id_kategori` = `artikel`.`id_kategori`')
 3 SYSTEMPATH\Database\BaseBuilder.php(1733): CodeIgniter\Database\BaseConnection->query('SELECT COUNT(*) AS `numrows`
FROM `artikel`
JOIN `kategori` ON `kategori`.`id_kategori` = `artikel`.`id_kategori`', [], false)
 4 SYSTEMPATH\Model.php(676): CodeIgniter\Database\BaseBuilder->countAllResults(false)
 5 SYSTEMPATH\BaseModel.php(1283): CodeIgniter\Model->countAllResults(false)
 6 APPPATH\Controllers\Artikel.php(82): CodeIgniter\BaseModel->paginate(10)
 7 SYSTEMPATH\CodeIgniter.php(933): App\Controllers\Artikel->admin_index()
 8 SYSTEMPATH\CodeIgniter.php(507): CodeIgniter\CodeIgniter->runController(Object(App\Controllers\Artikel))
 9 SYSTEMPATH\CodeIgniter.php(354): CodeIgniter\CodeIgniter->handleRequest(null, Object(Config\Cache), false)
10 SYSTEMPATH\Boot.php(334): CodeIgniter\CodeIgniter->run()
11 SYSTEMPATH\Boot.php(67): CodeIgniter\Boot::runCodeIgniter(Object(CodeIgniter\CodeIgniter))
12 FCPATH\index.php(56): CodeIgniter\Boot::bootWeb(Object(Config\Paths))
CRITICAL - 2025-06-23 13:37:23 --> [Caused by] mysqli_sql_exception: Unknown column 'artikel.id_kategori' in 'on clause'
in SYSTEMPATH\Database\MySQLi\Connection.php on line 327.
 1 SYSTEMPATH\Database\MySQLi\Connection.php(327): mysqli->query('SELECT COUNT(*) AS `numrows`
FROM `artikel`
JOIN `kategori` ON `kategori`.`id_kategori` = `artikel`.`id_kategori`', 0)
 2 SYSTEMPATH\Database\BaseConnection.php(738): CodeIgniter\Database\MySQLi\Connection->execute('SELECT COUNT(*) AS `numrows`
FROM `artikel`
JOIN `kategori` ON `kategori`.`id_kategori` = `artikel`.`id_kategori`')
 3 SYSTEMPATH\Database\BaseConnection.php(652): CodeIgniter\Database\BaseConnection->simpleQuery('SELECT COUNT(*) AS `numrows`
FROM `artikel`
JOIN `kategori` ON `kategori`.`id_kategori` = `artikel`.`id_kategori`')
 4 SYSTEMPATH\Database\BaseBuilder.php(1733): CodeIgniter\Database\BaseConnection->query('SELECT COUNT(*) AS `numrows`
FROM `artikel`
JOIN `kategori` ON `kategori`.`id_kategori` = `artikel`.`id_kategori`', [], false)
 5 SYSTEMPATH\Model.php(676): CodeIgniter\Database\BaseBuilder->countAllResults(false)
 6 SYSTEMPATH\BaseModel.php(1283): CodeIgniter\Model->countAllResults(false)
 7 APPPATH\Controllers\Artikel.php(82): CodeIgniter\BaseModel->paginate(10)
 8 SYSTEMPATH\CodeIgniter.php(933): App\Controllers\Artikel->admin_index()
 9 SYSTEMPATH\CodeIgniter.php(507): CodeIgniter\CodeIgniter->runController(Object(App\Controllers\Artikel))
10 SYSTEMPATH\CodeIgniter.php(354): CodeIgniter\CodeIgniter->handleRequest(null, Object(Config\Cache), false)
11 SYSTEMPATH\Boot.php(334): CodeIgniter\CodeIgniter->run()
12 SYSTEMPATH\Boot.php(67): CodeIgniter\Boot::runCodeIgniter(Object(CodeIgniter\CodeIgniter))
13 FCPATH\index.php(56): CodeIgniter\Boot::bootWeb(Object(Config\Paths))
DEBUG - 2025-06-23 13:37:25 --> Session: Class initialized using 'CodeIgniter\Session\Handlers\FileHandler' driver.
ERROR - 2025-06-23 13:37:25 --> mysqli_sql_exception: Unknown column 'artikel.id_kategori' in 'on clause' in C:\xampp\htdocs\lab7web\ci4\system\Database\MySQLi\Connection.php:327
Stack trace:
#0 C:\xampp\htdocs\lab7web\ci4\system\Database\MySQLi\Connection.php(327): mysqli->query('SELECT COUNT(*)...', 0)
#1 C:\xampp\htdocs\lab7web\ci4\system\Database\BaseConnection.php(738): CodeIgniter\Database\MySQLi\Connection->execute('SELECT COUNT(*)...')
#2 C:\xampp\htdocs\lab7web\ci4\system\Database\BaseConnection.php(652): CodeIgniter\Database\BaseConnection->simpleQuery('SELECT COUNT(*)...')
#3 C:\xampp\htdocs\lab7web\ci4\system\Database\BaseBuilder.php(1733): CodeIgniter\Database\BaseConnection->query('SELECT COUNT(*)...', Array, false)
#4 C:\xampp\htdocs\lab7web\ci4\system\Model.php(676): CodeIgniter\Database\BaseBuilder->countAllResults(false)
#5 C:\xampp\htdocs\lab7web\ci4\system\BaseModel.php(1283): CodeIgniter\Model->countAllResults(false)
#6 C:\xampp\htdocs\lab7web\ci4\app\Controllers\Artikel.php(82): CodeIgniter\BaseModel->paginate(10)
#7 C:\xampp\htdocs\lab7web\ci4\system\CodeIgniter.php(933): App\Controllers\Artikel->admin_index()
#8 C:\xampp\htdocs\lab7web\ci4\system\CodeIgniter.php(507): CodeIgniter\CodeIgniter->runController(Object(App\Controllers\Artikel))
#9 C:\xampp\htdocs\lab7web\ci4\system\CodeIgniter.php(354): CodeIgniter\CodeIgniter->handleRequest(NULL, Object(Config\Cache), false)
#10 C:\xampp\htdocs\lab7web\ci4\system\Boot.php(334): CodeIgniter\CodeIgniter->run()
#11 C:\xampp\htdocs\lab7web\ci4\system\Boot.php(67): CodeIgniter\Boot::runCodeIgniter(Object(CodeIgniter\CodeIgniter))
#12 C:\xampp\htdocs\lab7web\ci4\public\index.php(56): CodeIgniter\Boot::bootWeb(Object(Config\Paths))
#13 {main}
CRITICAL - 2025-06-23 13:37:25 --> CodeIgniter\Database\Exceptions\DatabaseException: Unknown column 'artikel.id_kategori' in 'on clause'
[Method: GET, Route: admin/artikel]
in SYSTEMPATH\Database\BaseConnection.php on line 692.
 1 SYSTEMPATH\Database\BaseBuilder.php(1733): CodeIgniter\Database\BaseConnection->query('SELECT COUNT(*) AS `numrows`
FROM `artikel`
JOIN `kategori` ON `kategori`.`id_kategori` = `artikel`.`id_kategori`', [], false)
 2 SYSTEMPATH\Model.php(676): CodeIgniter\Database\BaseBuilder->countAllResults(false)
 3 SYSTEMPATH\BaseModel.php(1283): CodeIgniter\Model->countAllResults(false)
 4 APPPATH\Controllers\Artikel.php(82): CodeIgniter\BaseModel->paginate(10)
 5 SYSTEMPATH\CodeIgniter.php(933): App\Controllers\Artikel->admin_index()
 6 SYSTEMPATH\CodeIgniter.php(507): CodeIgniter\CodeIgniter->runController(Object(App\Controllers\Artikel))
 7 SYSTEMPATH\CodeIgniter.php(354): CodeIgniter\CodeIgniter->handleRequest(null, Object(Config\Cache), false)
 8 SYSTEMPATH\Boot.php(334): CodeIgniter\CodeIgniter->run()
 9 SYSTEMPATH\Boot.php(67): CodeIgniter\Boot::runCodeIgniter(Object(CodeIgniter\CodeIgniter))
10 FCPATH\index.php(56): CodeIgniter\Boot::bootWeb(Object(Config\Paths))
CRITICAL - 2025-06-23 13:37:25 --> [Caused by] CodeIgniter\Database\Exceptions\DatabaseException: Unknown column 'artikel.id_kategori' in 'on clause'
in SYSTEMPATH\Database\MySQLi\Connection.php on line 332.
 1 SYSTEMPATH\Database\BaseConnection.php(738): CodeIgniter\Database\MySQLi\Connection->execute('SELECT COUNT(*) AS `numrows`
FROM `artikel`
JOIN `kategori` ON `kategori`.`id_kategori` = `artikel`.`id_kategori`')
 2 SYSTEMPATH\Database\BaseConnection.php(652): CodeIgniter\Database\BaseConnection->simpleQuery('SELECT COUNT(*) AS `numrows`
FROM `artikel`
JOIN `kategori` ON `kategori`.`id_kategori` = `artikel`.`id_kategori`')
 3 SYSTEMPATH\Database\BaseBuilder.php(1733): CodeIgniter\Database\BaseConnection->query('SELECT COUNT(*) AS `numrows`
FROM `artikel`
JOIN `kategori` ON `kategori`.`id_kategori` = `artikel`.`id_kategori`', [], false)
 4 SYSTEMPATH\Model.php(676): CodeIgniter\Database\BaseBuilder->countAllResults(false)
 5 SYSTEMPATH\BaseModel.php(1283): CodeIgniter\Model->countAllResults(false)
 6 APPPATH\Controllers\Artikel.php(82): CodeIgniter\BaseModel->paginate(10)
 7 SYSTEMPATH\CodeIgniter.php(933): App\Controllers\Artikel->admin_index()
 8 SYSTEMPATH\CodeIgniter.php(507): CodeIgniter\CodeIgniter->runController(Object(App\Controllers\Artikel))
 9 SYSTEMPATH\CodeIgniter.php(354): CodeIgniter\CodeIgniter->handleRequest(null, Object(Config\Cache), false)
10 SYSTEMPATH\Boot.php(334): CodeIgniter\CodeIgniter->run()
11 SYSTEMPATH\Boot.php(67): CodeIgniter\Boot::runCodeIgniter(Object(CodeIgniter\CodeIgniter))
12 FCPATH\index.php(56): CodeIgniter\Boot::bootWeb(Object(Config\Paths))
CRITICAL - 2025-06-23 13:37:25 --> [Caused by] mysqli_sql_exception: Unknown column 'artikel.id_kategori' in 'on clause'
in SYSTEMPATH\Database\MySQLi\Connection.php on line 327.
 1 SYSTEMPATH\Database\MySQLi\Connection.php(327): mysqli->query('SELECT COUNT(*) AS `numrows`
FROM `artikel`
JOIN `kategori` ON `kategori`.`id_kategori` = `artikel`.`id_kategori`', 0)
 2 SYSTEMPATH\Database\BaseConnection.php(738): CodeIgniter\Database\MySQLi\Connection->execute('SELECT COUNT(*) AS `numrows`
FROM `artikel`
JOIN `kategori` ON `kategori`.`id_kategori` = `artikel`.`id_kategori`')
 3 SYSTEMPATH\Database\BaseConnection.php(652): CodeIgniter\Database\BaseConnection->simpleQuery('SELECT COUNT(*) AS `numrows`
FROM `artikel`
JOIN `kategori` ON `kategori`.`id_kategori` = `artikel`.`id_kategori`')
 4 SYSTEMPATH\Database\BaseBuilder.php(1733): CodeIgniter\Database\BaseConnection->query('SELECT COUNT(*) AS `numrows`
FROM `artikel`
JOIN `kategori` ON `kategori`.`id_kategori` = `artikel`.`id_kategori`', [], false)
 5 SYSTEMPATH\Model.php(676): CodeIgniter\Database\BaseBuilder->countAllResults(false)
 6 SYSTEMPATH\BaseModel.php(1283): CodeIgniter\Model->countAllResults(false)
 7 APPPATH\Controllers\Artikel.php(82): CodeIgniter\BaseModel->paginate(10)
 8 SYSTEMPATH\CodeIgniter.php(933): App\Controllers\Artikel->admin_index()
 9 SYSTEMPATH\CodeIgniter.php(507): CodeIgniter\CodeIgniter->runController(Object(App\Controllers\Artikel))
10 SYSTEMPATH\CodeIgniter.php(354): CodeIgniter\CodeIgniter->handleRequest(null, Object(Config\Cache), false)
11 SYSTEMPATH\Boot.php(334): CodeIgniter\CodeIgniter->run()
12 SYSTEMPATH\Boot.php(67): CodeIgniter\Boot::runCodeIgniter(Object(CodeIgniter\CodeIgniter))
13 FCPATH\index.php(56): CodeIgniter\Boot::bootWeb(Object(Config\Paths))
DEBUG - 2025-06-23 13:38:47 --> Session: Class initialized using 'CodeIgniter\Session\Handlers\FileHandler' driver.
ERROR - 2025-06-23 13:38:47 --> mysqli_sql_exception: Unknown column 'artikel.id_kategori' in 'on clause' in C:\xampp\htdocs\lab7web\ci4\system\Database\MySQLi\Connection.php:327
Stack trace:
#0 C:\xampp\htdocs\lab7web\ci4\system\Database\MySQLi\Connection.php(327): mysqli->query('SELECT COUNT(*)...', 0)
#1 C:\xampp\htdocs\lab7web\ci4\system\Database\BaseConnection.php(738): CodeIgniter\Database\MySQLi\Connection->execute('SELECT COUNT(*)...')
#2 C:\xampp\htdocs\lab7web\ci4\system\Database\BaseConnection.php(652): CodeIgniter\Database\BaseConnection->simpleQuery('SELECT COUNT(*)...')
#3 C:\xampp\htdocs\lab7web\ci4\system\Database\BaseBuilder.php(1733): CodeIgniter\Database\BaseConnection->query('SELECT COUNT(*)...', Array, false)
#4 C:\xampp\htdocs\lab7web\ci4\system\Model.php(676): CodeIgniter\Database\BaseBuilder->countAllResults(false)
#5 C:\xampp\htdocs\lab7web\ci4\system\BaseModel.php(1283): CodeIgniter\Model->countAllResults(false)
#6 C:\xampp\htdocs\lab7web\ci4\app\Controllers\Artikel.php(82): CodeIgniter\BaseModel->paginate(10)
#7 C:\xampp\htdocs\lab7web\ci4\system\CodeIgniter.php(933): App\Controllers\Artikel->admin_index()
#8 C:\xampp\htdocs\lab7web\ci4\system\CodeIgniter.php(507): CodeIgniter\CodeIgniter->runController(Object(App\Controllers\Artikel))
#9 C:\xampp\htdocs\lab7web\ci4\system\CodeIgniter.php(354): CodeIgniter\CodeIgniter->handleRequest(NULL, Object(Config\Cache), false)
#10 C:\xampp\htdocs\lab7web\ci4\system\Boot.php(334): CodeIgniter\CodeIgniter->run()
#11 C:\xampp\htdocs\lab7web\ci4\system\Boot.php(67): CodeIgniter\Boot::runCodeIgniter(Object(CodeIgniter\CodeIgniter))
#12 C:\xampp\htdocs\lab7web\ci4\public\index.php(56): CodeIgniter\Boot::bootWeb(Object(Config\Paths))
#13 {main}
CRITICAL - 2025-06-23 13:38:47 --> CodeIgniter\Database\Exceptions\DatabaseException: Unknown column 'artikel.id_kategori' in 'on clause'
[Method: GET, Route: admin/artikel]
in SYSTEMPATH\Database\BaseConnection.php on line 692.
 1 SYSTEMPATH\Database\BaseBuilder.php(1733): CodeIgniter\Database\BaseConnection->query('SELECT COUNT(*) AS `numrows`
FROM `artikel`
JOIN `kategori` ON `kategori`.`id_kategori` = `artikel`.`id_kategori`', [], false)
 2 SYSTEMPATH\Model.php(676): CodeIgniter\Database\BaseBuilder->countAllResults(false)
 3 SYSTEMPATH\BaseModel.php(1283): CodeIgniter\Model->countAllResults(false)
 4 APPPATH\Controllers\Artikel.php(82): CodeIgniter\BaseModel->paginate(10)
 5 SYSTEMPATH\CodeIgniter.php(933): App\Controllers\Artikel->admin_index()
 6 SYSTEMPATH\CodeIgniter.php(507): CodeIgniter\CodeIgniter->runController(Object(App\Controllers\Artikel))
 7 SYSTEMPATH\CodeIgniter.php(354): CodeIgniter\CodeIgniter->handleRequest(null, Object(Config\Cache), false)
 8 SYSTEMPATH\Boot.php(334): CodeIgniter\CodeIgniter->run()
 9 SYSTEMPATH\Boot.php(67): CodeIgniter\Boot::runCodeIgniter(Object(CodeIgniter\CodeIgniter))
10 FCPATH\index.php(56): CodeIgniter\Boot::bootWeb(Object(Config\Paths))
CRITICAL - 2025-06-23 13:38:47 --> [Caused by] CodeIgniter\Database\Exceptions\DatabaseException: Unknown column 'artikel.id_kategori' in 'on clause'
in SYSTEMPATH\Database\MySQLi\Connection.php on line 332.
 1 SYSTEMPATH\Database\BaseConnection.php(738): CodeIgniter\Database\MySQLi\Connection->execute('SELECT COUNT(*) AS `numrows`
FROM `artikel`
JOIN `kategori` ON `kategori`.`id_kategori` = `artikel`.`id_kategori`')
 2 SYSTEMPATH\Database\BaseConnection.php(652): CodeIgniter\Database\BaseConnection->simpleQuery('SELECT COUNT(*) AS `numrows`
FROM `artikel`
JOIN `kategori` ON `kategori`.`id_kategori` = `artikel`.`id_kategori`')
 3 SYSTEMPATH\Database\BaseBuilder.php(1733): CodeIgniter\Database\BaseConnection->query('SELECT COUNT(*) AS `numrows`
FROM `artikel`
JOIN `kategori` ON `kategori`.`id_kategori` = `artikel`.`id_kategori`', [], false)
 4 SYSTEMPATH\Model.php(676): CodeIgniter\Database\BaseBuilder->countAllResults(false)
 5 SYSTEMPATH\BaseModel.php(1283): CodeIgniter\Model->countAllResults(false)
 6 APPPATH\Controllers\Artikel.php(82): CodeIgniter\BaseModel->paginate(10)
 7 SYSTEMPATH\CodeIgniter.php(933): App\Controllers\Artikel->admin_index()
 8 SYSTEMPATH\CodeIgniter.php(507): CodeIgniter\CodeIgniter->runController(Object(App\Controllers\Artikel))
 9 SYSTEMPATH\CodeIgniter.php(354): CodeIgniter\CodeIgniter->handleRequest(null, Object(Config\Cache), false)
10 SYSTEMPATH\Boot.php(334): CodeIgniter\CodeIgniter->run()
11 SYSTEMPATH\Boot.php(67): CodeIgniter\Boot::runCodeIgniter(Object(CodeIgniter\CodeIgniter))
12 FCPATH\index.php(56): CodeIgniter\Boot::bootWeb(Object(Config\Paths))
CRITICAL - 2025-06-23 13:38:47 --> [Caused by] mysqli_sql_exception: Unknown column 'artikel.id_kategori' in 'on clause'
in SYSTEMPATH\Database\MySQLi\Connection.php on line 327.
 1 SYSTEMPATH\Database\MySQLi\Connection.php(327): mysqli->query('SELECT COUNT(*) AS `numrows`
FROM `artikel`
JOIN `kategori` ON `kategori`.`id_kategori` = `artikel`.`id_kategori`', 0)
 2 SYSTEMPATH\Database\BaseConnection.php(738): CodeIgniter\Database\MySQLi\Connection->execute('SELECT COUNT(*) AS `numrows`
FROM `artikel`
JOIN `kategori` ON `kategori`.`id_kategori` = `artikel`.`id_kategori`')
 3 SYSTEMPATH\Database\BaseConnection.php(652): CodeIgniter\Database\BaseConnection->simpleQuery('SELECT COUNT(*) AS `numrows`
FROM `artikel`
JOIN `kategori` ON `kategori`.`id_kategori` = `artikel`.`id_kategori`')
 4 SYSTEMPATH\Database\BaseBuilder.php(1733): CodeIgniter\Database\BaseConnection->query('SELECT COUNT(*) AS `numrows`
FROM `artikel`
JOIN `kategori` ON `kategori`.`id_kategori` = `artikel`.`id_kategori`', [], false)
 5 SYSTEMPATH\Model.php(676): CodeIgniter\Database\BaseBuilder->countAllResults(false)
 6 SYSTEMPATH\BaseModel.php(1283): CodeIgniter\Model->countAllResults(false)
 7 APPPATH\Controllers\Artikel.php(82): CodeIgniter\BaseModel->paginate(10)
 8 SYSTEMPATH\CodeIgniter.php(933): App\Controllers\Artikel->admin_index()
 9 SYSTEMPATH\CodeIgniter.php(507): CodeIgniter\CodeIgniter->runController(Object(App\Controllers\Artikel))
10 SYSTEMPATH\CodeIgniter.php(354): CodeIgniter\CodeIgniter->handleRequest(null, Object(Config\Cache), false)
11 SYSTEMPATH\Boot.php(334): CodeIgniter\CodeIgniter->run()
12 SYSTEMPATH\Boot.php(67): CodeIgniter\Boot::runCodeIgniter(Object(CodeIgniter\CodeIgniter))
13 FCPATH\index.php(56): CodeIgniter\Boot::bootWeb(Object(Config\Paths))
DEBUG - 2025-06-23 13:38:48 --> Session: Class initialized using 'CodeIgniter\Session\Handlers\FileHandler' driver.
ERROR - 2025-06-23 13:38:48 --> mysqli_sql_exception: Unknown column 'artikel.id_kategori' in 'on clause' in C:\xampp\htdocs\lab7web\ci4\system\Database\MySQLi\Connection.php:327
Stack trace:
#0 C:\xampp\htdocs\lab7web\ci4\system\Database\MySQLi\Connection.php(327): mysqli->query('SELECT COUNT(*)...', 0)
#1 C:\xampp\htdocs\lab7web\ci4\system\Database\BaseConnection.php(738): CodeIgniter\Database\MySQLi\Connection->execute('SELECT COUNT(*)...')
#2 C:\xampp\htdocs\lab7web\ci4\system\Database\BaseConnection.php(652): CodeIgniter\Database\BaseConnection->simpleQuery('SELECT COUNT(*)...')
#3 C:\xampp\htdocs\lab7web\ci4\system\Database\BaseBuilder.php(1733): CodeIgniter\Database\BaseConnection->query('SELECT COUNT(*)...', Array, false)
#4 C:\xampp\htdocs\lab7web\ci4\system\Model.php(676): CodeIgniter\Database\BaseBuilder->countAllResults(false)
#5 C:\xampp\htdocs\lab7web\ci4\system\BaseModel.php(1283): CodeIgniter\Model->countAllResults(false)
#6 C:\xampp\htdocs\lab7web\ci4\app\Controllers\Artikel.php(82): CodeIgniter\BaseModel->paginate(10)
#7 C:\xampp\htdocs\lab7web\ci4\system\CodeIgniter.php(933): App\Controllers\Artikel->admin_index()
#8 C:\xampp\htdocs\lab7web\ci4\system\CodeIgniter.php(507): CodeIgniter\CodeIgniter->runController(Object(App\Controllers\Artikel))
#9 C:\xampp\htdocs\lab7web\ci4\system\CodeIgniter.php(354): CodeIgniter\CodeIgniter->handleRequest(NULL, Object(Config\Cache), false)
#10 C:\xampp\htdocs\lab7web\ci4\system\Boot.php(334): CodeIgniter\CodeIgniter->run()
#11 C:\xampp\htdocs\lab7web\ci4\system\Boot.php(67): CodeIgniter\Boot::runCodeIgniter(Object(CodeIgniter\CodeIgniter))
#12 C:\xampp\htdocs\lab7web\ci4\public\index.php(56): CodeIgniter\Boot::bootWeb(Object(Config\Paths))
#13 {main}
CRITICAL - 2025-06-23 13:38:48 --> CodeIgniter\Database\Exceptions\DatabaseException: Unknown column 'artikel.id_kategori' in 'on clause'
[Method: GET, Route: admin/artikel]
in SYSTEMPATH\Database\BaseConnection.php on line 692.
 1 SYSTEMPATH\Database\BaseBuilder.php(1733): CodeIgniter\Database\BaseConnection->query('SELECT COUNT(*) AS `numrows`
FROM `artikel`
JOIN `kategori` ON `kategori`.`id_kategori` = `artikel`.`id_kategori`', [], false)
 2 SYSTEMPATH\Model.php(676): CodeIgniter\Database\BaseBuilder->countAllResults(false)
 3 SYSTEMPATH\BaseModel.php(1283): CodeIgniter\Model->countAllResults(false)
 4 APPPATH\Controllers\Artikel.php(82): CodeIgniter\BaseModel->paginate(10)
 5 SYSTEMPATH\CodeIgniter.php(933): App\Controllers\Artikel->admin_index()
 6 SYSTEMPATH\CodeIgniter.php(507): CodeIgniter\CodeIgniter->runController(Object(App\Controllers\Artikel))
 7 SYSTEMPATH\CodeIgniter.php(354): CodeIgniter\CodeIgniter->handleRequest(null, Object(Config\Cache), false)
 8 SYSTEMPATH\Boot.php(334): CodeIgniter\CodeIgniter->run()
 9 SYSTEMPATH\Boot.php(67): CodeIgniter\Boot::runCodeIgniter(Object(CodeIgniter\CodeIgniter))
10 FCPATH\index.php(56): CodeIgniter\Boot::bootWeb(Object(Config\Paths))
CRITICAL - 2025-06-23 13:38:48 --> [Caused by] CodeIgniter\Database\Exceptions\DatabaseException: Unknown column 'artikel.id_kategori' in 'on clause'
in SYSTEMPATH\Database\MySQLi\Connection.php on line 332.
 1 SYSTEMPATH\Database\BaseConnection.php(738): CodeIgniter\Database\MySQLi\Connection->execute('SELECT COUNT(*) AS `numrows`
FROM `artikel`
JOIN `kategori` ON `kategori`.`id_kategori` = `artikel`.`id_kategori`')
 2 SYSTEMPATH\Database\BaseConnection.php(652): CodeIgniter\Database\BaseConnection->simpleQuery('SELECT COUNT(*) AS `numrows`
FROM `artikel`
JOIN `kategori` ON `kategori`.`id_kategori` = `artikel`.`id_kategori`')
 3 SYSTEMPATH\Database\BaseBuilder.php(1733): CodeIgniter\Database\BaseConnection->query('SELECT COUNT(*) AS `numrows`
FROM `artikel`
JOIN `kategori` ON `kategori`.`id_kategori` = `artikel`.`id_kategori`', [], false)
 4 SYSTEMPATH\Model.php(676): CodeIgniter\Database\BaseBuilder->countAllResults(false)
 5 SYSTEMPATH\BaseModel.php(1283): CodeIgniter\Model->countAllResults(false)
 6 APPPATH\Controllers\Artikel.php(82): CodeIgniter\BaseModel->paginate(10)
 7 SYSTEMPATH\CodeIgniter.php(933): App\Controllers\Artikel->admin_index()
 8 SYSTEMPATH\CodeIgniter.php(507): CodeIgniter\CodeIgniter->runController(Object(App\Controllers\Artikel))
 9 SYSTEMPATH\CodeIgniter.php(354): CodeIgniter\CodeIgniter->handleRequest(null, Object(Config\Cache), false)
10 SYSTEMPATH\Boot.php(334): CodeIgniter\CodeIgniter->run()
11 SYSTEMPATH\Boot.php(67): CodeIgniter\Boot::runCodeIgniter(Object(CodeIgniter\CodeIgniter))
12 FCPATH\index.php(56): CodeIgniter\Boot::bootWeb(Object(Config\Paths))
CRITICAL - 2025-06-23 13:38:48 --> [Caused by] mysqli_sql_exception: Unknown column 'artikel.id_kategori' in 'on clause'
in SYSTEMPATH\Database\MySQLi\Connection.php on line 327.
 1 SYSTEMPATH\Database\MySQLi\Connection.php(327): mysqli->query('SELECT COUNT(*) AS `numrows`
FROM `artikel`
JOIN `kategori` ON `kategori`.`id_kategori` = `artikel`.`id_kategori`', 0)
 2 SYSTEMPATH\Database\BaseConnection.php(738): CodeIgniter\Database\MySQLi\Connection->execute('SELECT COUNT(*) AS `numrows`
FROM `artikel`
JOIN `kategori` ON `kategori`.`id_kategori` = `artikel`.`id_kategori`')
 3 SYSTEMPATH\Database\BaseConnection.php(652): CodeIgniter\Database\BaseConnection->simpleQuery('SELECT COUNT(*) AS `numrows`
FROM `artikel`
JOIN `kategori` ON `kategori`.`id_kategori` = `artikel`.`id_kategori`')
 4 SYSTEMPATH\Database\BaseBuilder.php(1733): CodeIgniter\Database\BaseConnection->query('SELECT COUNT(*) AS `numrows`
FROM `artikel`
JOIN `kategori` ON `kategori`.`id_kategori` = `artikel`.`id_kategori`', [], false)
 5 SYSTEMPATH\Model.php(676): CodeIgniter\Database\BaseBuilder->countAllResults(false)
 6 SYSTEMPATH\BaseModel.php(1283): CodeIgniter\Model->countAllResults(false)
 7 APPPATH\Controllers\Artikel.php(82): CodeIgniter\BaseModel->paginate(10)
 8 SYSTEMPATH\CodeIgniter.php(933): App\Controllers\Artikel->admin_index()
 9 SYSTEMPATH\CodeIgniter.php(507): CodeIgniter\CodeIgniter->runController(Object(App\Controllers\Artikel))
10 SYSTEMPATH\CodeIgniter.php(354): CodeIgniter\CodeIgniter->handleRequest(null, Object(Config\Cache), false)
11 SYSTEMPATH\Boot.php(334): CodeIgniter\CodeIgniter->run()
12 SYSTEMPATH\Boot.php(67): CodeIgniter\Boot::runCodeIgniter(Object(CodeIgniter\CodeIgniter))
13 FCPATH\index.php(56): CodeIgniter\Boot::bootWeb(Object(Config\Paths))
DEBUG - 2025-06-23 13:38:50 --> Session: Class initialized using 'CodeIgniter\Session\Handlers\FileHandler' driver.
ERROR - 2025-06-23 13:38:50 --> mysqli_sql_exception: Unknown column 'artikel.id_kategori' in 'on clause' in C:\xampp\htdocs\lab7web\ci4\system\Database\MySQLi\Connection.php:327
Stack trace:
#0 C:\xampp\htdocs\lab7web\ci4\system\Database\MySQLi\Connection.php(327): mysqli->query('SELECT COUNT(*)...', 0)
#1 C:\xampp\htdocs\lab7web\ci4\system\Database\BaseConnection.php(738): CodeIgniter\Database\MySQLi\Connection->execute('SELECT COUNT(*)...')
#2 C:\xampp\htdocs\lab7web\ci4\system\Database\BaseConnection.php(652): CodeIgniter\Database\BaseConnection->simpleQuery('SELECT COUNT(*)...')
#3 C:\xampp\htdocs\lab7web\ci4\system\Database\BaseBuilder.php(1733): CodeIgniter\Database\BaseConnection->query('SELECT COUNT(*)...', Array, false)
#4 C:\xampp\htdocs\lab7web\ci4\system\Model.php(676): CodeIgniter\Database\BaseBuilder->countAllResults(false)
#5 C:\xampp\htdocs\lab7web\ci4\system\BaseModel.php(1283): CodeIgniter\Model->countAllResults(false)
#6 C:\xampp\htdocs\lab7web\ci4\app\Controllers\Artikel.php(82): CodeIgniter\BaseModel->paginate(10)
#7 C:\xampp\htdocs\lab7web\ci4\system\CodeIgniter.php(933): App\Controllers\Artikel->admin_index()
#8 C:\xampp\htdocs\lab7web\ci4\system\CodeIgniter.php(507): CodeIgniter\CodeIgniter->runController(Object(App\Controllers\Artikel))
#9 C:\xampp\htdocs\lab7web\ci4\system\CodeIgniter.php(354): CodeIgniter\CodeIgniter->handleRequest(NULL, Object(Config\Cache), false)
#10 C:\xampp\htdocs\lab7web\ci4\system\Boot.php(334): CodeIgniter\CodeIgniter->run()
#11 C:\xampp\htdocs\lab7web\ci4\system\Boot.php(67): CodeIgniter\Boot::runCodeIgniter(Object(CodeIgniter\CodeIgniter))
#12 C:\xampp\htdocs\lab7web\ci4\public\index.php(56): CodeIgniter\Boot::bootWeb(Object(Config\Paths))
#13 {main}
CRITICAL - 2025-06-23 13:38:50 --> CodeIgniter\Database\Exceptions\DatabaseException: Unknown column 'artikel.id_kategori' in 'on clause'
[Method: GET, Route: admin/artikel]
in SYSTEMPATH\Database\BaseConnection.php on line 692.
 1 SYSTEMPATH\Database\BaseBuilder.php(1733): CodeIgniter\Database\BaseConnection->query('SELECT COUNT(*) AS `numrows`
FROM `artikel`
JOIN `kategori` ON `kategori`.`id_kategori` = `artikel`.`id_kategori`', [], false)
 2 SYSTEMPATH\Model.php(676): CodeIgniter\Database\BaseBuilder->countAllResults(false)
 3 SYSTEMPATH\BaseModel.php(1283): CodeIgniter\Model->countAllResults(false)
 4 APPPATH\Controllers\Artikel.php(82): CodeIgniter\BaseModel->paginate(10)
 5 SYSTEMPATH\CodeIgniter.php(933): App\Controllers\Artikel->admin_index()
 6 SYSTEMPATH\CodeIgniter.php(507): CodeIgniter\CodeIgniter->runController(Object(App\Controllers\Artikel))
 7 SYSTEMPATH\CodeIgniter.php(354): CodeIgniter\CodeIgniter->handleRequest(null, Object(Config\Cache), false)
 8 SYSTEMPATH\Boot.php(334): CodeIgniter\CodeIgniter->run()
 9 SYSTEMPATH\Boot.php(67): CodeIgniter\Boot::runCodeIgniter(Object(CodeIgniter\CodeIgniter))
10 FCPATH\index.php(56): CodeIgniter\Boot::bootWeb(Object(Config\Paths))
CRITICAL - 2025-06-23 13:38:50 --> [Caused by] CodeIgniter\Database\Exceptions\DatabaseException: Unknown column 'artikel.id_kategori' in 'on clause'
in SYSTEMPATH\Database\MySQLi\Connection.php on line 332.
 1 SYSTEMPATH\Database\BaseConnection.php(738): CodeIgniter\Database\MySQLi\Connection->execute('SELECT COUNT(*) AS `numrows`
FROM `artikel`
JOIN `kategori` ON `kategori`.`id_kategori` = `artikel`.`id_kategori`')
 2 SYSTEMPATH\Database\BaseConnection.php(652): CodeIgniter\Database\BaseConnection->simpleQuery('SELECT COUNT(*) AS `numrows`
FROM `artikel`
JOIN `kategori` ON `kategori`.`id_kategori` = `artikel`.`id_kategori`')
 3 SYSTEMPATH\Database\BaseBuilder.php(1733): CodeIgniter\Database\BaseConnection->query('SELECT COUNT(*) AS `numrows`
FROM `artikel`
JOIN `kategori` ON `kategori`.`id_kategori` = `artikel`.`id_kategori`', [], false)
 4 SYSTEMPATH\Model.php(676): CodeIgniter\Database\BaseBuilder->countAllResults(false)
 5 SYSTEMPATH\BaseModel.php(1283): CodeIgniter\Model->countAllResults(false)
 6 APPPATH\Controllers\Artikel.php(82): CodeIgniter\BaseModel->paginate(10)
 7 SYSTEMPATH\CodeIgniter.php(933): App\Controllers\Artikel->admin_index()
 8 SYSTEMPATH\CodeIgniter.php(507): CodeIgniter\CodeIgniter->runController(Object(App\Controllers\Artikel))
 9 SYSTEMPATH\CodeIgniter.php(354): CodeIgniter\CodeIgniter->handleRequest(null, Object(Config\Cache), false)
10 SYSTEMPATH\Boot.php(334): CodeIgniter\CodeIgniter->run()
11 SYSTEMPATH\Boot.php(67): CodeIgniter\Boot::runCodeIgniter(Object(CodeIgniter\CodeIgniter))
12 FCPATH\index.php(56): CodeIgniter\Boot::bootWeb(Object(Config\Paths))
CRITICAL - 2025-06-23 13:38:50 --> [Caused by] mysqli_sql_exception: Unknown column 'artikel.id_kategori' in 'on clause'
in SYSTEMPATH\Database\MySQLi\Connection.php on line 327.
 1 SYSTEMPATH\Database\MySQLi\Connection.php(327): mysqli->query('SELECT COUNT(*) AS `numrows`
FROM `artikel`
JOIN `kategori` ON `kategori`.`id_kategori` = `artikel`.`id_kategori`', 0)
 2 SYSTEMPATH\Database\BaseConnection.php(738): CodeIgniter\Database\MySQLi\Connection->execute('SELECT COUNT(*) AS `numrows`
FROM `artikel`
JOIN `kategori` ON `kategori`.`id_kategori` = `artikel`.`id_kategori`')
 3 SYSTEMPATH\Database\BaseConnection.php(652): CodeIgniter\Database\BaseConnection->simpleQuery('SELECT COUNT(*) AS `numrows`
FROM `artikel`
JOIN `kategori` ON `kategori`.`id_kategori` = `artikel`.`id_kategori`')
 4 SYSTEMPATH\Database\BaseBuilder.php(1733): CodeIgniter\Database\BaseConnection->query('SELECT COUNT(*) AS `numrows`
FROM `artikel`
JOIN `kategori` ON `kategori`.`id_kategori` = `artikel`.`id_kategori`', [], false)
 5 SYSTEMPATH\Model.php(676): CodeIgniter\Database\BaseBuilder->countAllResults(false)
 6 SYSTEMPATH\BaseModel.php(1283): CodeIgniter\Model->countAllResults(false)
 7 APPPATH\Controllers\Artikel.php(82): CodeIgniter\BaseModel->paginate(10)
 8 SYSTEMPATH\CodeIgniter.php(933): App\Controllers\Artikel->admin_index()
 9 SYSTEMPATH\CodeIgniter.php(507): CodeIgniter\CodeIgniter->runController(Object(App\Controllers\Artikel))
10 SYSTEMPATH\CodeIgniter.php(354): CodeIgniter\CodeIgniter->handleRequest(null, Object(Config\Cache), false)
11 SYSTEMPATH\Boot.php(334): CodeIgniter\CodeIgniter->run()
12 SYSTEMPATH\Boot.php(67): CodeIgniter\Boot::runCodeIgniter(Object(CodeIgniter\CodeIgniter))
13 FCPATH\index.php(56): CodeIgniter\Boot::bootWeb(Object(Config\Paths))
DEBUG - 2025-06-23 13:38:51 --> Session: Class initialized using 'CodeIgniter\Session\Handlers\FileHandler' driver.
ERROR - 2025-06-23 13:38:51 --> mysqli_sql_exception: Unknown column 'artikel.id_kategori' in 'on clause' in C:\xampp\htdocs\lab7web\ci4\system\Database\MySQLi\Connection.php:327
Stack trace:
#0 C:\xampp\htdocs\lab7web\ci4\system\Database\MySQLi\Connection.php(327): mysqli->query('SELECT COUNT(*)...', 0)
#1 C:\xampp\htdocs\lab7web\ci4\system\Database\BaseConnection.php(738): CodeIgniter\Database\MySQLi\Connection->execute('SELECT COUNT(*)...')
#2 C:\xampp\htdocs\lab7web\ci4\system\Database\BaseConnection.php(652): CodeIgniter\Database\BaseConnection->simpleQuery('SELECT COUNT(*)...')
#3 C:\xampp\htdocs\lab7web\ci4\system\Database\BaseBuilder.php(1733): CodeIgniter\Database\BaseConnection->query('SELECT COUNT(*)...', Array, false)
#4 C:\xampp\htdocs\lab7web\ci4\system\Model.php(676): CodeIgniter\Database\BaseBuilder->countAllResults(false)
#5 C:\xampp\htdocs\lab7web\ci4\system\BaseModel.php(1283): CodeIgniter\Model->countAllResults(false)
#6 C:\xampp\htdocs\lab7web\ci4\app\Controllers\Artikel.php(82): CodeIgniter\BaseModel->paginate(10)
#7 C:\xampp\htdocs\lab7web\ci4\system\CodeIgniter.php(933): App\Controllers\Artikel->admin_index()
#8 C:\xampp\htdocs\lab7web\ci4\system\CodeIgniter.php(507): CodeIgniter\CodeIgniter->runController(Object(App\Controllers\Artikel))
#9 C:\xampp\htdocs\lab7web\ci4\system\CodeIgniter.php(354): CodeIgniter\CodeIgniter->handleRequest(NULL, Object(Config\Cache), false)
#10 C:\xampp\htdocs\lab7web\ci4\system\Boot.php(334): CodeIgniter\CodeIgniter->run()
#11 C:\xampp\htdocs\lab7web\ci4\system\Boot.php(67): CodeIgniter\Boot::runCodeIgniter(Object(CodeIgniter\CodeIgniter))
#12 C:\xampp\htdocs\lab7web\ci4\public\index.php(56): CodeIgniter\Boot::bootWeb(Object(Config\Paths))
#13 {main}
CRITICAL - 2025-06-23 13:38:51 --> CodeIgniter\Database\Exceptions\DatabaseException: Unknown column 'artikel.id_kategori' in 'on clause'
[Method: GET, Route: admin/artikel]
in SYSTEMPATH\Database\BaseConnection.php on line 692.
 1 SYSTEMPATH\Database\BaseBuilder.php(1733): CodeIgniter\Database\BaseConnection->query('SELECT COUNT(*) AS `numrows`
FROM `artikel`
JOIN `kategori` ON `kategori`.`id_kategori` = `artikel`.`id_kategori`', [], false)
 2 SYSTEMPATH\Model.php(676): CodeIgniter\Database\BaseBuilder->countAllResults(false)
 3 SYSTEMPATH\BaseModel.php(1283): CodeIgniter\Model->countAllResults(false)
 4 APPPATH\Controllers\Artikel.php(82): CodeIgniter\BaseModel->paginate(10)
 5 SYSTEMPATH\CodeIgniter.php(933): App\Controllers\Artikel->admin_index()
 6 SYSTEMPATH\CodeIgniter.php(507): CodeIgniter\CodeIgniter->runController(Object(App\Controllers\Artikel))
 7 SYSTEMPATH\CodeIgniter.php(354): CodeIgniter\CodeIgniter->handleRequest(null, Object(Config\Cache), false)
 8 SYSTEMPATH\Boot.php(334): CodeIgniter\CodeIgniter->run()
 9 SYSTEMPATH\Boot.php(67): CodeIgniter\Boot::runCodeIgniter(Object(CodeIgniter\CodeIgniter))
10 FCPATH\index.php(56): CodeIgniter\Boot::bootWeb(Object(Config\Paths))
CRITICAL - 2025-06-23 13:38:51 --> [Caused by] CodeIgniter\Database\Exceptions\DatabaseException: Unknown column 'artikel.id_kategori' in 'on clause'
in SYSTEMPATH\Database\MySQLi\Connection.php on line 332.
 1 SYSTEMPATH\Database\BaseConnection.php(738): CodeIgniter\Database\MySQLi\Connection->execute('SELECT COUNT(*) AS `numrows`
FROM `artikel`
JOIN `kategori` ON `kategori`.`id_kategori` = `artikel`.`id_kategori`')
 2 SYSTEMPATH\Database\BaseConnection.php(652): CodeIgniter\Database\BaseConnection->simpleQuery('SELECT COUNT(*) AS `numrows`
FROM `artikel`
JOIN `kategori` ON `kategori`.`id_kategori` = `artikel`.`id_kategori`')
 3 SYSTEMPATH\Database\BaseBuilder.php(1733): CodeIgniter\Database\BaseConnection->query('SELECT COUNT(*) AS `numrows`
FROM `artikel`
JOIN `kategori` ON `kategori`.`id_kategori` = `artikel`.`id_kategori`', [], false)
 4 SYSTEMPATH\Model.php(676): CodeIgniter\Database\BaseBuilder->countAllResults(false)
 5 SYSTEMPATH\BaseModel.php(1283): CodeIgniter\Model->countAllResults(false)
 6 APPPATH\Controllers\Artikel.php(82): CodeIgniter\BaseModel->paginate(10)
 7 SYSTEMPATH\CodeIgniter.php(933): App\Controllers\Artikel->admin_index()
 8 SYSTEMPATH\CodeIgniter.php(507): CodeIgniter\CodeIgniter->runController(Object(App\Controllers\Artikel))
 9 SYSTEMPATH\CodeIgniter.php(354): CodeIgniter\CodeIgniter->handleRequest(null, Object(Config\Cache), false)
10 SYSTEMPATH\Boot.php(334): CodeIgniter\CodeIgniter->run()
11 SYSTEMPATH\Boot.php(67): CodeIgniter\Boot::runCodeIgniter(Object(CodeIgniter\CodeIgniter))
12 FCPATH\index.php(56): CodeIgniter\Boot::bootWeb(Object(Config\Paths))
CRITICAL - 2025-06-23 13:38:51 --> [Caused by] mysqli_sql_exception: Unknown column 'artikel.id_kategori' in 'on clause'
in SYSTEMPATH\Database\MySQLi\Connection.php on line 327.
 1 SYSTEMPATH\Database\MySQLi\Connection.php(327): mysqli->query('SELECT COUNT(*) AS `numrows`
FROM `artikel`
JOIN `kategori` ON `kategori`.`id_kategori` = `artikel`.`id_kategori`', 0)
 2 SYSTEMPATH\Database\BaseConnection.php(738): CodeIgniter\Database\MySQLi\Connection->execute('SELECT COUNT(*) AS `numrows`
FROM `artikel`
JOIN `kategori` ON `kategori`.`id_kategori` = `artikel`.`id_kategori`')
 3 SYSTEMPATH\Database\BaseConnection.php(652): CodeIgniter\Database\BaseConnection->simpleQuery('SELECT COUNT(*) AS `numrows`
FROM `artikel`
JOIN `kategori` ON `kategori`.`id_kategori` = `artikel`.`id_kategori`')
 4 SYSTEMPATH\Database\BaseBuilder.php(1733): CodeIgniter\Database\BaseConnection->query('SELECT COUNT(*) AS `numrows`
FROM `artikel`
JOIN `kategori` ON `kategori`.`id_kategori` = `artikel`.`id_kategori`', [], false)
 5 SYSTEMPATH\Model.php(676): CodeIgniter\Database\BaseBuilder->countAllResults(false)
 6 SYSTEMPATH\BaseModel.php(1283): CodeIgniter\Model->countAllResults(false)
 7 APPPATH\Controllers\Artikel.php(82): CodeIgniter\BaseModel->paginate(10)
 8 SYSTEMPATH\CodeIgniter.php(933): App\Controllers\Artikel->admin_index()
 9 SYSTEMPATH\CodeIgniter.php(507): CodeIgniter\CodeIgniter->runController(Object(App\Controllers\Artikel))
10 SYSTEMPATH\CodeIgniter.php(354): CodeIgniter\CodeIgniter->handleRequest(null, Object(Config\Cache), false)
11 SYSTEMPATH\Boot.php(334): CodeIgniter\CodeIgniter->run()
12 SYSTEMPATH\Boot.php(67): CodeIgniter\Boot::runCodeIgniter(Object(CodeIgniter\CodeIgniter))
13 FCPATH\index.php(56): CodeIgniter\Boot::bootWeb(Object(Config\Paths))
DEBUG - 2025-06-23 13:38:52 --> Session: Class initialized using 'CodeIgniter\Session\Handlers\FileHandler' driver.
ERROR - 2025-06-23 13:38:52 --> mysqli_sql_exception: Unknown column 'artikel.id_kategori' in 'on clause' in C:\xampp\htdocs\lab7web\ci4\system\Database\MySQLi\Connection.php:327
Stack trace:
#0 C:\xampp\htdocs\lab7web\ci4\system\Database\MySQLi\Connection.php(327): mysqli->query('SELECT COUNT(*)...', 0)
#1 C:\xampp\htdocs\lab7web\ci4\system\Database\BaseConnection.php(738): CodeIgniter\Database\MySQLi\Connection->execute('SELECT COUNT(*)...')
#2 C:\xampp\htdocs\lab7web\ci4\system\Database\BaseConnection.php(652): CodeIgniter\Database\BaseConnection->simpleQuery('SELECT COUNT(*)...')
#3 C:\xampp\htdocs\lab7web\ci4\system\Database\BaseBuilder.php(1733): CodeIgniter\Database\BaseConnection->query('SELECT COUNT(*)...', Array, false)
#4 C:\xampp\htdocs\lab7web\ci4\system\Model.php(676): CodeIgniter\Database\BaseBuilder->countAllResults(false)
#5 C:\xampp\htdocs\lab7web\ci4\system\BaseModel.php(1283): CodeIgniter\Model->countAllResults(false)
#6 C:\xampp\htdocs\lab7web\ci4\app\Controllers\Artikel.php(82): CodeIgniter\BaseModel->paginate(10)
#7 C:\xampp\htdocs\lab7web\ci4\system\CodeIgniter.php(933): App\Controllers\Artikel->admin_index()
#8 C:\xampp\htdocs\lab7web\ci4\system\CodeIgniter.php(507): CodeIgniter\CodeIgniter->runController(Object(App\Controllers\Artikel))
#9 C:\xampp\htdocs\lab7web\ci4\system\CodeIgniter.php(354): CodeIgniter\CodeIgniter->handleRequest(NULL, Object(Config\Cache), false)
#10 C:\xampp\htdocs\lab7web\ci4\system\Boot.php(334): CodeIgniter\CodeIgniter->run()
#11 C:\xampp\htdocs\lab7web\ci4\system\Boot.php(67): CodeIgniter\Boot::runCodeIgniter(Object(CodeIgniter\CodeIgniter))
#12 C:\xampp\htdocs\lab7web\ci4\public\index.php(56): CodeIgniter\Boot::bootWeb(Object(Config\Paths))
#13 {main}
CRITICAL - 2025-06-23 13:38:52 --> CodeIgniter\Database\Exceptions\DatabaseException: Unknown column 'artikel.id_kategori' in 'on clause'
[Method: GET, Route: admin/artikel]
in SYSTEMPATH\Database\BaseConnection.php on line 692.
 1 SYSTEMPATH\Database\BaseBuilder.php(1733): CodeIgniter\Database\BaseConnection->query('SELECT COUNT(*) AS `numrows`
FROM `artikel`
JOIN `kategori` ON `kategori`.`id_kategori` = `artikel`.`id_kategori`', [], false)
 2 SYSTEMPATH\Model.php(676): CodeIgniter\Database\BaseBuilder->countAllResults(false)
 3 SYSTEMPATH\BaseModel.php(1283): CodeIgniter\Model->countAllResults(false)
 4 APPPATH\Controllers\Artikel.php(82): CodeIgniter\BaseModel->paginate(10)
 5 SYSTEMPATH\CodeIgniter.php(933): App\Controllers\Artikel->admin_index()
 6 SYSTEMPATH\CodeIgniter.php(507): CodeIgniter\CodeIgniter->runController(Object(App\Controllers\Artikel))
 7 SYSTEMPATH\CodeIgniter.php(354): CodeIgniter\CodeIgniter->handleRequest(null, Object(Config\Cache), false)
 8 SYSTEMPATH\Boot.php(334): CodeIgniter\CodeIgniter->run()
 9 SYSTEMPATH\Boot.php(67): CodeIgniter\Boot::runCodeIgniter(Object(CodeIgniter\CodeIgniter))
10 FCPATH\index.php(56): CodeIgniter\Boot::bootWeb(Object(Config\Paths))
CRITICAL - 2025-06-23 13:38:52 --> [Caused by] CodeIgniter\Database\Exceptions\DatabaseException: Unknown column 'artikel.id_kategori' in 'on clause'
in SYSTEMPATH\Database\MySQLi\Connection.php on line 332.
 1 SYSTEMPATH\Database\BaseConnection.php(738): CodeIgniter\Database\MySQLi\Connection->execute('SELECT COUNT(*) AS `numrows`
FROM `artikel`
JOIN `kategori` ON `kategori`.`id_kategori` = `artikel`.`id_kategori`')
 2 SYSTEMPATH\Database\BaseConnection.php(652): CodeIgniter\Database\BaseConnection->simpleQuery('SELECT COUNT(*) AS `numrows`
FROM `artikel`
JOIN `kategori` ON `kategori`.`id_kategori` = `artikel`.`id_kategori`')
 3 SYSTEMPATH\Database\BaseBuilder.php(1733): CodeIgniter\Database\BaseConnection->query('SELECT COUNT(*) AS `numrows`
FROM `artikel`
JOIN `kategori` ON `kategori`.`id_kategori` = `artikel`.`id_kategori`', [], false)
 4 SYSTEMPATH\Model.php(676): CodeIgniter\Database\BaseBuilder->countAllResults(false)
 5 SYSTEMPATH\BaseModel.php(1283): CodeIgniter\Model->countAllResults(false)
 6 APPPATH\Controllers\Artikel.php(82): CodeIgniter\BaseModel->paginate(10)
 7 SYSTEMPATH\CodeIgniter.php(933): App\Controllers\Artikel->admin_index()
 8 SYSTEMPATH\CodeIgniter.php(507): CodeIgniter\CodeIgniter->runController(Object(App\Controllers\Artikel))
 9 SYSTEMPATH\CodeIgniter.php(354): CodeIgniter\CodeIgniter->handleRequest(null, Object(Config\Cache), false)
10 SYSTEMPATH\Boot.php(334): CodeIgniter\CodeIgniter->run()
11 SYSTEMPATH\Boot.php(67): CodeIgniter\Boot::runCodeIgniter(Object(CodeIgniter\CodeIgniter))
12 FCPATH\index.php(56): CodeIgniter\Boot::bootWeb(Object(Config\Paths))
CRITICAL - 2025-06-23 13:38:52 --> [Caused by] mysqli_sql_exception: Unknown column 'artikel.id_kategori' in 'on clause'
in SYSTEMPATH\Database\MySQLi\Connection.php on line 327.
 1 SYSTEMPATH\Database\MySQLi\Connection.php(327): mysqli->query('SELECT COUNT(*) AS `numrows`
FROM `artikel`
JOIN `kategori` ON `kategori`.`id_kategori` = `artikel`.`id_kategori`', 0)
 2 SYSTEMPATH\Database\BaseConnection.php(738): CodeIgniter\Database\MySQLi\Connection->execute('SELECT COUNT(*) AS `numrows`
FROM `artikel`
JOIN `kategori` ON `kategori`.`id_kategori` = `artikel`.`id_kategori`')
 3 SYSTEMPATH\Database\BaseConnection.php(652): CodeIgniter\Database\BaseConnection->simpleQuery('SELECT COUNT(*) AS `numrows`
FROM `artikel`
JOIN `kategori` ON `kategori`.`id_kategori` = `artikel`.`id_kategori`')
 4 SYSTEMPATH\Database\BaseBuilder.php(1733): CodeIgniter\Database\BaseConnection->query('SELECT COUNT(*) AS `numrows`
FROM `artikel`
JOIN `kategori` ON `kategori`.`id_kategori` = `artikel`.`id_kategori`', [], false)
 5 SYSTEMPATH\Model.php(676): CodeIgniter\Database\BaseBuilder->countAllResults(false)
 6 SYSTEMPATH\BaseModel.php(1283): CodeIgniter\Model->countAllResults(false)
 7 APPPATH\Controllers\Artikel.php(82): CodeIgniter\BaseModel->paginate(10)
 8 SYSTEMPATH\CodeIgniter.php(933): App\Controllers\Artikel->admin_index()
 9 SYSTEMPATH\CodeIgniter.php(507): CodeIgniter\CodeIgniter->runController(Object(App\Controllers\Artikel))
10 SYSTEMPATH\CodeIgniter.php(354): CodeIgniter\CodeIgniter->handleRequest(null, Object(Config\Cache), false)
11 SYSTEMPATH\Boot.php(334): CodeIgniter\CodeIgniter->run()
12 SYSTEMPATH\Boot.php(67): CodeIgniter\Boot::runCodeIgniter(Object(CodeIgniter\CodeIgniter))
13 FCPATH\index.php(56): CodeIgniter\Boot::bootWeb(Object(Config\Paths))
DEBUG - 2025-06-23 13:39:26 --> Session: Class initialized using 'CodeIgniter\Session\Handlers\FileHandler' driver.
ERROR - 2025-06-23 13:39:26 --> mysqli_sql_exception: Unknown column 'artikel.id_kategori' in 'on clause' in C:\xampp\htdocs\lab7web\ci4\system\Database\MySQLi\Connection.php:327
Stack trace:
#0 C:\xampp\htdocs\lab7web\ci4\system\Database\MySQLi\Connection.php(327): mysqli->query('SELECT COUNT(*)...', 0)
#1 C:\xampp\htdocs\lab7web\ci4\system\Database\BaseConnection.php(738): CodeIgniter\Database\MySQLi\Connection->execute('SELECT COUNT(*)...')
#2 C:\xampp\htdocs\lab7web\ci4\system\Database\BaseConnection.php(652): CodeIgniter\Database\BaseConnection->simpleQuery('SELECT COUNT(*)...')
#3 C:\xampp\htdocs\lab7web\ci4\system\Database\BaseBuilder.php(1733): CodeIgniter\Database\BaseConnection->query('SELECT COUNT(*)...', Array, false)
#4 C:\xampp\htdocs\lab7web\ci4\system\Model.php(676): CodeIgniter\Database\BaseBuilder->countAllResults(false)
#5 C:\xampp\htdocs\lab7web\ci4\system\BaseModel.php(1283): CodeIgniter\Model->countAllResults(false)
#6 C:\xampp\htdocs\lab7web\ci4\app\Controllers\Artikel.php(82): CodeIgniter\BaseModel->paginate(10)
#7 C:\xampp\htdocs\lab7web\ci4\system\CodeIgniter.php(933): App\Controllers\Artikel->admin_index()
#8 C:\xampp\htdocs\lab7web\ci4\system\CodeIgniter.php(507): CodeIgniter\CodeIgniter->runController(Object(App\Controllers\Artikel))
#9 C:\xampp\htdocs\lab7web\ci4\system\CodeIgniter.php(354): CodeIgniter\CodeIgniter->handleRequest(NULL, Object(Config\Cache), false)
#10 C:\xampp\htdocs\lab7web\ci4\system\Boot.php(334): CodeIgniter\CodeIgniter->run()
#11 C:\xampp\htdocs\lab7web\ci4\system\Boot.php(67): CodeIgniter\Boot::runCodeIgniter(Object(CodeIgniter\CodeIgniter))
#12 C:\xampp\htdocs\lab7web\ci4\public\index.php(56): CodeIgniter\Boot::bootWeb(Object(Config\Paths))
#13 {main}
CRITICAL - 2025-06-23 13:39:26 --> CodeIgniter\Database\Exceptions\DatabaseException: Unknown column 'artikel.id_kategori' in 'on clause'
[Method: GET, Route: admin/artikel]
in SYSTEMPATH\Database\BaseConnection.php on line 692.
 1 SYSTEMPATH\Database\BaseBuilder.php(1733): CodeIgniter\Database\BaseConnection->query('SELECT COUNT(*) AS `numrows`
FROM `artikel`
JOIN `kategori` ON `kategori`.`id_kategori` = `artikel`.`id_kategori`', [], false)
 2 SYSTEMPATH\Model.php(676): CodeIgniter\Database\BaseBuilder->countAllResults(false)
 3 SYSTEMPATH\BaseModel.php(1283): CodeIgniter\Model->countAllResults(false)
 4 APPPATH\Controllers\Artikel.php(82): CodeIgniter\BaseModel->paginate(10)
 5 SYSTEMPATH\CodeIgniter.php(933): App\Controllers\Artikel->admin_index()
 6 SYSTEMPATH\CodeIgniter.php(507): CodeIgniter\CodeIgniter->runController(Object(App\Controllers\Artikel))
 7 SYSTEMPATH\CodeIgniter.php(354): CodeIgniter\CodeIgniter->handleRequest(null, Object(Config\Cache), false)
 8 SYSTEMPATH\Boot.php(334): CodeIgniter\CodeIgniter->run()
 9 SYSTEMPATH\Boot.php(67): CodeIgniter\Boot::runCodeIgniter(Object(CodeIgniter\CodeIgniter))
10 FCPATH\index.php(56): CodeIgniter\Boot::bootWeb(Object(Config\Paths))
CRITICAL - 2025-06-23 13:39:26 --> [Caused by] CodeIgniter\Database\Exceptions\DatabaseException: Unknown column 'artikel.id_kategori' in 'on clause'
in SYSTEMPATH\Database\MySQLi\Connection.php on line 332.
 1 SYSTEMPATH\Database\BaseConnection.php(738): CodeIgniter\Database\MySQLi\Connection->execute('SELECT COUNT(*) AS `numrows`
FROM `artikel`
JOIN `kategori` ON `kategori`.`id_kategori` = `artikel`.`id_kategori`')
 2 SYSTEMPATH\Database\BaseConnection.php(652): CodeIgniter\Database\BaseConnection->simpleQuery('SELECT COUNT(*) AS `numrows`
FROM `artikel`
JOIN `kategori` ON `kategori`.`id_kategori` = `artikel`.`id_kategori`')
 3 SYSTEMPATH\Database\BaseBuilder.php(1733): CodeIgniter\Database\BaseConnection->query('SELECT COUNT(*) AS `numrows`
FROM `artikel`
JOIN `kategori` ON `kategori`.`id_kategori` = `artikel`.`id_kategori`', [], false)
 4 SYSTEMPATH\Model.php(676): CodeIgniter\Database\BaseBuilder->countAllResults(false)
 5 SYSTEMPATH\BaseModel.php(1283): CodeIgniter\Model->countAllResults(false)
 6 APPPATH\Controllers\Artikel.php(82): CodeIgniter\BaseModel->paginate(10)
 7 SYSTEMPATH\CodeIgniter.php(933): App\Controllers\Artikel->admin_index()
 8 SYSTEMPATH\CodeIgniter.php(507): CodeIgniter\CodeIgniter->runController(Object(App\Controllers\Artikel))
 9 SYSTEMPATH\CodeIgniter.php(354): CodeIgniter\CodeIgniter->handleRequest(null, Object(Config\Cache), false)
10 SYSTEMPATH\Boot.php(334): CodeIgniter\CodeIgniter->run()
11 SYSTEMPATH\Boot.php(67): CodeIgniter\Boot::runCodeIgniter(Object(CodeIgniter\CodeIgniter))
12 FCPATH\index.php(56): CodeIgniter\Boot::bootWeb(Object(Config\Paths))
CRITICAL - 2025-06-23 13:39:26 --> [Caused by] mysqli_sql_exception: Unknown column 'artikel.id_kategori' in 'on clause'
in SYSTEMPATH\Database\MySQLi\Connection.php on line 327.
 1 SYSTEMPATH\Database\MySQLi\Connection.php(327): mysqli->query('SELECT COUNT(*) AS `numrows`
FROM `artikel`
JOIN `kategori` ON `kategori`.`id_kategori` = `artikel`.`id_kategori`', 0)
 2 SYSTEMPATH\Database\BaseConnection.php(738): CodeIgniter\Database\MySQLi\Connection->execute('SELECT COUNT(*) AS `numrows`
FROM `artikel`
JOIN `kategori` ON `kategori`.`id_kategori` = `artikel`.`id_kategori`')
 3 SYSTEMPATH\Database\BaseConnection.php(652): CodeIgniter\Database\BaseConnection->simpleQuery('SELECT COUNT(*) AS `numrows`
FROM `artikel`
JOIN `kategori` ON `kategori`.`id_kategori` = `artikel`.`id_kategori`')
 4 SYSTEMPATH\Database\BaseBuilder.php(1733): CodeIgniter\Database\BaseConnection->query('SELECT COUNT(*) AS `numrows`
FROM `artikel`
JOIN `kategori` ON `kategori`.`id_kategori` = `artikel`.`id_kategori`', [], false)
 5 SYSTEMPATH\Model.php(676): CodeIgniter\Database\BaseBuilder->countAllResults(false)
 6 SYSTEMPATH\BaseModel.php(1283): CodeIgniter\Model->countAllResults(false)
 7 APPPATH\Controllers\Artikel.php(82): CodeIgniter\BaseModel->paginate(10)
 8 SYSTEMPATH\CodeIgniter.php(933): App\Controllers\Artikel->admin_index()
 9 SYSTEMPATH\CodeIgniter.php(507): CodeIgniter\CodeIgniter->runController(Object(App\Controllers\Artikel))
10 SYSTEMPATH\CodeIgniter.php(354): CodeIgniter\CodeIgniter->handleRequest(null, Object(Config\Cache), false)
11 SYSTEMPATH\Boot.php(334): CodeIgniter\CodeIgniter->run()
12 SYSTEMPATH\Boot.php(67): CodeIgniter\Boot::runCodeIgniter(Object(CodeIgniter\CodeIgniter))
13 FCPATH\index.php(56): CodeIgniter\Boot::bootWeb(Object(Config\Paths))
DEBUG - 2025-06-23 13:39:28 --> Session: Class initialized using 'CodeIgniter\Session\Handlers\FileHandler' driver.
ERROR - 2025-06-23 13:39:28 --> mysqli_sql_exception: Unknown column 'artikel.id_kategori' in 'on clause' in C:\xampp\htdocs\lab7web\ci4\system\Database\MySQLi\Connection.php:327
Stack trace:
#0 C:\xampp\htdocs\lab7web\ci4\system\Database\MySQLi\Connection.php(327): mysqli->query('SELECT COUNT(*)...', 0)
#1 C:\xampp\htdocs\lab7web\ci4\system\Database\BaseConnection.php(738): CodeIgniter\Database\MySQLi\Connection->execute('SELECT COUNT(*)...')
#2 C:\xampp\htdocs\lab7web\ci4\system\Database\BaseConnection.php(652): CodeIgniter\Database\BaseConnection->simpleQuery('SELECT COUNT(*)...')
#3 C:\xampp\htdocs\lab7web\ci4\system\Database\BaseBuilder.php(1733): CodeIgniter\Database\BaseConnection->query('SELECT COUNT(*)...', Array, false)
#4 C:\xampp\htdocs\lab7web\ci4\system\Model.php(676): CodeIgniter\Database\BaseBuilder->countAllResults(false)
#5 C:\xampp\htdocs\lab7web\ci4\system\BaseModel.php(1283): CodeIgniter\Model->countAllResults(false)
#6 C:\xampp\htdocs\lab7web\ci4\app\Controllers\Artikel.php(82): CodeIgniter\BaseModel->paginate(10)
#7 C:\xampp\htdocs\lab7web\ci4\system\CodeIgniter.php(933): App\Controllers\Artikel->admin_index()
#8 C:\xampp\htdocs\lab7web\ci4\system\CodeIgniter.php(507): CodeIgniter\CodeIgniter->runController(Object(App\Controllers\Artikel))
#9 C:\xampp\htdocs\lab7web\ci4\system\CodeIgniter.php(354): CodeIgniter\CodeIgniter->handleRequest(NULL, Object(Config\Cache), false)
#10 C:\xampp\htdocs\lab7web\ci4\system\Boot.php(334): CodeIgniter\CodeIgniter->run()
#11 C:\xampp\htdocs\lab7web\ci4\system\Boot.php(67): CodeIgniter\Boot::runCodeIgniter(Object(CodeIgniter\CodeIgniter))
#12 C:\xampp\htdocs\lab7web\ci4\public\index.php(56): CodeIgniter\Boot::bootWeb(Object(Config\Paths))
#13 {main}
CRITICAL - 2025-06-23 13:39:28 --> CodeIgniter\Database\Exceptions\DatabaseException: Unknown column 'artikel.id_kategori' in 'on clause'
[Method: GET, Route: admin/artikel]
in SYSTEMPATH\Database\BaseConnection.php on line 692.
 1 SYSTEMPATH\Database\BaseBuilder.php(1733): CodeIgniter\Database\BaseConnection->query('SELECT COUNT(*) AS `numrows`
FROM `artikel`
JOIN `kategori` ON `kategori`.`id_kategori` = `artikel`.`id_kategori`', [], false)
 2 SYSTEMPATH\Model.php(676): CodeIgniter\Database\BaseBuilder->countAllResults(false)
 3 SYSTEMPATH\BaseModel.php(1283): CodeIgniter\Model->countAllResults(false)
 4 APPPATH\Controllers\Artikel.php(82): CodeIgniter\BaseModel->paginate(10)
 5 SYSTEMPATH\CodeIgniter.php(933): App\Controllers\Artikel->admin_index()
 6 SYSTEMPATH\CodeIgniter.php(507): CodeIgniter\CodeIgniter->runController(Object(App\Controllers\Artikel))
 7 SYSTEMPATH\CodeIgniter.php(354): CodeIgniter\CodeIgniter->handleRequest(null, Object(Config\Cache), false)
 8 SYSTEMPATH\Boot.php(334): CodeIgniter\CodeIgniter->run()
 9 SYSTEMPATH\Boot.php(67): CodeIgniter\Boot::runCodeIgniter(Object(CodeIgniter\CodeIgniter))
10 FCPATH\index.php(56): CodeIgniter\Boot::bootWeb(Object(Config\Paths))
CRITICAL - 2025-06-23 13:39:28 --> [Caused by] CodeIgniter\Database\Exceptions\DatabaseException: Unknown column 'artikel.id_kategori' in 'on clause'
in SYSTEMPATH\Database\MySQLi\Connection.php on line 332.
 1 SYSTEMPATH\Database\BaseConnection.php(738): CodeIgniter\Database\MySQLi\Connection->execute('SELECT COUNT(*) AS `numrows`
FROM `artikel`
JOIN `kategori` ON `kategori`.`id_kategori` = `artikel`.`id_kategori`')
 2 SYSTEMPATH\Database\BaseConnection.php(652): CodeIgniter\Database\BaseConnection->simpleQuery('SELECT COUNT(*) AS `numrows`
FROM `artikel`
JOIN `kategori` ON `kategori`.`id_kategori` = `artikel`.`id_kategori`')
 3 SYSTEMPATH\Database\BaseBuilder.php(1733): CodeIgniter\Database\BaseConnection->query('SELECT COUNT(*) AS `numrows`
FROM `artikel`
JOIN `kategori` ON `kategori`.`id_kategori` = `artikel`.`id_kategori`', [], false)
 4 SYSTEMPATH\Model.php(676): CodeIgniter\Database\BaseBuilder->countAllResults(false)
 5 SYSTEMPATH\BaseModel.php(1283): CodeIgniter\Model->countAllResults(false)
 6 APPPATH\Controllers\Artikel.php(82): CodeIgniter\BaseModel->paginate(10)
 7 SYSTEMPATH\CodeIgniter.php(933): App\Controllers\Artikel->admin_index()
 8 SYSTEMPATH\CodeIgniter.php(507): CodeIgniter\CodeIgniter->runController(Object(App\Controllers\Artikel))
 9 SYSTEMPATH\CodeIgniter.php(354): CodeIgniter\CodeIgniter->handleRequest(null, Object(Config\Cache), false)
10 SYSTEMPATH\Boot.php(334): CodeIgniter\CodeIgniter->run()
11 SYSTEMPATH\Boot.php(67): CodeIgniter\Boot::runCodeIgniter(Object(CodeIgniter\CodeIgniter))
12 FCPATH\index.php(56): CodeIgniter\Boot::bootWeb(Object(Config\Paths))
CRITICAL - 2025-06-23 13:39:28 --> [Caused by] mysqli_sql_exception: Unknown column 'artikel.id_kategori' in 'on clause'
in SYSTEMPATH\Database\MySQLi\Connection.php on line 327.
 1 SYSTEMPATH\Database\MySQLi\Connection.php(327): mysqli->query('SELECT COUNT(*) AS `numrows`
FROM `artikel`
JOIN `kategori` ON `kategori`.`id_kategori` = `artikel`.`id_kategori`', 0)
 2 SYSTEMPATH\Database\BaseConnection.php(738): CodeIgniter\Database\MySQLi\Connection->execute('SELECT COUNT(*) AS `numrows`
FROM `artikel`
JOIN `kategori` ON `kategori`.`id_kategori` = `artikel`.`id_kategori`')
 3 SYSTEMPATH\Database\BaseConnection.php(652): CodeIgniter\Database\BaseConnection->simpleQuery('SELECT COUNT(*) AS `numrows`
FROM `artikel`
JOIN `kategori` ON `kategori`.`id_kategori` = `artikel`.`id_kategori`')
 4 SYSTEMPATH\Database\BaseBuilder.php(1733): CodeIgniter\Database\BaseConnection->query('SELECT COUNT(*) AS `numrows`
FROM `artikel`
JOIN `kategori` ON `kategori`.`id_kategori` = `artikel`.`id_kategori`', [], false)
 5 SYSTEMPATH\Model.php(676): CodeIgniter\Database\BaseBuilder->countAllResults(false)
 6 SYSTEMPATH\BaseModel.php(1283): CodeIgniter\Model->countAllResults(false)
 7 APPPATH\Controllers\Artikel.php(82): CodeIgniter\BaseModel->paginate(10)
 8 SYSTEMPATH\CodeIgniter.php(933): App\Controllers\Artikel->admin_index()
 9 SYSTEMPATH\CodeIgniter.php(507): CodeIgniter\CodeIgniter->runController(Object(App\Controllers\Artikel))
10 SYSTEMPATH\CodeIgniter.php(354): CodeIgniter\CodeIgniter->handleRequest(null, Object(Config\Cache), false)
11 SYSTEMPATH\Boot.php(334): CodeIgniter\CodeIgniter->run()
12 SYSTEMPATH\Boot.php(67): CodeIgniter\Boot::runCodeIgniter(Object(CodeIgniter\CodeIgniter))
13 FCPATH\index.php(56): CodeIgniter\Boot::bootWeb(Object(Config\Paths))
DEBUG - 2025-06-23 13:41:16 --> Session: Class initialized using 'CodeIgniter\Session\Handlers\FileHandler' driver.
ERROR - 2025-06-23 13:41:16 --> mysqli_sql_exception: Unknown column 'artikel.id_kategori' in 'on clause' in C:\xampp\htdocs\lab7web\ci4\system\Database\MySQLi\Connection.php:327
Stack trace:
#0 C:\xampp\htdocs\lab7web\ci4\system\Database\MySQLi\Connection.php(327): mysqli->query('SELECT COUNT(*)...', 0)
#1 C:\xampp\htdocs\lab7web\ci4\system\Database\BaseConnection.php(738): CodeIgniter\Database\MySQLi\Connection->execute('SELECT COUNT(*)...')
#2 C:\xampp\htdocs\lab7web\ci4\system\Database\BaseConnection.php(652): CodeIgniter\Database\BaseConnection->simpleQuery('SELECT COUNT(*)...')
#3 C:\xampp\htdocs\lab7web\ci4\system\Database\BaseBuilder.php(1733): CodeIgniter\Database\BaseConnection->query('SELECT COUNT(*)...', Array, false)
#4 C:\xampp\htdocs\lab7web\ci4\system\Model.php(676): CodeIgniter\Database\BaseBuilder->countAllResults(false)
#5 C:\xampp\htdocs\lab7web\ci4\system\BaseModel.php(1283): CodeIgniter\Model->countAllResults(false)
#6 C:\xampp\htdocs\lab7web\ci4\app\Controllers\Artikel.php(82): CodeIgniter\BaseModel->paginate(10)
#7 C:\xampp\htdocs\lab7web\ci4\system\CodeIgniter.php(933): App\Controllers\Artikel->admin_index()
#8 C:\xampp\htdocs\lab7web\ci4\system\CodeIgniter.php(507): CodeIgniter\CodeIgniter->runController(Object(App\Controllers\Artikel))
#9 C:\xampp\htdocs\lab7web\ci4\system\CodeIgniter.php(354): CodeIgniter\CodeIgniter->handleRequest(NULL, Object(Config\Cache), false)
#10 C:\xampp\htdocs\lab7web\ci4\system\Boot.php(334): CodeIgniter\CodeIgniter->run()
#11 C:\xampp\htdocs\lab7web\ci4\system\Boot.php(67): CodeIgniter\Boot::runCodeIgniter(Object(CodeIgniter\CodeIgniter))
#12 C:\xampp\htdocs\lab7web\ci4\public\index.php(56): CodeIgniter\Boot::bootWeb(Object(Config\Paths))
#13 {main}
CRITICAL - 2025-06-23 13:41:16 --> CodeIgniter\Database\Exceptions\DatabaseException: Unknown column 'artikel.id_kategori' in 'on clause'
[Method: GET, Route: admin/artikel]
in SYSTEMPATH\Database\BaseConnection.php on line 692.
 1 SYSTEMPATH\Database\BaseBuilder.php(1733): CodeIgniter\Database\BaseConnection->query('SELECT COUNT(*) AS `numrows`
FROM `artikel`
JOIN `kategori` ON `kategori`.`id_kategori` = `artikel`.`id_kategori`', [], false)
 2 SYSTEMPATH\Model.php(676): CodeIgniter\Database\BaseBuilder->countAllResults(false)
 3 SYSTEMPATH\BaseModel.php(1283): CodeIgniter\Model->countAllResults(false)
 4 APPPATH\Controllers\Artikel.php(82): CodeIgniter\BaseModel->paginate(10)
 5 SYSTEMPATH\CodeIgniter.php(933): App\Controllers\Artikel->admin_index()
 6 SYSTEMPATH\CodeIgniter.php(507): CodeIgniter\CodeIgniter->runController(Object(App\Controllers\Artikel))
 7 SYSTEMPATH\CodeIgniter.php(354): CodeIgniter\CodeIgniter->handleRequest(null, Object(Config\Cache), false)
 8 SYSTEMPATH\Boot.php(334): CodeIgniter\CodeIgniter->run()
 9 SYSTEMPATH\Boot.php(67): CodeIgniter\Boot::runCodeIgniter(Object(CodeIgniter\CodeIgniter))
10 FCPATH\index.php(56): CodeIgniter\Boot::bootWeb(Object(Config\Paths))
CRITICAL - 2025-06-23 13:41:16 --> [Caused by] CodeIgniter\Database\Exceptions\DatabaseException: Unknown column 'artikel.id_kategori' in 'on clause'
in SYSTEMPATH\Database\MySQLi\Connection.php on line 332.
 1 SYSTEMPATH\Database\BaseConnection.php(738): CodeIgniter\Database\MySQLi\Connection->execute('SELECT COUNT(*) AS `numrows`
FROM `artikel`
JOIN `kategori` ON `kategori`.`id_kategori` = `artikel`.`id_kategori`')
 2 SYSTEMPATH\Database\BaseConnection.php(652): CodeIgniter\Database\BaseConnection->simpleQuery('SELECT COUNT(*) AS `numrows`
FROM `artikel`
JOIN `kategori` ON `kategori`.`id_kategori` = `artikel`.`id_kategori`')
 3 SYSTEMPATH\Database\BaseBuilder.php(1733): CodeIgniter\Database\BaseConnection->query('SELECT COUNT(*) AS `numrows`
FROM `artikel`
JOIN `kategori` ON `kategori`.`id_kategori` = `artikel`.`id_kategori`', [], false)
 4 SYSTEMPATH\Model.php(676): CodeIgniter\Database\BaseBuilder->countAllResults(false)
 5 SYSTEMPATH\BaseModel.php(1283): CodeIgniter\Model->countAllResults(false)
 6 APPPATH\Controllers\Artikel.php(82): CodeIgniter\BaseModel->paginate(10)
 7 SYSTEMPATH\CodeIgniter.php(933): App\Controllers\Artikel->admin_index()
 8 SYSTEMPATH\CodeIgniter.php(507): CodeIgniter\CodeIgniter->runController(Object(App\Controllers\Artikel))
 9 SYSTEMPATH\CodeIgniter.php(354): CodeIgniter\CodeIgniter->handleRequest(null, Object(Config\Cache), false)
10 SYSTEMPATH\Boot.php(334): CodeIgniter\CodeIgniter->run()
11 SYSTEMPATH\Boot.php(67): CodeIgniter\Boot::runCodeIgniter(Object(CodeIgniter\CodeIgniter))
12 FCPATH\index.php(56): CodeIgniter\Boot::bootWeb(Object(Config\Paths))
CRITICAL - 2025-06-23 13:41:16 --> [Caused by] mysqli_sql_exception: Unknown column 'artikel.id_kategori' in 'on clause'
in SYSTEMPATH\Database\MySQLi\Connection.php on line 327.
 1 SYSTEMPATH\Database\MySQLi\Connection.php(327): mysqli->query('SELECT COUNT(*) AS `numrows`
FROM `artikel`
JOIN `kategori` ON `kategori`.`id_kategori` = `artikel`.`id_kategori`', 0)
 2 SYSTEMPATH\Database\BaseConnection.php(738): CodeIgniter\Database\MySQLi\Connection->execute('SELECT COUNT(*) AS `numrows`
FROM `artikel`
JOIN `kategori` ON `kategori`.`id_kategori` = `artikel`.`id_kategori`')
 3 SYSTEMPATH\Database\BaseConnection.php(652): CodeIgniter\Database\BaseConnection->simpleQuery('SELECT COUNT(*) AS `numrows`
FROM `artikel`
JOIN `kategori` ON `kategori`.`id_kategori` = `artikel`.`id_kategori`')
 4 SYSTEMPATH\Database\BaseBuilder.php(1733): CodeIgniter\Database\BaseConnection->query('SELECT COUNT(*) AS `numrows`
FROM `artikel`
JOIN `kategori` ON `kategori`.`id_kategori` = `artikel`.`id_kategori`', [], false)
 5 SYSTEMPATH\Model.php(676): CodeIgniter\Database\BaseBuilder->countAllResults(false)
 6 SYSTEMPATH\BaseModel.php(1283): CodeIgniter\Model->countAllResults(false)
 7 APPPATH\Controllers\Artikel.php(82): CodeIgniter\BaseModel->paginate(10)
 8 SYSTEMPATH\CodeIgniter.php(933): App\Controllers\Artikel->admin_index()
 9 SYSTEMPATH\CodeIgniter.php(507): CodeIgniter\CodeIgniter->runController(Object(App\Controllers\Artikel))
10 SYSTEMPATH\CodeIgniter.php(354): CodeIgniter\CodeIgniter->handleRequest(null, Object(Config\Cache), false)
11 SYSTEMPATH\Boot.php(334): CodeIgniter\CodeIgniter->run()
12 SYSTEMPATH\Boot.php(67): CodeIgniter\Boot::runCodeIgniter(Object(CodeIgniter\CodeIgniter))
13 FCPATH\index.php(56): CodeIgniter\Boot::bootWeb(Object(Config\Paths))
DEBUG - 2025-06-23 13:41:18 --> Session: Class initialized using 'CodeIgniter\Session\Handlers\FileHandler' driver.
ERROR - 2025-06-23 13:41:18 --> mysqli_sql_exception: Unknown column 'artikel.id_kategori' in 'on clause' in C:\xampp\htdocs\lab7web\ci4\system\Database\MySQLi\Connection.php:327
Stack trace:
#0 C:\xampp\htdocs\lab7web\ci4\system\Database\MySQLi\Connection.php(327): mysqli->query('SELECT COUNT(*)...', 0)
#1 C:\xampp\htdocs\lab7web\ci4\system\Database\BaseConnection.php(738): CodeIgniter\Database\MySQLi\Connection->execute('SELECT COUNT(*)...')
#2 C:\xampp\htdocs\lab7web\ci4\system\Database\BaseConnection.php(652): CodeIgniter\Database\BaseConnection->simpleQuery('SELECT COUNT(*)...')
#3 C:\xampp\htdocs\lab7web\ci4\system\Database\BaseBuilder.php(1733): CodeIgniter\Database\BaseConnection->query('SELECT COUNT(*)...', Array, false)
#4 C:\xampp\htdocs\lab7web\ci4\system\Model.php(676): CodeIgniter\Database\BaseBuilder->countAllResults(false)
#5 C:\xampp\htdocs\lab7web\ci4\system\BaseModel.php(1283): CodeIgniter\Model->countAllResults(false)
#6 C:\xampp\htdocs\lab7web\ci4\app\Controllers\Artikel.php(82): CodeIgniter\BaseModel->paginate(10)
#7 C:\xampp\htdocs\lab7web\ci4\system\CodeIgniter.php(933): App\Controllers\Artikel->admin_index()
#8 C:\xampp\htdocs\lab7web\ci4\system\CodeIgniter.php(507): CodeIgniter\CodeIgniter->runController(Object(App\Controllers\Artikel))
#9 C:\xampp\htdocs\lab7web\ci4\system\CodeIgniter.php(354): CodeIgniter\CodeIgniter->handleRequest(NULL, Object(Config\Cache), false)
#10 C:\xampp\htdocs\lab7web\ci4\system\Boot.php(334): CodeIgniter\CodeIgniter->run()
#11 C:\xampp\htdocs\lab7web\ci4\system\Boot.php(67): CodeIgniter\Boot::runCodeIgniter(Object(CodeIgniter\CodeIgniter))
#12 C:\xampp\htdocs\lab7web\ci4\public\index.php(56): CodeIgniter\Boot::bootWeb(Object(Config\Paths))
#13 {main}
CRITICAL - 2025-06-23 13:41:18 --> CodeIgniter\Database\Exceptions\DatabaseException: Unknown column 'artikel.id_kategori' in 'on clause'
[Method: GET, Route: admin/artikel]
in SYSTEMPATH\Database\BaseConnection.php on line 692.
 1 SYSTEMPATH\Database\BaseBuilder.php(1733): CodeIgniter\Database\BaseConnection->query('SELECT COUNT(*) AS `numrows`
FROM `artikel`
JOIN `kategori` ON `kategori`.`id_kategori` = `artikel`.`id_kategori`', [], false)
 2 SYSTEMPATH\Model.php(676): CodeIgniter\Database\BaseBuilder->countAllResults(false)
 3 SYSTEMPATH\BaseModel.php(1283): CodeIgniter\Model->countAllResults(false)
 4 APPPATH\Controllers\Artikel.php(82): CodeIgniter\BaseModel->paginate(10)
 5 SYSTEMPATH\CodeIgniter.php(933): App\Controllers\Artikel->admin_index()
 6 SYSTEMPATH\CodeIgniter.php(507): CodeIgniter\CodeIgniter->runController(Object(App\Controllers\Artikel))
 7 SYSTEMPATH\CodeIgniter.php(354): CodeIgniter\CodeIgniter->handleRequest(null, Object(Config\Cache), false)
 8 SYSTEMPATH\Boot.php(334): CodeIgniter\CodeIgniter->run()
 9 SYSTEMPATH\Boot.php(67): CodeIgniter\Boot::runCodeIgniter(Object(CodeIgniter\CodeIgniter))
10 FCPATH\index.php(56): CodeIgniter\Boot::bootWeb(Object(Config\Paths))
CRITICAL - 2025-06-23 13:41:18 --> [Caused by] CodeIgniter\Database\Exceptions\DatabaseException: Unknown column 'artikel.id_kategori' in 'on clause'
in SYSTEMPATH\Database\MySQLi\Connection.php on line 332.
 1 SYSTEMPATH\Database\BaseConnection.php(738): CodeIgniter\Database\MySQLi\Connection->execute('SELECT COUNT(*) AS `numrows`
FROM `artikel`
JOIN `kategori` ON `kategori`.`id_kategori` = `artikel`.`id_kategori`')
 2 SYSTEMPATH\Database\BaseConnection.php(652): CodeIgniter\Database\BaseConnection->simpleQuery('SELECT COUNT(*) AS `numrows`
FROM `artikel`
JOIN `kategori` ON `kategori`.`id_kategori` = `artikel`.`id_kategori`')
 3 SYSTEMPATH\Database\BaseBuilder.php(1733): CodeIgniter\Database\BaseConnection->query('SELECT COUNT(*) AS `numrows`
FROM `artikel`
JOIN `kategori` ON `kategori`.`id_kategori` = `artikel`.`id_kategori`', [], false)
 4 SYSTEMPATH\Model.php(676): CodeIgniter\Database\BaseBuilder->countAllResults(false)
 5 SYSTEMPATH\BaseModel.php(1283): CodeIgniter\Model->countAllResults(false)
 6 APPPATH\Controllers\Artikel.php(82): CodeIgniter\BaseModel->paginate(10)
 7 SYSTEMPATH\CodeIgniter.php(933): App\Controllers\Artikel->admin_index()
 8 SYSTEMPATH\CodeIgniter.php(507): CodeIgniter\CodeIgniter->runController(Object(App\Controllers\Artikel))
 9 SYSTEMPATH\CodeIgniter.php(354): CodeIgniter\CodeIgniter->handleRequest(null, Object(Config\Cache), false)
10 SYSTEMPATH\Boot.php(334): CodeIgniter\CodeIgniter->run()
11 SYSTEMPATH\Boot.php(67): CodeIgniter\Boot::runCodeIgniter(Object(CodeIgniter\CodeIgniter))
12 FCPATH\index.php(56): CodeIgniter\Boot::bootWeb(Object(Config\Paths))
CRITICAL - 2025-06-23 13:41:18 --> [Caused by] mysqli_sql_exception: Unknown column 'artikel.id_kategori' in 'on clause'
in SYSTEMPATH\Database\MySQLi\Connection.php on line 327.
 1 SYSTEMPATH\Database\MySQLi\Connection.php(327): mysqli->query('SELECT COUNT(*) AS `numrows`
FROM `artikel`
JOIN `kategori` ON `kategori`.`id_kategori` = `artikel`.`id_kategori`', 0)
 2 SYSTEMPATH\Database\BaseConnection.php(738): CodeIgniter\Database\MySQLi\Connection->execute('SELECT COUNT(*) AS `numrows`
FROM `artikel`
JOIN `kategori` ON `kategori`.`id_kategori` = `artikel`.`id_kategori`')
 3 SYSTEMPATH\Database\BaseConnection.php(652): CodeIgniter\Database\BaseConnection->simpleQuery('SELECT COUNT(*) AS `numrows`
FROM `artikel`
JOIN `kategori` ON `kategori`.`id_kategori` = `artikel`.`id_kategori`')
 4 SYSTEMPATH\Database\BaseBuilder.php(1733): CodeIgniter\Database\BaseConnection->query('SELECT COUNT(*) AS `numrows`
FROM `artikel`
JOIN `kategori` ON `kategori`.`id_kategori` = `artikel`.`id_kategori`', [], false)
 5 SYSTEMPATH\Model.php(676): CodeIgniter\Database\BaseBuilder->countAllResults(false)
 6 SYSTEMPATH\BaseModel.php(1283): CodeIgniter\Model->countAllResults(false)
 7 APPPATH\Controllers\Artikel.php(82): CodeIgniter\BaseModel->paginate(10)
 8 SYSTEMPATH\CodeIgniter.php(933): App\Controllers\Artikel->admin_index()
 9 SYSTEMPATH\CodeIgniter.php(507): CodeIgniter\CodeIgniter->runController(Object(App\Controllers\Artikel))
10 SYSTEMPATH\CodeIgniter.php(354): CodeIgniter\CodeIgniter->handleRequest(null, Object(Config\Cache), false)
11 SYSTEMPATH\Boot.php(334): CodeIgniter\CodeIgniter->run()
12 SYSTEMPATH\Boot.php(67): CodeIgniter\Boot::runCodeIgniter(Object(CodeIgniter\CodeIgniter))
13 FCPATH\index.php(56): CodeIgniter\Boot::bootWeb(Object(Config\Paths))
DEBUG - 2025-06-23 13:41:20 --> Session: Class initialized using 'CodeIgniter\Session\Handlers\FileHandler' driver.
ERROR - 2025-06-23 13:41:20 --> mysqli_sql_exception: Unknown column 'artikel.id_kategori' in 'on clause' in C:\xampp\htdocs\lab7web\ci4\system\Database\MySQLi\Connection.php:327
Stack trace:
#0 C:\xampp\htdocs\lab7web\ci4\system\Database\MySQLi\Connection.php(327): mysqli->query('SELECT COUNT(*)...', 0)
#1 C:\xampp\htdocs\lab7web\ci4\system\Database\BaseConnection.php(738): CodeIgniter\Database\MySQLi\Connection->execute('SELECT COUNT(*)...')
#2 C:\xampp\htdocs\lab7web\ci4\system\Database\BaseConnection.php(652): CodeIgniter\Database\BaseConnection->simpleQuery('SELECT COUNT(*)...')
#3 C:\xampp\htdocs\lab7web\ci4\system\Database\BaseBuilder.php(1733): CodeIgniter\Database\BaseConnection->query('SELECT COUNT(*)...', Array, false)
#4 C:\xampp\htdocs\lab7web\ci4\system\Model.php(676): CodeIgniter\Database\BaseBuilder->countAllResults(false)
#5 C:\xampp\htdocs\lab7web\ci4\system\BaseModel.php(1283): CodeIgniter\Model->countAllResults(false)
#6 C:\xampp\htdocs\lab7web\ci4\app\Controllers\Artikel.php(82): CodeIgniter\BaseModel->paginate(10)
#7 C:\xampp\htdocs\lab7web\ci4\system\CodeIgniter.php(933): App\Controllers\Artikel->admin_index()
#8 C:\xampp\htdocs\lab7web\ci4\system\CodeIgniter.php(507): CodeIgniter\CodeIgniter->runController(Object(App\Controllers\Artikel))
#9 C:\xampp\htdocs\lab7web\ci4\system\CodeIgniter.php(354): CodeIgniter\CodeIgniter->handleRequest(NULL, Object(Config\Cache), false)
#10 C:\xampp\htdocs\lab7web\ci4\system\Boot.php(334): CodeIgniter\CodeIgniter->run()
#11 C:\xampp\htdocs\lab7web\ci4\system\Boot.php(67): CodeIgniter\Boot::runCodeIgniter(Object(CodeIgniter\CodeIgniter))
#12 C:\xampp\htdocs\lab7web\ci4\public\index.php(56): CodeIgniter\Boot::bootWeb(Object(Config\Paths))
#13 {main}
CRITICAL - 2025-06-23 13:41:20 --> CodeIgniter\Database\Exceptions\DatabaseException: Unknown column 'artikel.id_kategori' in 'on clause'
[Method: GET, Route: admin/artikel]
in SYSTEMPATH\Database\BaseConnection.php on line 692.
 1 SYSTEMPATH\Database\BaseBuilder.php(1733): CodeIgniter\Database\BaseConnection->query('SELECT COUNT(*) AS `numrows`
FROM `artikel`
JOIN `kategori` ON `kategori`.`id_kategori` = `artikel`.`id_kategori`', [], false)
 2 SYSTEMPATH\Model.php(676): CodeIgniter\Database\BaseBuilder->countAllResults(false)
 3 SYSTEMPATH\BaseModel.php(1283): CodeIgniter\Model->countAllResults(false)
 4 APPPATH\Controllers\Artikel.php(82): CodeIgniter\BaseModel->paginate(10)
 5 SYSTEMPATH\CodeIgniter.php(933): App\Controllers\Artikel->admin_index()
 6 SYSTEMPATH\CodeIgniter.php(507): CodeIgniter\CodeIgniter->runController(Object(App\Controllers\Artikel))
 7 SYSTEMPATH\CodeIgniter.php(354): CodeIgniter\CodeIgniter->handleRequest(null, Object(Config\Cache), false)
 8 SYSTEMPATH\Boot.php(334): CodeIgniter\CodeIgniter->run()
 9 SYSTEMPATH\Boot.php(67): CodeIgniter\Boot::runCodeIgniter(Object(CodeIgniter\CodeIgniter))
10 FCPATH\index.php(56): CodeIgniter\Boot::bootWeb(Object(Config\Paths))
CRITICAL - 2025-06-23 13:41:20 --> [Caused by] CodeIgniter\Database\Exceptions\DatabaseException: Unknown column 'artikel.id_kategori' in 'on clause'
in SYSTEMPATH\Database\MySQLi\Connection.php on line 332.
 1 SYSTEMPATH\Database\BaseConnection.php(738): CodeIgniter\Database\MySQLi\Connection->execute('SELECT COUNT(*) AS `numrows`
FROM `artikel`
JOIN `kategori` ON `kategori`.`id_kategori` = `artikel`.`id_kategori`')
 2 SYSTEMPATH\Database\BaseConnection.php(652): CodeIgniter\Database\BaseConnection->simpleQuery('SELECT COUNT(*) AS `numrows`
FROM `artikel`
JOIN `kategori` ON `kategori`.`id_kategori` = `artikel`.`id_kategori`')
 3 SYSTEMPATH\Database\BaseBuilder.php(1733): CodeIgniter\Database\BaseConnection->query('SELECT COUNT(*) AS `numrows`
FROM `artikel`
JOIN `kategori` ON `kategori`.`id_kategori` = `artikel`.`id_kategori`', [], false)
 4 SYSTEMPATH\Model.php(676): CodeIgniter\Database\BaseBuilder->countAllResults(false)
 5 SYSTEMPATH\BaseModel.php(1283): CodeIgniter\Model->countAllResults(false)
 6 APPPATH\Controllers\Artikel.php(82): CodeIgniter\BaseModel->paginate(10)
 7 SYSTEMPATH\CodeIgniter.php(933): App\Controllers\Artikel->admin_index()
 8 SYSTEMPATH\CodeIgniter.php(507): CodeIgniter\CodeIgniter->runController(Object(App\Controllers\Artikel))
 9 SYSTEMPATH\CodeIgniter.php(354): CodeIgniter\CodeIgniter->handleRequest(null, Object(Config\Cache), false)
10 SYSTEMPATH\Boot.php(334): CodeIgniter\CodeIgniter->run()
11 SYSTEMPATH\Boot.php(67): CodeIgniter\Boot::runCodeIgniter(Object(CodeIgniter\CodeIgniter))
12 FCPATH\index.php(56): CodeIgniter\Boot::bootWeb(Object(Config\Paths))
CRITICAL - 2025-06-23 13:41:20 --> [Caused by] mysqli_sql_exception: Unknown column 'artikel.id_kategori' in 'on clause'
in SYSTEMPATH\Database\MySQLi\Connection.php on line 327.
 1 SYSTEMPATH\Database\MySQLi\Connection.php(327): mysqli->query('SELECT COUNT(*) AS `numrows`
FROM `artikel`
JOIN `kategori` ON `kategori`.`id_kategori` = `artikel`.`id_kategori`', 0)
 2 SYSTEMPATH\Database\BaseConnection.php(738): CodeIgniter\Database\MySQLi\Connection->execute('SELECT COUNT(*) AS `numrows`
FROM `artikel`
JOIN `kategori` ON `kategori`.`id_kategori` = `artikel`.`id_kategori`')
 3 SYSTEMPATH\Database\BaseConnection.php(652): CodeIgniter\Database\BaseConnection->simpleQuery('SELECT COUNT(*) AS `numrows`
FROM `artikel`
JOIN `kategori` ON `kategori`.`id_kategori` = `artikel`.`id_kategori`')
 4 SYSTEMPATH\Database\BaseBuilder.php(1733): CodeIgniter\Database\BaseConnection->query('SELECT COUNT(*) AS `numrows`
FROM `artikel`
JOIN `kategori` ON `kategori`.`id_kategori` = `artikel`.`id_kategori`', [], false)
 5 SYSTEMPATH\Model.php(676): CodeIgniter\Database\BaseBuilder->countAllResults(false)
 6 SYSTEMPATH\BaseModel.php(1283): CodeIgniter\Model->countAllResults(false)
 7 APPPATH\Controllers\Artikel.php(82): CodeIgniter\BaseModel->paginate(10)
 8 SYSTEMPATH\CodeIgniter.php(933): App\Controllers\Artikel->admin_index()
 9 SYSTEMPATH\CodeIgniter.php(507): CodeIgniter\CodeIgniter->runController(Object(App\Controllers\Artikel))
10 SYSTEMPATH\CodeIgniter.php(354): CodeIgniter\CodeIgniter->handleRequest(null, Object(Config\Cache), false)
11 SYSTEMPATH\Boot.php(334): CodeIgniter\CodeIgniter->run()
12 SYSTEMPATH\Boot.php(67): CodeIgniter\Boot::runCodeIgniter(Object(CodeIgniter\CodeIgniter))
13 FCPATH\index.php(56): CodeIgniter\Boot::bootWeb(Object(Config\Paths))
DEBUG - 2025-06-23 13:44:17 --> Session: Class initialized using 'CodeIgniter\Session\Handlers\FileHandler' driver.
DEBUG - 2025-06-23 13:44:18 --> Session: Class initialized using 'CodeIgniter\Session\Handlers\FileHandler' driver.
DEBUG - 2025-06-23 13:44:49 --> Session: Class initialized using 'CodeIgniter\Session\Handlers\FileHandler' driver.
DEBUG - 2025-06-23 13:44:50 --> Session: Class initialized using 'CodeIgniter\Session\Handlers\FileHandler' driver.
DEBUG - 2025-06-23 13:44:51 --> Session: Class initialized using 'CodeIgniter\Session\Handlers\FileHandler' driver.
DEBUG - 2025-06-23 13:44:51 --> Session: Class initialized using 'CodeIgniter\Session\Handlers\FileHandler' driver.
DEBUG - 2025-06-23 13:44:53 --> Session: Class initialized using 'CodeIgniter\Session\Handlers\FileHandler' driver.
DEBUG - 2025-06-23 13:45:38 --> Session: Class initialized using 'CodeIgniter\Session\Handlers\FileHandler' driver.
CRITICAL - 2025-06-23 13:45:41 --> ErrorException: Undefined array key "nama_kategori"
[Method: GET, Route: artikel]
in APPPATH\Views\artikel\index.php on line 7.
 1 APPPATH\Views\artikel\index.php(7): CodeIgniter\Debug\Exceptions->errorHandler(2, 'Undefined array key "nama_kategori"', 'C:\\xampp\\htdocs\\lab7web\\ci4\\app\\Views\\artikel\\index.php', 7)
 2 SYSTEMPATH\View\View.php(224): include('C:\\xampp\\htdocs\\lab7web\\ci4\\app\\Views\\artikel\\index.php')
 3 SYSTEMPATH\View\View.php(227): CodeIgniter\View\View->CodeIgniter\View\{closure}()
 4 SYSTEMPATH\Common.php(1173): CodeIgniter\View\View->render('artikel/index', [], true)
 5 APPPATH\Controllers\Artikel.php(16): view('artikel/index', [...])
 6 SYSTEMPATH\CodeIgniter.php(933): App\Controllers\Artikel->index()
 7 SYSTEMPATH\CodeIgniter.php(507): CodeIgniter\CodeIgniter->runController(Object(App\Controllers\Artikel))
 8 SYSTEMPATH\CodeIgniter.php(354): CodeIgniter\CodeIgniter->handleRequest(null, Object(Config\Cache), false)
 9 SYSTEMPATH\Boot.php(334): CodeIgniter\CodeIgniter->run()
10 SYSTEMPATH\Boot.php(67): CodeIgniter\Boot::runCodeIgniter(Object(CodeIgniter\CodeIgniter))
11 FCPATH\index.php(56): CodeIgniter\Boot::bootWeb(Object(Config\Paths))
DEBUG - 2025-06-23 13:46:27 --> Session: Class initialized using 'CodeIgniter\Session\Handlers\FileHandler' driver.
DEBUG - 2025-06-23 13:46:35 --> Session: Class initialized using 'CodeIgniter\Session\Handlers\FileHandler' driver.
DEBUG - 2025-06-23 13:47:26 --> Session: Class initialized using 'CodeIgniter\Session\Handlers\FileHandler' driver.
DEBUG - 2025-06-23 13:47:37 --> Session: Class initialized using 'CodeIgniter\Session\Handlers\FileHandler' driver.
DEBUG - 2025-06-23 13:47:38 --> Session: Class initialized using 'CodeIgniter\Session\Handlers\FileHandler' driver.
DEBUG - 2025-06-23 13:47:48 --> Session: Class initialized using 'CodeIgniter\Session\Handlers\FileHandler' driver.
DEBUG - 2025-06-23 13:47:49 --> Session: Class initialized using 'CodeIgniter\Session\Handlers\FileHandler' driver.
DEBUG - 2025-06-23 13:47:50 --> Session: Class initialized using 'CodeIgniter\Session\Handlers\FileHandler' driver.
DEBUG - 2025-06-23 13:48:00 --> Session: Class initialized using 'CodeIgniter\Session\Handlers\FileHandler' driver.
DEBUG - 2025-06-23 13:48:01 --> Session: Class initialized using 'CodeIgniter\Session\Handlers\FileHandler' driver.
DEBUG - 2025-06-23 13:48:07 --> Session: Class initialized using 'CodeIgniter\Session\Handlers\FileHandler' driver.
DEBUG - 2025-06-23 13:48:08 --> Session: Class initialized using 'CodeIgniter\Session\Handlers\FileHandler' driver.
DEBUG - 2025-06-23 13:59:30 --> Session: Class initialized using 'CodeIgniter\Session\Handlers\FileHandler' driver.
DEBUG - 2025-06-23 13:59:31 --> Session: Class initialized using 'CodeIgniter\Session\Handlers\FileHandler' driver.
